id,user_id,ai_mode,chapter,BLEU,ROUGE-1,ROUGE-2,ROUGE-L,METEOR,BERTScore_Precision,BERTScore_Recall,BERTScore_F1,SBERT_ModernBERT,SBERT_MiniLM
5,EHN0215,ask,Verantwortliche Stelle und Kontaktdaten,0.23530734462471764,0.5739130434782608,0.40707964601769914,0.5739130434782608,0.5690486947213335,0.8567025065422058,0.8886516690254211,0.872384668916151,0.9763693809509277,0.7532773017883301
5,EHN0215,ask,Zwecke und Rechtsgrundlagen der Verarbeitung,0.10872970297190661,0.4461538461538462,0.3023255813953488,0.34615384615384615,0.4368757870214387,0.863341212272644,0.9203138947486877,0.8909176560378477,0.9787672162055969,0.8219516277313232
5,EHN0215,ask,Kategorien personenbezogener Daten und Datenquellen,0.07475941116267837,0.44843049327354256,0.3167420814479638,0.43049327354260086,0.4070829750644883,0.8576750755310059,0.9005440473556519,0.8785869449157925,0.9705086350440979,0.8187893629074097
5,EHN0215,ask,Betroffene Personen und Empfänger,0.023583188827855286,0.2633451957295374,0.12186379928315412,0.21352313167259784,0.2722141741161698,0.8072516322135925,0.8898780345916748,0.8465534601694981,0.9586290121078491,0.6786384582519531
5,EHN0215,ask,Aufbewahrungsfristen und Löschung,0.0,0.08148148148148149,0.03731343283582089,0.06666666666666668,0.17118106976225742,0.7373113632202148,0.860194206237793,0.7940266061801535,0.9048578143119812,0.3833208978176117
5,EHN0215,ask,Technische und organisatorische Maßnahmen,0.13758685192484302,0.48275862068965525,0.2956521739130435,0.37931034482758624,0.453328988118381,0.8693256378173828,0.9014152884483337,0.8850796962390846,0.9750888347625732,0.8226413726806641
7,RIT1851,ask,Verantwortliche Stelle und Kontaktdaten,0.14111414410727843,0.5166666666666667,0.30508474576271183,0.35000000000000003,0.41923688642817003,0.8460661768913269,0.8722304701805115,0.8589491232859248,0.9748104214668274,0.5488260388374329
7,RIT1851,ask,Zwecke und Rechtsgrundlagen der Verarbeitung,0.08094169117951923,0.4050632911392405,0.24680851063829787,0.3375527426160337,0.3762328952716435,0.8782736659049988,0.9119495153427124,0.8947948527871348,0.9826748371124268,0.7514474391937256
7,RIT1851,ask,Kategorien personenbezogener Daten und Datenquellen,0.06485632623922057,0.38222222222222224,0.17040358744394618,0.31111111111111106,0.3532903871369594,0.8649642467498779,0.8913792371749878,0.8779731043594967,0.9779587984085083,0.8309431076049805
7,RIT1851,ask,Betroffene Personen und Empfänger,0.0,0.44848484848484854,0.2208588957055215,0.30303030303030304,0.32409102000976087,0.8339135646820068,0.8904081583023071,0.8612353848059389,0.9681320190429688,0.6140984296798706
7,RIT1851,ask,Aufbewahrungsfristen und Löschung,0.0,0.09722222222222222,0.014084507042253521,0.06944444444444445,0.125,0.7817604541778564,0.8683533072471619,0.8227848185135348,0.934985876083374,0.3330981433391571
7,RIT1851,ask,Technische und organisatorische Maßnahmen,0.0491483665042024,0.37007874015748027,0.19047619047619047,0.28346456692913385,0.32751024593624584,0.8658520579338074,0.9088395833969116,0.8868251873050605,0.9781439304351807,0.704472005367279
9,IAR1116,ask,Verantwortliche Stelle und Kontaktdaten,0.2778570991982706,0.7272727272727273,0.537037037037037,0.6363636363636364,0.6790118897615696,0.8710578680038452,0.9011991620063782,0.885872204100778,0.9782079458236694,0.8361859321594238
9,IAR1116,ask,Zwecke und Rechtsgrundlagen der Verarbeitung,0.10511155062671751,0.4198473282442748,0.2692307692307693,0.3435114503816794,0.4520822663820337,0.8503882884979248,0.9082737565040588,0.878378387110977,0.9771382212638855,0.7194634675979614
9,IAR1116,ask,Kategorien personenbezogener Daten und Datenquellen,0.13405780499400152,0.44311377245508987,0.2787878787878788,0.40718562874251496,0.31273439904961353,0.8796895146369934,0.888022780418396,0.8838365053837842,0.981635332107544,0.7669830322265625
9,IAR1116,ask,Betroffene Personen und Empfänger,0.1258741661998058,0.45333333333333337,0.28378378378378377,0.4133333333333333,0.4043478260869565,0.8517333269119263,0.8985175490379333,0.874500166629544,0.9746701717376709,0.6502401232719421
9,IAR1116,ask,Aufbewahrungsfristen und Löschung,0.0,0.15929203539823006,0.0,0.08849557522123894,0.20904605263157894,0.794406533241272,0.8800510764122009,0.8350385469985687,0.9440641403198242,0.5128728151321411
9,IAR1116,ask,Technische und organisatorische Maßnahmen,0.0,0.23104693140794225,0.03636363636363636,0.12274368231046932,0.20839733843476485,0.8226114511489868,0.8746258616447449,0.8478216261646092,0.9677091240882874,0.6836098432540894
13,TIL1618,ask,Verantwortliche Stelle und Kontaktdaten,0.1309960986785976,0.5333333333333333,0.2954545454545454,0.5111111111111111,0.3019751337740006,0.8267285823822021,0.8500539064407349,0.8382290078822638,0.9636735916137695,0.579755425453186
13,TIL1618,ask,Zwecke und Rechtsgrundlagen der Verarbeitung,0.09666640385798556,0.4257028112449799,0.23481781376518218,0.31325301204819284,0.4100438487108984,0.875593900680542,0.9163259267807007,0.8954969750642819,0.9829385876655579,0.7944788932800293
13,TIL1618,ask,Kategorien personenbezogener Daten und Datenquellen,0.07974730095023976,0.38095238095238093,0.2096069868995633,0.3203463203463203,0.3398764696841621,0.8607949018478394,0.9034297466278076,0.8815971602560192,0.9807583689689636,0.8437288403511047
13,TIL1618,ask,Betroffene Personen und Empfänger,0.039480373977012095,0.2843601895734597,0.1626794258373206,0.24644549763033174,0.2519763706028014,0.8105052709579468,0.8811095952987671,0.8443339976806493,0.9606703519821167,0.5959259271621704
13,TIL1618,ask,Aufbewahrungsfristen und Löschung,0.0,0.1282051282051282,0.02631578947368421,0.07692307692307693,0.10040160642570282,0.804881751537323,0.8821308612823486,0.8417376696755718,0.9488096833229065,0.5486729741096497
13,TIL1618,ask,Technische und organisatorische Maßnahmen,0.0,0.23824451410658307,0.06940063091482651,0.13793103448275865,0.21584811179981636,0.8322678208351135,0.8846580386161804,0.8576636130562525,0.9707387089729309,0.6129002571105957
16,NOC2416,ask,Verantwortliche Stelle und Kontaktdaten,0.21398486219713622,0.6407766990291262,0.43564356435643564,0.6407766990291262,0.5020778448202602,0.8704137802124023,0.8912829160690308,0.8807247397941942,0.9807549715042114,0.758875846862793
16,NOC2416,ask,Zwecke und Rechtsgrundlagen der Verarbeitung,0.1482858375141118,0.5252525252525253,0.3469387755102041,0.45454545454545453,0.49881220163035106,0.8872367739677429,0.9214823842048645,0.904035382315563,0.985062301158905,0.7735245227813721
16,NOC2416,ask,Kategorien personenbezogener Daten und Datenquellen,0.20973254570117103,0.45070422535211263,0.28571428571428575,0.352112676056338,0.3321329639889197,0.8943325877189636,0.8710831999778748,0.8825548041247114,0.970966100692749,0.7246434092521667
16,NOC2416,ask,Betroffene Personen und Empfänger,0.1506630324721145,0.5161290322580646,0.3076923076923077,0.4731182795698925,0.33458480565371024,0.8956429362297058,0.8710122108459473,0.883155872616474,0.9740827083587646,0.7771438360214233
16,NOC2416,ask,Aufbewahrungsfristen und Löschung,0.0,0.22222222222222224,0.0,0.18518518518518517,0.1715686274509804,0.8471957445144653,0.8870996236801147,0.8666886159357564,0.9557446241378784,0.6015536189079285
16,NOC2416,ask,Technische und organisatorische Maßnahmen,0.2616632212540722,0.6049382716049382,0.45,0.580246913580247,0.5103739848960233,0.9108006358146667,0.9172899723052979,0.9140337861713445,0.982478141784668,0.8517566323280334
19,NUG0102,ask,Verantwortliche Stelle und Kontaktdaten,0.20474993795129745,0.6000000000000001,0.4285714285714286,0.6000000000000001,0.46623292475598294,0.866208016872406,0.8864424824714661,0.8762084455520522,0.9769530892372131,0.764590322971344
19,NUG0102,ask,Zwecke und Rechtsgrundlagen der Verarbeitung,0.07823815722464887,0.36303630363036304,0.2059800664451827,0.2772277227722772,0.38178374655647385,0.8548181653022766,0.9124538898468018,0.8826961958338364,0.9784571528434753,0.7628499865531921
19,NUG0102,ask,Kategorien personenbezogener Daten und Datenquellen,0.1357426635440281,0.4509803921568627,0.32673267326732675,0.38235294117647056,0.39764470835355104,0.8554856777191162,0.8907943964004517,0.8727830766748508,0.9718784689903259,0.8134942650794983
19,NUG0102,ask,Betroffene Personen und Empfänger,0.07510174920208901,0.3870967741935483,0.25,0.34408602150537637,0.42473216459702945,0.8287808895111084,0.891321063041687,0.8589140456138198,0.9639713764190674,0.622854471206665
19,NUG0102,ask,Aufbewahrungsfristen und Löschung,0.0,0.18333333333333335,0.05084745762711864,0.15,0.2560129264674719,0.7846875786781311,0.8875958323478699,0.8329753436979126,0.9379681348800659,0.2712615132331848
19,NUG0102,ask,Technische und organisatorische Maßnahmen,0.013765947367362846,0.24533333333333338,0.09115281501340482,0.14400000000000002,0.25488770677739014,0.8202639818191528,0.89217609167099,0.8547101002446942,0.9629431366920471,0.7208741903305054
23,IHL0436,ask,Verantwortliche Stelle und Kontaktdaten,0.12139561700173253,0.4778761061946903,0.27027027027027023,0.4424778761061947,0.35546152992331564,0.8386120200157166,0.8687105774879456,0.8533959935414293,0.9686986207962036,0.6319152116775513
23,IHL0436,ask,Zwecke und Rechtsgrundlagen der Verarbeitung,0.06982574172173205,0.2517482517482517,0.1267605633802817,0.2027972027972028,0.26534613304488913,0.848113477230072,0.8898277282714844,0.8684699877891104,0.9688729047775269,0.6200892925262451
23,IHL0436,ask,Kategorien personenbezogener Daten und Datenquellen,0.07119681509351491,0.34375000000000006,0.15789473684210525,0.2708333333333333,0.27111757675810977,0.8550503253936768,0.864421010017395,0.8597101337729518,0.975039541721344,0.7487815618515015
23,IHL0436,ask,Betroffene Personen und Empfänger,0.052191487991952695,0.36756756756756753,0.17486338797814208,0.2810810810810811,0.35525256911275144,0.8304526209831238,0.8925376534461975,0.8603765727882835,0.9702273607254028,0.47305700182914734
23,IHL0436,ask,Aufbewahrungsfristen und Löschung,0.0,0.20202020202020202,0.12371134020618557,0.1414141414141414,0.2093012965175451,0.7978076338768005,0.8831782937049866,0.8383251438704781,0.9392309188842773,0.5194709897041321
23,IHL0436,ask,Technische und organisatorische Maßnahmen,0.03442469295032466,0.3404255319148936,0.15450643776824033,0.2808510638297872,0.26065997798202345,0.848808228969574,0.8950952887535095,0.8713374783461154,0.9730656743049622,0.7547557353973389
27,AAL1220,ask,Verantwortliche Stelle und Kontaktdaten,0.2179489433039257,0.5964912280701755,0.3392857142857143,0.543859649122807,0.5714163237311386,0.8605575561523438,0.8966795802116394,0.8782473033722686,0.9777936935424805,0.5955770611763
27,AAL1220,ask,Zwecke und Rechtsgrundlagen der Verarbeitung,0.08739054764251618,0.3460207612456747,0.19512195121951217,0.2698961937716263,0.37867976938202785,0.8562633395195007,0.9069071412086487,0.8808579157299672,0.9737887382507324,0.7070675492286682
27,AAL1220,ask,Kategorien personenbezogener Daten und Datenquellen,0.06303011403085888,0.4210526315789474,0.18584070796460175,0.3245614035087719,0.3481954361719758,0.8572719097137451,0.8868222236633301,0.8717967301276238,0.9733744859695435,0.7829549312591553
27,AAL1220,ask,Betroffene Personen und Empfänger,0.028396718367181693,0.26976744186046514,0.11267605633802814,0.213953488372093,0.23742216687422166,0.8065633177757263,0.8755015730857849,0.8396197522965565,0.9654403328895569,0.524681806564331
27,AAL1220,ask,Aufbewahrungsfristen und Löschung,0.0,0.2,0.07692307692307691,0.175,0.25062258252530073,0.8458582758903503,0.8960025906562805,0.870208661416666,0.9585599899291992,0.6257867217063904
27,AAL1220,ask,Technische und organisatorische Maßnahmen,0.0,0.19205298013245034,0.04666666666666667,0.10596026490066224,0.18029903254177662,0.8071190714836121,0.8643260598182678,0.8347435806238418,0.9603049159049988,0.6570472121238708
29,IOL1223,ask,Verantwortliche Stelle und Kontaktdaten,0.2911793704392513,0.6956521739130436,0.6017699115044248,0.6956521739130436,0.7079983657781246,0.8756818175315857,0.9119539260864258,0.8934498813322794,0.9794461727142334,0.8759818077087402
29,IOL1223,ask,Zwecke und Rechtsgrundlagen der Verarbeitung,0.1428696394763996,0.48366013071895425,0.25165562913907286,0.3790849673202615,0.4167153131275394,0.8875730037689209,0.9025382399559021,0.8949930675672756,0.9880562424659729,0.8376069664955139
29,IOL1223,ask,Kategorien personenbezogener Daten und Datenquellen,0.05980805758347943,0.40384615384615385,0.27450980392156865,0.3846153846153846,0.23609653725078697,0.8970980048179626,0.8217536807060242,0.857774517280076,0.9595271348953247,0.5783805251121521
29,IOL1223,ask,Betroffene Personen und Empfänger,0.23143624182065065,0.5645161290322579,0.4262295081967213,0.532258064516129,0.5353550448907333,0.89513099193573,0.9071165323257446,0.9010839082326165,0.9846057891845703,0.815354585647583
29,IOL1223,ask,Aufbewahrungsfristen und Löschung,0.11309869135698404,0.42105263157894735,0.2545454545454546,0.42105263157894735,0.568019293866906,0.8726744651794434,0.9182189702987671,0.8948675928438234,0.965896487236023,0.7781379222869873
29,IOL1223,ask,Technische und organisatorische Maßnahmen,0.24344257289761795,0.6666666666666666,0.5133689839572192,0.634920634920635,0.6148198200799686,0.915962815284729,0.9316698312759399,0.9237495593725286,0.9832799434661865,0.8032483458518982
30,IOL1223,ask,Verantwortliche Stelle und Kontaktdaten,0.2911793704392513,0.6956521739130436,0.6017699115044248,0.6956521739130436,0.7079983657781246,0.8756818175315857,0.9119539260864258,0.8934498813322794,0.9794461727142334,0.8759818077087402
30,IOL1223,ask,Zwecke und Rechtsgrundlagen der Verarbeitung,0.1428696394763996,0.48366013071895425,0.25165562913907286,0.3790849673202615,0.4167153131275394,0.8875730037689209,0.9025382399559021,0.8949930675672756,0.9880562424659729,0.8376069664955139
30,IOL1223,ask,Kategorien personenbezogener Daten und Datenquellen,0.05980805758347943,0.40384615384615385,0.27450980392156865,0.3846153846153846,0.23609653725078697,0.8970980048179626,0.8217536807060242,0.857774517280076,0.9595271348953247,0.5783805251121521
30,IOL1223,ask,Betroffene Personen und Empfänger,0.23143624182065065,0.5645161290322579,0.4262295081967213,0.532258064516129,0.5353550448907333,0.89513099193573,0.9071165323257446,0.9010839082326165,0.9846057891845703,0.815354585647583
30,IOL1223,ask,Aufbewahrungsfristen und Löschung,0.11309869135698404,0.42105263157894735,0.2545454545454546,0.42105263157894735,0.568019293866906,0.8726744651794434,0.9182189702987671,0.8948675928438234,0.965896487236023,0.7781379222869873
30,IOL1223,ask,Technische und organisatorische Maßnahmen,0.24344257289761795,0.6666666666666666,0.5133689839572192,0.634920634920635,0.6148198200799686,0.915962815284729,0.9316698312759399,0.9237495593725286,0.9832799434661865,0.8032483458518982
32,thg1620,ask,Verantwortliche Stelle und Kontaktdaten,0.26014081056057203,0.6371681415929205,0.4864864864864864,0.6371681415929205,0.6179614375927831,0.8709270358085632,0.9098331332206726,0.8899550737685988,0.9796208143234253,0.852848470211029
32,thg1620,ask,Zwecke und Rechtsgrundlagen der Verarbeitung,0.0,0.17475728155339806,0.03960396039603961,0.0970873786407767,0.10072639729867747,0.8674505949020386,0.8189038634300232,0.8424784480986902,0.9512900710105896,0.5997986197471619
32,thg1620,ask,Kategorien personenbezogener Daten und Datenquellen,0.0,0.058823529411764705,0.02,0.058823529411764705,0.02114164904862579,0.801426112651825,0.762390673160553,0.7814211985142049,0.9269973039627075,0.39902058243751526
32,thg1620,ask,Betroffene Personen und Empfänger,0.0,0.3053435114503817,0.1395348837209302,0.2595419847328244,0.2086731919521479,0.8030980825424194,0.8267466425895691,0.8147507957953443,0.9459428787231445,0.6301637291908264
32,thg1620,ask,Aufbewahrungsfristen und Löschung,0.0,0.12121212121212122,0.0,0.06060606060606061,0.05649717514124294,0.8722665309906006,0.8673232197761536,0.869787851794697,0.9615224599838257,0.3001624643802643
32,thg1620,ask,Technische und organisatorische Maßnahmen,0.0,0.1509433962264151,0.05769230769230768,0.09433962264150943,0.06341254469606675,0.8817504644393921,0.801160991191864,0.8395261363399202,0.9476035833358765,0.5177500247955322
38,NAN277,ask,Verantwortliche Stelle und Kontaktdaten,0.23909422939497277,0.6034482758620688,0.45614035087719296,0.5862068965517242,0.5935202688510817,0.8530217409133911,0.8861905336380005,0.8692898536262224,0.9755554795265198,0.8940808773040771
38,NAN277,ask,Zwecke und Rechtsgrundlagen der Verarbeitung,0.14021462517774677,0.457516339869281,0.27814569536423844,0.36601307189542487,0.36487111139888917,0.9124950170516968,0.9053035974502563,0.9088850822110103,0.9884979724884033,0.8591499328613281
38,NAN277,ask,Kategorien personenbezogener Daten und Datenquellen,0.08482230501280844,0.43165467625899284,0.2773722627737226,0.37410071942446044,0.31313769342359765,0.8678389191627502,0.8801848292350769,0.873968275965293,0.9795728921890259,0.83826744556427
38,NAN277,ask,Betroffene Personen und Empfänger,0.07487562314220757,0.4599999999999999,0.22448979591836735,0.4,0.2844523316573006,0.8773082494735718,0.8712770342826843,0.8742822404533257,0.9729483723640442,0.7934620380401611
38,NAN277,ask,Aufbewahrungsfristen und Löschung,0.0,0.10714285714285714,0.0,0.07142857142857142,0.11146496815286625,0.7759740948677063,0.8809331655502319,0.8251292418193134,0.9379752278327942,0.3677693009376526
38,NAN277,ask,Technische und organisatorische Maßnahmen,0.048986255469672446,0.25806451612903225,0.08130081300813008,0.16129032258064516,0.2473370514011429,0.8285114169120789,0.869415283203125,0.8484706532063649,0.9738245010375977,0.6053435802459717
39,EII0925,ask,Verantwortliche Stelle und Kontaktdaten,0.27612423312958095,0.7766990291262137,0.6732673267326733,0.7766990291262137,0.6294268360240581,0.8971778154373169,0.9230858683586121,0.909947465532016,0.9829866886138916,0.8425062298774719
39,EII0925,ask,Zwecke und Rechtsgrundlagen der Verarbeitung,0.11365041216739259,0.43478260869565216,0.2536585365853659,0.36714975845410625,0.367632183908046,0.8673439621925354,0.8977152705192566,0.8822683173715952,0.9786454439163208,0.7325699329376221
39,EII0925,ask,Kategorien personenbezogener Daten und Datenquellen,0.07140704525091159,0.3818181818181817,0.20370370370370372,0.32727272727272727,0.27644628099173557,0.8773754835128784,0.8322972655296326,0.8542420953711424,0.9695359468460083,0.6234755516052246
39,EII0925,ask,Betroffene Personen und Empfänger,0.1990638965113828,0.6078431372549019,0.38,0.5490196078431373,0.40179656046091905,0.891923725605011,0.8830381631851196,0.8874587035740041,0.9732468128204346,0.8367547988891602
39,EII0925,ask,Aufbewahrungsfristen und Löschung,0.0,0.26666666666666666,0.13953488372093023,0.26666666666666666,0.2634593356242841,0.8635063767433167,0.8733417987823486,0.8683962397539943,0.963188111782074,0.6502087116241455
39,EII0925,ask,Technische und organisatorische Maßnahmen,0.16873471326180123,0.5550239234449761,0.36714975845410625,0.45933014354066987,0.5140625051851954,0.9010411500930786,0.9273258447647095,0.9139945623912555,0.9864557385444641,0.8185851573944092
43,AHR0531,ask,Verantwortliche Stelle und Kontaktdaten,0.3107627874695266,0.7524752475247524,0.6262626262626263,0.7524752475247524,0.6267764373084963,0.89338618516922,0.9266840815544128,0.9097305434995594,0.9844501614570618,0.8811432123184204
43,AHR0531,ask,Zwecke und Rechtsgrundlagen der Verarbeitung,0.11442500823914842,0.41836734693877553,0.21649484536082475,0.3163265306122449,0.3868383053471478,0.8580837249755859,0.8865270614624023,0.8720735296432351,0.9722610712051392,0.7766981720924377
43,AHR0531,ask,Kategorien personenbezogener Daten und Datenquellen,0.18062466706476124,0.4426229508196721,0.31666666666666665,0.36065573770491804,0.29453370408637347,0.8866602182388306,0.8687490224838257,0.8776132425430019,0.9815875291824341,0.6742736101150513
43,AHR0531,ask,Betroffene Personen und Empfänger,0.23913516530030182,0.5773195876288659,0.4,0.5567010309278351,0.44724809279715055,0.9085440635681152,0.8713786005973816,0.8895733175735684,0.9802932143211365,0.8523586392402649
43,AHR0531,ask,Aufbewahrungsfristen und Löschung,0.29456425448249246,0.5789473684210527,0.3888888888888889,0.5789473684210527,0.629827688651218,0.9304326772689819,0.9349687099456787,0.9326951785496637,0.9815355539321899,0.6705832481384277
43,AHR0531,ask,Technische und organisatorische Maßnahmen,0.1820128057856667,0.5680473372781064,0.3592814371257485,0.4615384615384615,0.43148422745292064,0.8920555710792542,0.9056369662284851,0.8987949655833023,0.9781548380851746,0.8333128690719604
49,MIN0453,ask,Verantwortliche Stelle und Kontaktdaten,0.20701180033185032,0.6153846153846154,0.4,0.5641025641025641,0.5504833530795515,0.8570815920829773,0.8940986394882202,0.8751988762735547,0.9800601005554199,0.769696831703186
49,MIN0453,ask,Zwecke und Rechtsgrundlagen der Verarbeitung,0.07940510560805088,0.3695652173913044,0.20437956204379562,0.28985507246376807,0.40563614408706694,0.8564979434013367,0.911303699016571,0.883051271469751,0.9793128967285156,0.7615209817886353
49,MIN0453,ask,Kategorien personenbezogener Daten und Datenquellen,0.10472455058321795,0.441025641025641,0.22797927461139897,0.36923076923076925,0.4125560538116593,0.8672388195991516,0.9040801525115967,0.8852763580495955,0.9802889823913574,0.8291717767715454
49,MIN0453,ask,Betroffene Personen und Empfänger,0.0,0.32608695652173914,0.14285714285714285,0.25,0.2713743667523034,0.8320297002792358,0.8835116624832153,0.8569982160563138,0.9685611128807068,0.6032732725143433
49,MIN0453,ask,Aufbewahrungsfristen und Löschung,0.0,0.16296296296296295,0.07518796992481204,0.13333333333333333,0.2632594678049224,0.7800019979476929,0.8892536759376526,0.8310526119695445,0.9383326768875122,0.2922452688217163
49,MIN0453,ask,Technische und organisatorische Maßnahmen,0.03061979239868913,0.22082018927444794,0.09523809523809523,0.15772870662460567,0.2075601208625947,0.8166514039039612,0.8839231729507446,0.8489567114058342,0.960574746131897,0.6400480270385742
50,ENB1054,ask,Verantwortliche Stelle und Kontaktdaten,0.14329231078669766,0.5454545454545455,0.33333333333333326,0.5454545454545455,0.45790369489060745,0.8481993675231934,0.8809146285057068,0.8642475076327829,0.9755470752716064,0.737174391746521
50,ENB1054,ask,Zwecke und Rechtsgrundlagen der Verarbeitung,0.07404059704815251,0.3618421052631579,0.2185430463576159,0.3092105263157895,0.3810445834574521,0.8456426858901978,0.9059451222419739,0.8747558790772507,0.9726490378379822,0.6597881317138672
50,ENB1054,ask,Kategorien personenbezogener Daten und Datenquellen,0.06461030154449549,0.3371647509578544,0.16988416988416988,0.2758620689655173,0.31911291027607236,0.8585776090621948,0.8960805535316467,0.8769282992888173,0.9779810905456543,0.7640495300292969
50,ENB1054,ask,Betroffene Personen und Empfänger,0.0,0.2608695652173913,0.0989010989010989,0.1847826086956522,0.18152083333333333,0.8062655925750732,0.8661171197891235,0.8351203676806715,0.9607666730880737,0.533729076385498
50,ENB1054,ask,Aufbewahrungsfristen und Löschung,0.0,0.10869565217391303,0.02197802197802198,0.08695652173913045,0.18927969918922094,0.7646028995513916,0.8733741044998169,0.8153769815351852,0.9303006529808044,0.3651597499847412
50,ENB1054,ask,Technische und organisatorische Maßnahmen,0.0,0.21428571428571427,0.05228758169934641,0.11688311688311688,0.21023608403725363,0.8183872699737549,0.8727865815162659,0.8447120053180857,0.9639753103256226,0.7180596590042114
51,NOL0906,ask,Verantwortliche Stelle und Kontaktdaten,0.12506042995287442,0.5405405405405406,0.3302752293577982,0.46846846846846857,0.45603433098591545,0.853773832321167,0.8829399943351746,0.8681120068290197,0.9738816022872925,0.6261790990829468
51,NOL0906,ask,Zwecke und Rechtsgrundlagen der Verarbeitung,0.09286622235680031,0.34101382488479265,0.19534883720930232,0.24884792626728106,0.35375212714532184,0.8594781756401062,0.8838000297546387,0.8714694359781597,0.9754769206047058,0.766581654548645
51,NOL0906,ask,Kategorien personenbezogener Daten und Datenquellen,0.06665953551508942,0.31428571428571433,0.15384615384615383,0.24761904761904763,0.315136684303351,0.8442384600639343,0.8817931413650513,0.8626072467556717,0.9759829044342041,0.8256305456161499
51,NOL0906,ask,Betroffene Personen und Empfänger,0.20976235619419034,0.613861386138614,0.36363636363636365,0.4950495049504951,0.4255993150684932,0.8905925750732422,0.8838317394256592,0.8871992773260073,0.9822796583175659,0.8600099086761475
51,NOL0906,ask,Aufbewahrungsfristen und Löschung,0.0,0.22950819672131145,0.06779661016949154,0.19672131147540983,0.24405103211009177,0.8424606919288635,0.8906204104423523,0.8658714080958456,0.9588124752044678,0.6163350343704224
51,NOL0906,ask,Technische und organisatorische Maßnahmen,0.08860560136023315,0.4615384615384615,0.20359281437125748,0.2840236686390532,0.3388053290506552,0.8748084902763367,0.8917492628097534,0.8831976480144199,0.9778528809547424,0.7954727411270142
57,OAZ2611,ask,Verantwortliche Stelle und Kontaktdaten,0.30138245683602494,0.7115384615384616,0.5294117647058824,0.673076923076923,0.6703400497015544,0.8838836550712585,0.9159157276153564,0.8996146446649553,0.9846231937408447,0.8922144174575806
57,OAZ2611,ask,Zwecke und Rechtsgrundlagen der Verarbeitung,0.04275896771879312,0.20952380952380953,0.07766990291262135,0.1904761904761905,0.14249636601230414,0.8520392775535583,0.8169455528259277,0.8341234575177375,0.9553539752960205,0.5019047260284424
57,OAZ2611,ask,Kategorien personenbezogener Daten und Datenquellen,0.0,0.1616161616161616,0.06185567010309278,0.0808080808080808,0.05252100840336134,0.8600233197212219,0.7931803464889526,0.825250522567296,0.9513453245162964,0.39658811688423157
57,OAZ2611,ask,Betroffene Personen und Empfänger,0.0,0.29545454545454547,0.06976744186046512,0.1818181818181818,0.1867005605058925,0.8603929281234741,0.8215641379356384,0.840530342353981,0.9665957093238831,0.7109204530715942
57,OAZ2611,ask,Aufbewahrungsfristen und Löschung,0.0,0.12903225806451615,0.0,0.06451612903225808,0.08426966292134831,0.8555773496627808,0.8489344120025635,0.8522429361813796,0.9467506408691406,0.34178638458251953
57,OAZ2611,ask,Technische und organisatorische Maßnahmen,0.0,0.07476635514018691,0.019047619047619046,0.056074766355140186,0.03558718861209964,0.8629673719406128,0.7995544075965881,0.8300515209361464,0.9449354410171509,0.4798315167427063
59,PVV2109,ask,Verantwortliche Stelle und Kontaktdaten,0.0,0.1686746987951807,0.024691358024691357,0.14457831325301204,0.14084929125835358,0.8313578963279724,0.8254048824310303,0.8283706943135234,0.9707975387573242,0.5194936394691467
59,PVV2109,ask,Zwecke und Rechtsgrundlagen der Verarbeitung,0.07008851459756987,0.3278688524590164,0.16528925619834708,0.2459016393442623,0.3078477233705311,0.8486607670783997,0.8804944753646851,0.8642845923024546,0.977212131023407,0.7266138792037964
59,PVV2109,ask,Kategorien personenbezogener Daten und Datenquellen,0.030421345727061816,0.18285714285714286,0.06936416184971098,0.16,0.15077343039126478,0.833285927772522,0.8395643830299377,0.8364133734144721,0.9686381816864014,0.6938541531562805
59,PVV2109,ask,Betroffene Personen und Empfänger,0.0,0.18579234972677594,0.06629834254143646,0.13114754098360656,0.18919472713612456,0.8171440958976746,0.8437751531600952,0.830246124320697,0.9662643074989319,0.467345654964447
59,PVV2109,ask,Aufbewahrungsfristen und Löschung,0.0,0.2280701754385965,0.125,0.19298245614035087,0.3886449916226592,0.8211695551872253,0.8966963887214661,0.8572726844901418,0.9510866403579712,0.4736837148666382
59,PVV2109,ask,Technische und organisatorische Maßnahmen,0.0,0.222972972972973,0.03401360544217687,0.10135135135135136,0.1954821894005213,0.8239318132400513,0.8697189688682556,0.8462064725490317,0.9684156179428101,0.6697624921798706
62,NIL1922,ask,Verantwortliche Stelle und Kontaktdaten,0.36604461920788484,0.8703703703703702,0.7547169811320755,0.8703703703703702,0.7351662745007129,0.9018065929412842,0.9334666728973389,0.917363550789941,0.985885500907898,0.7935274839401245
62,NIL1922,ask,Zwecke und Rechtsgrundlagen der Verarbeitung,0.14166656199790462,0.4431818181818182,0.2758620689655172,0.3636363636363636,0.4038797074414436,0.8795756101608276,0.8930534720420837,0.886263302869297,0.9813679456710815,0.8130332231521606
62,NIL1922,ask,Kategorien personenbezogener Daten und Datenquellen,0.17003333302085594,0.4689655172413793,0.29370629370629375,0.4,0.33574382965344146,0.8803757429122925,0.8754650950431824,0.8779135520505157,0.977222740650177,0.7844439744949341
62,NIL1922,ask,Betroffene Personen und Empfänger,0.22018183572971195,0.5818181818181818,0.3518518518518519,0.5454545454545455,0.4794155290102389,0.8938876986503601,0.8983389139175415,0.8961077787136046,0.9829257726669312,0.8592487573623657
62,NIL1922,ask,Aufbewahrungsfristen und Löschung,0.0,0.3243243243243243,0.22857142857142856,0.3243243243243243,0.30405405405405406,0.874810516834259,0.8667889833450317,0.8707812771285793,0.9586796760559082,0.5294800996780396
62,NIL1922,ask,Technische und organisatorische Maßnahmen,0.07858089768960883,0.31683168316831684,0.18000000000000002,0.25742574257425743,0.3070320771131009,0.860923171043396,0.8867914080619812,0.8736658493443017,0.9795379638671875,0.7498518228530884
65,aea2442,ask,Verantwortliche Stelle und Kontaktdaten,0.14300666222001499,0.5656565656565656,0.3917525773195876,0.5656565656565656,0.3925328819440982,0.8550676703453064,0.8728705048561096,0.8638773768783085,0.979470431804657,0.7733131051063538
65,aea2442,ask,Zwecke und Rechtsgrundlagen der Verarbeitung,0.1609941162393802,0.42857142857142855,0.32727272727272727,0.42857142857142855,0.34845980465815174,0.9167732000350952,0.8956881165504456,0.9061080127109071,0.9840264320373535,0.712989091873169
65,aea2442,ask,Kategorien personenbezogener Daten und Datenquellen,0.0,0.20454545454545453,0.06976744186046512,0.18181818181818182,0.0950192248199054,0.8697365522384644,0.7886932492256165,0.8272347093011357,0.9362412095069885,0.5963555574417114
65,aea2442,ask,Betroffene Personen und Empfänger,0.13426096745328692,0.47191011235955055,0.2988505747126437,0.47191011235955055,0.3565233868264171,0.8858160972595215,0.8535727858543396,0.8693955920183184,0.9668014645576477,0.7616939544677734
65,aea2442,ask,Aufbewahrungsfristen und Löschung,0.0,0.2,0.052631578947368425,0.2,0.16269329896907217,0.854278564453125,0.8733212947845459,0.8636949789334855,0.9580450057983398,0.4638131558895111
65,aea2442,ask,Technische und organisatorische Maßnahmen,0.0,0.38961038961038963,0.15789473684210528,0.25974025974025977,0.23317766876347332,0.8687276840209961,0.8883026838302612,0.878406141809868,0.974758505821228,0.7078292369842529
71,IHB1316,ask,Verantwortliche Stelle und Kontaktdaten,0.31093432818169087,0.8155339805825242,0.7326732673267327,0.8155339805825242,0.7013303118049435,0.9006728529930115,0.9217061996459961,0.9110681460636278,0.9819083213806152,0.9209316968917847
71,IHB1316,ask,Zwecke und Rechtsgrundlagen der Verarbeitung,0.10173712760763241,0.3466666666666667,0.1891891891891892,0.26666666666666666,0.23134347105223496,0.8884816765785217,0.8821955919265747,0.8853274761321628,0.9831416010856628,0.7965083718299866
71,IHB1316,ask,Kategorien personenbezogener Daten und Datenquellen,0.09092260694376991,0.3333333333333333,0.22033898305084748,0.31666666666666665,0.24434672987954573,0.8804774880409241,0.8368744254112244,0.8581224222245556,0.9634333848953247,0.6165134906768799
71,IHB1316,ask,Betroffene Personen und Empfänger,0.14766106897740894,0.5161290322580646,0.3076923076923077,0.4516129032258065,0.3209149073988394,0.8888540863990784,0.8582499623298645,0.8732839772465206,0.967440664768219,0.7890198230743408
71,IHB1316,ask,Aufbewahrungsfristen und Löschung,0.31751444361869974,0.5945945945945946,0.45714285714285713,0.5945945945945946,0.6909154194222068,0.9328328967094421,0.9366409778594971,0.9347330587916373,0.9829366207122803,0.7264264822006226
71,IHB1316,ask,Technische und organisatorische Maßnahmen,0.1697535590263439,0.4834123222748815,0.30622009569377995,0.4360189573459715,0.42204027323380283,0.8924767971038818,0.914462685585022,0.9033359849854438,0.9828499555587769,0.8193849325180054
75,DAB1519,ask,Verantwortliche Stelle und Kontaktdaten,0.1773265381591558,0.6915887850467289,0.5523809523809524,0.6542056074766354,0.5361305361305362,0.874136745929718,0.9034187197685242,0.8885365493787758,0.9816112518310547,0.8215084671974182
75,DAB1519,ask,Zwecke und Rechtsgrundlagen der Verarbeitung,0.029145764974919046,0.18691588785046728,0.0761904761904762,0.16822429906542055,0.12489328505401982,0.8668151497840881,0.8261101245880127,0.8459732774070644,0.9550924897193909,0.5987848043441772
75,DAB1519,ask,Kategorien personenbezogener Daten und Datenquellen,0.0,0.08602150537634408,0.021978021978021976,0.08602150537634408,0.03961661341853035,0.8648315668106079,0.7801072597503662,0.8202875059381194,0.9366351962089539,0.39062532782554626
75,DAB1519,ask,Betroffene Personen und Empfänger,0.0,0.23255813953488372,0.07142857142857142,0.18604651162790697,0.12312551072240994,0.8714261054992676,0.8157468438148499,0.8426677246904408,0.9633753299713135,0.7075373530387878
75,DAB1519,ask,Aufbewahrungsfristen und Löschung,0.0,0.11428571428571428,0.0,0.11428571428571428,0.05494505494505494,0.8177024126052856,0.8355903625488281,0.8265496174350737,0.9396345019340515,0.22595086693763733
75,DAB1519,ask,Technische und organisatorische Maßnahmen,0.0,0.10526315789473684,0.017857142857142856,0.08771929824561403,0.04645760743321719,0.8527926802635193,0.8127180337905884,0.8322732294500954,0.963693380355835,0.3976333439350128
76,SAP2842,ask,Verantwortliche Stelle und Kontaktdaten,0.1494229367749655,0.5744680851063829,0.34782608695652173,0.5531914893617021,0.43705697997559695,0.8352547287940979,0.8515793085098267,0.843338026914482,0.9612356424331665,0.5658285617828369
76,SAP2842,ask,Zwecke und Rechtsgrundlagen der Verarbeitung,0.05656330617192825,0.29850746268656714,0.14414414414414414,0.23283582089552238,0.3143106722727294,0.8342114090919495,0.8960412740707397,0.8640216092377694,0.9713262319564819,0.6735714673995972
76,SAP2842,ask,Kategorien personenbezogener Daten und Datenquellen,0.05933124058240101,0.36018957345971564,0.15311004784688995,0.30331753554502366,0.33429830945954603,0.8647397756576538,0.8890923261642456,0.8767469792205752,0.977834939956665,0.8423954248428345
76,SAP2842,ask,Betroffene Personen und Empfänger,0.0,0.2360248447204969,0.11320754716981132,0.21118012422360247,0.16778634361233488,0.8228768110275269,0.8474063277244568,0.8349614510549045,0.96396803855896,0.5733711123466492
76,SAP2842,ask,Aufbewahrungsfristen und Löschung,0.0,0.08163265306122448,0.027586206896551724,0.05442176870748299,0.08955223880597014,0.7528163194656372,0.8459591865539551,0.7966745535465921,0.9219751954078674,0.3341519832611084
76,SAP2842,ask,Technische und organisatorische Maßnahmen,0.0,0.21649484536082478,0.06735751295336788,0.11855670103092784,0.20103310348748976,0.8129317760467529,0.8696776032447815,0.840347816070706,0.9611040353775024,0.6615215539932251
79,ANN1112,ask,Verantwortliche Stelle und Kontaktdaten,0.2934094519364422,0.5454545454545454,0.372093023255814,0.5227272727272727,0.39121966610339687,0.8679262399673462,0.8735349178314209,0.8707215470392005,0.9747763872146606,0.5591996908187866
79,ANN1112,ask,Zwecke und Rechtsgrundlagen der Verarbeitung,0.13419671196119404,0.4636363636363636,0.3302752293577982,0.3818181818181819,0.4915103693299182,0.8737961649894714,0.9111990928649902,0.8921057570139848,0.9780187606811523,0.8319284319877625
79,ANN1112,ask,Kategorien personenbezogener Daten und Datenquellen,0.11241754712163324,0.5512820512820513,0.2727272727272727,0.423076923076923,0.358509565865711,0.8959453701972961,0.9072605967521667,0.9015674816090725,0.9855761528015137,0.7939323782920837
79,ANN1112,ask,Betroffene Personen und Empfänger,0.03437962746550508,0.27884615384615385,0.1359223300970874,0.2019230769230769,0.2584671188186813,0.829744279384613,0.8716053366661072,0.850159820364919,0.9701915979385376,0.5605884194374084
79,ANN1112,ask,Aufbewahrungsfristen und Löschung,0.0,0.20689655172413793,0.07142857142857142,0.20689655172413793,0.22319262493934983,0.799210250377655,0.8664862513542175,0.8314896419288662,0.9405336380004883,0.4661903381347656
79,ANN1112,ask,Technische und organisatorische Maßnahmen,0.06570629229379005,0.4467005076142132,0.1641025641025641,0.27411167512690354,0.2897295167891887,0.8603230118751526,0.8963835835456848,0.8779831833063984,0.9721127152442932,0.7763036489486694
81,AEB2451,ask,Verantwortliche Stelle und Kontaktdaten,0.12664123054274337,0.5454545454545455,0.3148148148148148,0.5090909090909091,0.42863564944134075,0.846756637096405,0.877680778503418,0.8619414282323523,0.9763522148132324,0.6206583976745605
81,AEB2451,ask,Zwecke und Rechtsgrundlagen der Verarbeitung,0.1169561014099216,0.4774774774774775,0.2909090909090909,0.34234234234234234,0.4748567624775814,0.8861306309700012,0.9159817695617676,0.9008089652779442,0.9851019382476807,0.7864617109298706
81,AEB2451,ask,Kategorien personenbezogener Daten und Datenquellen,0.07494633225961969,0.42727272727272725,0.2018348623853211,0.3545454545454546,0.3498778508810612,0.8572468161582947,0.8990364670753479,0.8776444624486196,0.9770330190658569,0.8438947200775146
81,AEB2451,ask,Betroffene Personen und Empfänger,0.02295128189117266,0.30651340996168586,0.15444015444015446,0.25287356321839083,0.29976415094339626,0.8143537044525146,0.8963679075241089,0.8533948725896868,0.9633550643920898,0.6126601696014404
81,AEB2451,ask,Aufbewahrungsfristen und Löschung,0.0,0.07499999999999998,0.012578616352201259,0.049999999999999996,0.09819967266775778,0.7432276606559753,0.8784063458442688,0.8051827858940516,0.9171479344367981,0.41768157482147217
81,AEB2451,ask,Technische und organisatorische Maßnahmen,0.047692514418882656,0.2611940298507463,0.11278195488721804,0.19402985074626863,0.22641847999823075,0.8397583961486816,0.8822980523109436,0.8605027994250618,0.9724467396736145,0.7385016679763794
86,CTL2527,ask,Verantwortliche Stelle und Kontaktdaten,0.24646042480239527,0.6,0.462962962962963,0.6,0.5250143707932009,0.8706142902374268,0.8901947140693665,0.8802956337308417,0.978196382522583,0.778557300567627
86,CTL2527,ask,Zwecke und Rechtsgrundlagen der Verarbeitung,0.059269409079371504,0.27012987012987016,0.1723237597911227,0.21818181818181814,0.29548622198018765,0.8420668840408325,0.9076535105705261,0.8736309707410256,0.9734473824501038,0.7808794975280762
86,CTL2527,ask,Kategorien personenbezogener Daten und Datenquellen,0.06038442886844804,0.39057239057239057,0.23728813559322032,0.3434343434343434,0.40239125525091474,0.8462997674942017,0.9087492823600769,0.8764134614194535,0.9735682606697083,0.7430460453033447
86,CTL2527,ask,Betroffene Personen und Empfänger,0.026879335119858266,0.25210084033613445,0.11016949152542371,0.19327731092436978,0.25952743902439024,0.801706075668335,0.8812465071678162,0.8395966543125364,0.9610908627510071,0.605955183506012
86,CTL2527,ask,Aufbewahrungsfristen und Löschung,0.0,0.11000000000000001,0.020202020202020204,0.08,0.1960408684546616,0.7534648776054382,0.850577712059021,0.7990815653398906,0.9183424115180969,0.32635781168937683
86,CTL2527,ask,Technische und organisatorische Maßnahmen,0.025234146833908483,0.26053639846743293,0.06177606177606178,0.14559386973180077,0.24951893282533433,0.8470863103866577,0.8906289935112,0.8683121180374096,0.9744662046432495,0.7226799726486206
90,VAG2434,ask,Verantwortliche Stelle und Kontaktdaten,0.1675420501426484,0.5904761904761905,0.34951456310679613,0.49523809523809526,0.44516925246826516,0.8561788201332092,0.8845111131668091,0.8701143917460055,0.9735393524169922,0.684651255607605
90,VAG2434,ask,Zwecke und Rechtsgrundlagen der Verarbeitung,0.13741226584498797,0.33333333333333337,0.2112676056338028,0.2916666666666667,0.26938775510204077,0.8840706944465637,0.8738985657691956,0.8789552006394098,0.9822908639907837,0.7659890055656433
90,VAG2434,ask,Kategorien personenbezogener Daten und Datenquellen,0.089371588330885,0.3,0.1864406779661017,0.2833333333333333,0.2154428680981595,0.8607595562934875,0.8212196826934814,0.8405248689281785,0.9612883925437927,0.5587607026100159
90,VAG2434,ask,Betroffene Personen und Empfänger,0.06925585296797147,0.419047619047619,0.1941747572815534,0.38095238095238093,0.2721500274543483,0.8738678693771362,0.8715255260467529,0.8726951259825305,0.9751379489898682,0.7737705111503601
90,VAG2434,ask,Aufbewahrungsfristen und Löschung,0.0,0.14634146341463414,0.049999999999999996,0.0975609756097561,0.14830508474576273,0.7993506193161011,0.8654546141624451,0.8310902295462333,0.9471133351325989,0.3059159517288208
90,VAG2434,ask,Technische und organisatorische Maßnahmen,0.0,0.22448979591836735,0.061855670103092786,0.163265306122449,0.1801198481037152,0.8495163321495056,0.8721930384635925,0.8607053473816842,0.9755756855010986,0.6965126991271973
92,UOR0445,ask,Verantwortliche Stelle und Kontaktdaten,0.061808169242910015,0.42201834862385323,0.22429906542056074,0.3853211009174312,0.3442175913665254,0.8343808054924011,0.8517642021179199,0.8429828963049526,0.9691076874732971,0.5760544538497925
92,UOR0445,ask,Zwecke und Rechtsgrundlagen der Verarbeitung,0.16246486105755412,0.5,0.3076923076923077,0.43478260869565216,0.3824115595416044,0.896728515625,0.9113685488700867,0.9039892625939319,0.9839044809341431,0.7531152963638306
92,UOR0445,ask,Kategorien personenbezogener Daten und Datenquellen,0.0,0.3333333333333333,0.14084507042253522,0.25,0.181075065568396,0.8689807057380676,0.851050078868866,0.8599219325285605,0.9652230739593506,0.6517593264579773
92,UOR0445,ask,Betroffene Personen und Empfänger,0.04584345788588947,0.3278688524590164,0.13333333333333333,0.27868852459016397,0.24841402337228713,0.8490968346595764,0.8565946817398071,0.8528292787512399,0.97458815574646,0.6978575587272644
92,UOR0445,ask,Aufbewahrungsfristen und Löschung,0.0,0.21875,0.1290322580645161,0.18750000000000003,0.33129422169811323,0.794173538684845,0.8487832546234131,0.8205708192038158,0.9295232892036438,0.5611611604690552
92,UOR0445,ask,Technische und organisatorische Maßnahmen,0.12170665077062277,0.44651162790697674,0.2629107981220657,0.29767441860465116,0.39439401633256405,0.8773508667945862,0.9061062932014465,0.8914967621090343,0.9795184135437012,0.7662848234176636
95,ARN2026,ask,Verantwortliche Stelle und Kontaktdaten,0.1699611679312406,0.631578947368421,0.4946236559139785,0.6105263157894736,0.41468191554696743,0.8692424893379211,0.8769936561584473,0.8731008698666511,0.9789175391197205,0.863269567489624
95,ARN2026,ask,Zwecke und Rechtsgrundlagen der Verarbeitung,0.12962099311077385,0.4661016949152542,0.2905982905982906,0.3813559322033898,0.42612615389267594,0.877693235874176,0.9212356805801392,0.8989374934111412,0.9840524792671204,0.751230001449585
95,ARN2026,ask,Kategorien personenbezogener Daten und Datenquellen,0.118034089195496,0.49645390070921985,0.302158273381295,0.45390070921985815,0.3729920956756039,0.8745194673538208,0.8934603333473206,0.8838884409321878,0.9803118705749512,0.8391808867454529
95,ARN2026,ask,Betroffene Personen und Empfänger,0.1427482626617232,0.5379310344827586,0.3496503496503497,0.4413793103448276,0.3794239214673212,0.8682495951652527,0.9036321640014648,0.8855876037027949,0.9797742366790771,0.7650187015533447
95,ARN2026,ask,Aufbewahrungsfristen und Löschung,0.0,0.26829268292682923,0.07500000000000001,0.1951219512195122,0.2263374485596708,0.8023055195808411,0.8777602910995483,0.8383385007196297,0.9413564205169678,0.5022521018981934
95,ARN2026,ask,Technische und organisatorische Maßnahmen,0.10696359653728434,0.4,0.17977528089887637,0.3444444444444445,0.3220638558884297,0.8896558880805969,0.892580509185791,0.891115799005226,0.9795815944671631,0.7610201835632324
97,EHJ2314,ask,Verantwortliche Stelle und Kontaktdaten,0.16673675358992163,0.6597938144329897,0.4842105263157895,0.6391752577319587,0.5210431812209863,0.8699564933776855,0.8796718716621399,0.8747872086273147,0.9787827134132385,0.8827911019325256
97,EHJ2314,ask,Zwecke und Rechtsgrundlagen der Verarbeitung,0.07883995033997843,0.27999999999999997,0.1532258064516129,0.21600000000000003,0.3101448284506433,0.8444541096687317,0.8794774413108826,0.8616100091142167,0.9725112318992615,0.7197772264480591
97,EHJ2314,ask,Kategorien personenbezogener Daten und Datenquellen,0.10308670802182203,0.4596273291925466,0.18867924528301888,0.3354037267080745,0.31490258030542395,0.8654743432998657,0.8805854320526123,0.8729644990204448,0.9730414152145386,0.8424885869026184
97,EHJ2314,ask,Betroffene Personen und Empfänger,0.18183882417861935,0.5178571428571429,0.34545454545454546,0.4464285714285714,0.3803597506962788,0.8933870196342468,0.8814358711242676,0.8873712075754033,0.9825116395950317,0.8357810378074646
97,EHJ2314,ask,Aufbewahrungsfristen und Löschung,0.0,0.17391304347826086,0.04444444444444444,0.15217391304347827,0.20541747104247104,0.7894331216812134,0.875392735004425,0.830193760766522,0.9325824975967407,0.4697040915489197
97,EHJ2314,ask,Technische und organisatorische Maßnahmen,0.06700386577032164,0.28310502283105027,0.11981566820276497,0.16438356164383564,0.23153495440729488,0.8445048928260803,0.8614529967308044,0.8528947579917334,0.9731919169425964,0.7175378799438477
103,NAB0152,ask,Verantwortliche Stelle und Kontaktdaten,0.30242094666069513,0.7346938775510203,0.5833333333333334,0.7142857142857143,0.6499180101153785,0.8856029510498047,0.9018957614898682,0.8936751028815196,0.9810254573822021,0.882530927658081
103,NAB0152,ask,Zwecke und Rechtsgrundlagen der Verarbeitung,0.02621649821151553,0.20689655172413793,0.03508771929824561,0.13793103448275862,0.14509274318463444,0.863762617111206,0.8350070714950562,0.849141467755613,0.9642136096954346,0.5535966753959656
103,NAB0152,ask,Kategorien personenbezogener Daten und Datenquellen,0.0,0.16822429906542055,0.03809523809523809,0.11214953271028036,0.07198918862726753,0.870549201965332,0.7972736954689026,0.8323017754536766,0.9357494115829468,0.4294206202030182
103,NAB0152,ask,Betroffene Personen und Empfänger,0.0,0.38636363636363635,0.06976744186046512,0.20454545454545456,0.21840633076130733,0.8843623995780945,0.8256768584251404,0.8540126366988686,0.9633480906486511,0.759001612663269
103,NAB0152,ask,Aufbewahrungsfristen und Löschung,0.0,0.1276595744680851,0.0,0.0851063829787234,0.07853403141361257,0.8618870377540588,0.8808062672615051,0.8712439559391645,0.968851625919342,0.4571669101715088
103,NAB0152,ask,Technische und organisatorische Maßnahmen,0.0,0.1076923076923077,0.015625,0.07692307692307691,0.05701254275940707,0.851878821849823,0.8240055441856384,0.8377103890994001,0.9683250784873962,0.47066253423690796
108,AMR2620,ask,Verantwortliche Stelle und Kontaktdaten,0.1878186045211431,0.6065573770491803,0.43333333333333335,0.540983606557377,0.5360796740606609,0.8507264256477356,0.889021635055542,0.8694525546515898,0.9734208583831787,0.6329519152641296
108,AMR2620,ask,Zwecke und Rechtsgrundlagen der Verarbeitung,0.1043490310467035,0.38571428571428573,0.21582733812949642,0.30714285714285716,0.4374293559394328,0.8617009520530701,0.9015316963195801,0.8811664436245376,0.9760701656341553,0.8151246905326843
108,AMR2620,ask,Kategorien personenbezogener Daten und Datenquellen,0.07492212653420713,0.47619047619047616,0.1774193548387097,0.380952380952381,0.28020761245674747,0.8987450003623962,0.8758686184883118,0.887159360751995,0.9808805584907532,0.6713515520095825
108,AMR2620,ask,Betroffene Personen und Empfänger,0.02218074843097063,0.24999999999999994,0.11214953271028039,0.2037037037037037,0.25427576013513514,0.8383857011795044,0.8708046078681946,0.8542877032396576,0.9705430269241333,0.6468005180358887
108,AMR2620,ask,Aufbewahrungsfristen und Löschung,0.0,0.29411764705882354,0.12121212121212122,0.2647058823529412,0.3614300138364309,0.8133609890937805,0.8814578652381897,0.8460413799175213,0.9588267207145691,0.7131898403167725
108,AMR2620,ask,Technische und organisatorische Maßnahmen,0.1896990400062226,0.4727272727272727,0.3394495412844037,0.409090909090909,0.4702919495024592,0.8936774134635925,0.9140727519989014,0.9037600309276523,0.9810939431190491,0.8386736512184143
109,UAB0821,ask,Verantwortliche Stelle und Kontaktdaten,0.21012863355678196,0.6476190476190475,0.48543689320388356,0.6285714285714286,0.4985170090413929,0.8747754096984863,0.8972175717353821,0.8858543765431854,0.9780610203742981,0.893090546131134
109,UAB0821,ask,Zwecke und Rechtsgrundlagen der Verarbeitung,0.11112193447410086,0.44541484716157204,0.26431718061674014,0.37554585152838427,0.43805360238129626,0.8623837232589722,0.9030024409294128,0.8822257961658615,0.9784992933273315,0.7669229507446289
109,UAB0821,ask,Kategorien personenbezogener Daten und Datenquellen,0.13560126115564697,0.5575757575757576,0.34355828220858897,0.509090909090909,0.3822255639097744,0.8851657509803772,0.9019486308097839,0.8934783864664894,0.9810277223587036,0.8536978960037231
109,UAB0821,ask,Betroffene Personen und Empfänger,0.050770983825937685,0.3349753694581281,0.2189054726368159,0.29556650246305416,0.3705209380689693,0.8234304189682007,0.8925198316574097,0.8565842496321147,0.9680380821228027,0.5844990015029907
109,UAB0821,ask,Aufbewahrungsfristen und Löschung,0.0,0.11764705882352942,0.029850746268656716,0.08823529411764706,0.19333472048827854,0.7631060481071472,0.8602064847946167,0.8087521753982356,0.9295701384544373,0.2810475528240204
109,UAB0821,ask,Technische und organisatorische Maßnahmen,0.02235131327968439,0.23529411764705885,0.06779661016949153,0.15126050420168066,0.17943743937924345,0.8412324786186218,0.8811871409416199,0.8607463991735486,0.9774896502494812,0.699853777885437
114,DLZ2800,ask,Verantwortliche Stelle und Kontaktdaten,0.1485278200646319,0.5486725663716815,0.3423423423423423,0.4778761061946903,0.4133574182050636,0.8417860865592957,0.8677862882614136,0.8545884740820079,0.9745922088623047,0.6444801092147827
114,DLZ2800,ask,Zwecke und Rechtsgrundlagen der Verarbeitung,0.08546004771747663,0.36363636363636365,0.23728813559322037,0.26262626262626265,0.36670630202140314,0.8545812368392944,0.9085480570793152,0.8807387240684357,0.9760034084320068,0.754637598991394
114,DLZ2800,ask,Kategorien personenbezogener Daten und Datenquellen,0.05423401063573125,0.38181818181818183,0.18348623853211007,0.30000000000000004,0.3085257218812435,0.8648916482925415,0.8940544128417969,0.879231275900853,0.9789412617683411,0.818867564201355
114,DLZ2800,ask,Betroffene Personen und Empfänger,0.019110743709339188,0.23859649122807014,0.12014134275618374,0.19649122807017544,0.21586333191687412,0.8111938834190369,0.8870591521263123,0.8474319708248521,0.9679363369941711,0.639580249786377
114,DLZ2800,ask,Aufbewahrungsfristen und Löschung,0.0,0.09523809523809523,0.0320855614973262,0.08465608465608465,0.13089005235602097,0.7625852823257446,0.8648716807365417,0.8105141085746487,0.9265213012695312,0.4319518208503723
114,DLZ2800,ask,Technische und organisatorische Maßnahmen,0.013659721025790788,0.1833333333333333,0.0335195530726257,0.11111111111111113,0.19517030602806937,0.8211581110954285,0.8834789395332336,0.8511793134053379,0.9618661403656006,0.6927615404129028
116,UTP0442,ask,Verantwortliche Stelle und Kontaktdaten,0.16837647315192766,0.6285714285714286,0.44660194174757284,0.5904761904761905,0.46141256452222085,0.8627491593360901,0.8940314650535583,0.8781117963012017,0.9766898155212402,0.6110446453094482
116,UTP0442,ask,Zwecke und Rechtsgrundlagen der Verarbeitung,0.08996510140803235,0.3942307692307693,0.18446601941747576,0.28846153846153844,0.33631149382104997,0.8605881929397583,0.8913471698760986,0.8756976615538142,0.9796864986419678,0.7883038520812988
116,UTP0442,ask,Kategorien personenbezogener Daten und Datenquellen,0.10767487228653846,0.43786982248520706,0.21556886227544908,0.37869822485207105,0.3659677624237092,0.8768334984779358,0.8942080736160278,0.8854355605316733,0.9846946001052856,0.8522655963897705
116,UTP0442,ask,Betroffene Personen und Empfänger,0.054276999781250286,0.4105960264900662,0.17449664429530198,0.31788079470198677,0.3514781814167975,0.856723427772522,0.8823142647743225,0.8693305550876534,0.9771361351013184,0.7441369295120239
116,UTP0442,ask,Aufbewahrungsfristen und Löschung,0.0,0.19117647058823528,0.1044776119402985,0.14705882352941177,0.26816911250873515,0.7842545509338379,0.8922876119613647,0.8347903630579061,0.9309371113777161,0.4662627875804901
116,UTP0442,ask,Technische und organisatorische Maßnahmen,0.0654625163930486,0.3261802575107296,0.12987012987012986,0.19742489270386263,0.24356619492120848,0.8665477633476257,0.880791187286377,0.8736114227206733,0.9804874658584595,0.6731078624725342
118,LOT2142,ask,Verantwortliche Stelle und Kontaktdaten,0.0,0.3125,0.06382978723404255,0.3125,0.2656159218373905,0.8287210464477539,0.8361077904701233,0.8323980311925596,0.9668864011764526,0.47112151980400085
118,LOT2142,ask,Zwecke und Rechtsgrundlagen der Verarbeitung,0.10008437404708583,0.2777777777777778,0.18867924528301885,0.24074074074074076,0.2391525117204346,0.8974044919013977,0.8567096590995789,0.8765850225796955,0.9810627698898315,0.7122739553451538
118,LOT2142,ask,Kategorien personenbezogener Daten und Datenquellen,0.02194893142138066,0.2340425531914893,0.10869565217391305,0.2127659574468085,0.11437969690160536,0.8806800246238708,0.8090104460716248,0.8433252739764375,0.9569159746170044,0.4145492911338806
118,LOT2142,ask,Betroffene Personen und Empfänger,0.16007896429785917,0.47916666666666663,0.3191489361702127,0.37499999999999994,0.32204092461778266,0.895043134689331,0.8614667654037476,0.877934037373533,0.9682355523109436,0.8352733850479126
118,LOT2142,ask,Aufbewahrungsfristen und Löschung,0.0,0.45,0.10526315789473685,0.4,0.43605263157894747,0.8880748748779297,0.9037075042724609,0.8958229951603405,0.972908616065979,0.419872522354126
118,LOT2142,ask,Technische und organisatorische Maßnahmen,0.10717731462911993,0.30188679245283023,0.11464968152866241,0.21383647798742136,0.23141662407410835,0.8798864483833313,0.8627538681030273,0.8712359396857742,0.9756959676742554,0.545804500579834
4,EHN0215,chat,Verantwortliche Stelle und Kontaktdaten,0.3532938515723405,0.8269230769230769,0.7450980392156864,0.8269230769230769,0.7315745488791094,0.9050399661064148,0.9268108606338501,0.9157960437070557,0.9826983213424683,0.8631900548934937
4,EHN0215,chat,Zwecke und Rechtsgrundlagen der Verarbeitung,0.19056985484845823,0.5314009661835748,0.4195121951219512,0.5120772946859903,0.5521585006770596,0.8878191709518433,0.9303327202796936,0.9085789019184931,0.985811710357666,0.764671802520752
4,EHN0215,chat,Kategorien personenbezogener Daten und Datenquellen,0.10691578010339481,0.6666666666666667,0.5000000000000001,0.6190476190476191,0.38613021558337907,0.9183506965637207,0.9041577577590942,0.9111989628054495,0.981410026550293,0.7426989078521729
4,EHN0215,chat,Betroffene Personen und Empfänger,0.20692818488516743,0.5294117647058824,0.3,0.4901960784313725,0.37715461795729355,0.8999184370040894,0.8868734836578369,0.8933483412417346,0.9808362722396851,0.8103541135787964
4,EHN0215,chat,Aufbewahrungsfristen und Löschung,0.052504509480619174,0.33333333333333337,0.21951219512195122,0.30952380952380953,0.37916862667425916,0.8573285937309265,0.9144812226295471,0.8849831323327779,0.9633865356445312,0.6546077728271484
4,EHN0215,chat,Technische und organisatorische Maßnahmen,0.14787140135361324,0.4717948717948718,0.30051813471502586,0.41025641025641024,0.42781207133058985,0.8778494596481323,0.9151533246040344,0.8961133340726128,0.9827663898468018,0.7923691272735596
8,RIT1851,chat,Verantwortliche Stelle und Kontaktdaten,0.12388189606008815,0.4999999999999999,0.28301886792452835,0.37037037037037035,0.36151193894328704,0.8516629338264465,0.8734273910522461,0.8624078677158462,0.9771124124526978,0.7034215331077576
8,RIT1851,chat,Zwecke und Rechtsgrundlagen der Verarbeitung,0.1271765663542088,0.4401544401544401,0.31906614785992216,0.41698841698841693,0.47682308693030423,0.876000165939331,0.9219425320625305,0.8983843722837797,0.9837626814842224,0.7216792702674866
8,RIT1851,chat,Kategorien personenbezogener Daten und Datenquellen,0.08169391856425877,0.3076923076923077,0.1702127659574468,0.26573426573426573,0.2565818830879072,0.8563343286514282,0.8241848349571228,0.8399520607812541,0.9530082941055298,0.575403094291687
8,RIT1851,chat,Betroffene Personen und Empfänger,0.09731413873619273,0.3918918918918919,0.2191780821917808,0.36486486486486486,0.39075566148806384,0.8567478656768799,0.8807069659233093,0.8685622205748208,0.9792225360870361,0.5421702861785889
8,RIT1851,chat,Aufbewahrungsfristen und Löschung,0.0,0.23529411764705885,0.0963855421686747,0.23529411764705885,0.25625000000000003,0.8060876727104187,0.8883923888206482,0.8452411679734081,0.9479997158050537,0.5430786609649658
8,RIT1851,chat,Technische und organisatorische Maßnahmen,0.06839105300259876,0.29323308270676696,0.15151515151515152,0.2255639097744361,0.267518825390081,0.8469787836074829,0.9018594026565552,0.8735579836334771,0.9672868251800537,0.7495471239089966
11,IAR1116,chat,Verantwortliche Stelle und Kontaktdaten,0.24345697960034374,0.6194690265486725,0.46846846846846846,0.6194690265486725,0.5942013499877342,0.8609495162963867,0.8993935585021973,0.8797517486654137,0.9785262942314148,0.7097417116165161
11,IAR1116,chat,Zwecke und Rechtsgrundlagen der Verarbeitung,0.14198206540574454,0.410958904109589,0.2896551724137931,0.363013698630137,0.4997753563612362,0.8796667456626892,0.9180170893669128,0.8984328497928876,0.9810112714767456,0.692949652671814
11,IAR1116,chat,Kategorien personenbezogener Daten und Datenquellen,0.05182191364419554,0.3865546218487395,0.13675213675213677,0.31932773109243695,0.2708627292884499,0.8890382051467896,0.8639422655105591,0.8763105966513566,0.9777660369873047,0.7490208148956299
11,IAR1116,chat,Betroffene Personen und Empfänger,0.12482563855092753,0.5496183206106869,0.2945736434108527,0.5038167938931297,0.43726776897143516,0.8687048554420471,0.8897038102149963,0.8790789478397621,0.973974347114563,0.7692588567733765
11,IAR1116,chat,Aufbewahrungsfristen und Löschung,0.0,0.16326530612244897,0.0625,0.16326530612244897,0.1724137931034483,0.7980120182037354,0.8805081248283386,0.8372328073105791,0.9441441297531128,0.39748692512512207
11,IAR1116,chat,Technische und organisatorische Maßnahmen,0.08217919754316193,0.3363914373088685,0.2092307692307692,0.3119266055045871,0.345558083860722,0.8507884740829468,0.9086279273033142,0.8787574870513243,0.9715603590011597,0.7773473858833313
12,TIL1618,chat,Verantwortliche Stelle und Kontaktdaten,0.11256305937629175,0.5333333333333333,0.2727272727272727,0.4666666666666667,0.38130032277515685,0.8409919142723083,0.8532575964927673,0.8470803560897013,0.9712439775466919,0.6098719239234924
12,TIL1618,chat,Zwecke und Rechtsgrundlagen der Verarbeitung,0.1540508876512653,0.5134099616858238,0.40926640926640934,0.45210727969348663,0.5000164593208927,0.8735376000404358,0.9295386672019958,0.9006684755872743,0.9827976226806641,0.7332320213317871
12,TIL1618,chat,Kategorien personenbezogener Daten und Datenquellen,0.0,0.6031746031746031,0.4193548387096774,0.5873015873015873,0.3110700527289962,0.9112727046012878,0.8895208239555359,0.9002653932177866,0.9811782836914062,0.7196639180183411
12,TIL1618,chat,Betroffene Personen und Empfänger,0.09266524344314814,0.47058823529411764,0.2781456953642384,0.4052287581699347,0.413236273057184,0.8640766143798828,0.8926911950111389,0.8781508647284971,0.9817736744880676,0.7033618092536926
12,TIL1618,chat,Aufbewahrungsfristen und Löschung,0.14407606779180054,0.47222222222222215,0.3428571428571429,0.4444444444444445,0.5955729166666667,0.8433355093002319,0.9158878922462463,0.8781156291923023,0.9544748663902283,0.570210337638855
12,TIL1618,chat,Technische und organisatorische Maßnahmen,0.1092074457176505,0.4723618090452262,0.2944162436548223,0.4020100502512563,0.37507944354212286,0.8931609988212585,0.9129409193992615,0.9029426470448874,0.9818510413169861,0.8069244027137756
17,NOC2416,chat,Verantwortliche Stelle und Kontaktdaten,0.14239734588305905,0.5636363636363637,0.3518518518518519,0.49090909090909085,0.4878826530612244,0.8625097870826721,0.884916365146637,0.8735694206188569,0.9774261713027954,0.6991100311279297
17,NOC2416,chat,Zwecke und Rechtsgrundlagen der Verarbeitung,0.1792301035830074,0.5572139303482587,0.42211055276381915,0.5074626865671641,0.5403053235908143,0.8821999430656433,0.9222199320793152,0.9017661385590912,0.9820624589920044,0.7412059307098389
17,NOC2416,chat,Kategorien personenbezogener Daten und Datenquellen,0.08096152435853873,0.35384615384615387,0.20312500000000003,0.27692307692307694,0.26375589100455465,0.8731973171234131,0.8386080265045166,0.8555532106354576,0.9631261825561523,0.6628241539001465
17,NOC2416,chat,Betroffene Personen und Empfänger,0.13915949067227204,0.4671532846715329,0.26666666666666666,0.40875912408759124,0.42712968849332483,0.8414878249168396,0.8711303472518921,0.8560525551352427,0.9629935026168823,0.6998215913772583
17,NOC2416,chat,Aufbewahrungsfristen und Löschung,0.0,0.33802816901408445,0.11594202898550723,0.28169014084507044,0.36599904625655694,0.858180582523346,0.9223405718803406,0.8891045942403074,0.9715743064880371,0.5841519832611084
17,NOC2416,chat,Technische und organisatorische Maßnahmen,0.1869766963180852,0.423841059602649,0.29530201342281875,0.41059602649006616,0.32839465751632385,0.8934903144836426,0.9072304368019104,0.9003079546993331,0.9814139604568481,0.8205205202102661
18,NUG0102,chat,Verantwortliche Stelle und Kontaktdaten,0.14766901985760852,0.5316455696202531,0.31168831168831174,0.5063291139240507,0.29080178837555887,0.8509451746940613,0.8448680639266968,0.8478957303532587,0.9691776633262634,0.6153323650360107
18,NUG0102,chat,Zwecke und Rechtsgrundlagen der Verarbeitung,0.0877878626347306,0.3085399449035813,0.21052631578947373,0.25895316804407714,0.34339384725678973,0.8436553478240967,0.8943893909454346,0.8682818984768476,0.9665098190307617,0.6608912348747253
18,NUG0102,chat,Kategorien personenbezogener Daten und Datenquellen,0.14037615858007235,0.6896551724137931,0.5034965034965035,0.6482758620689656,0.47428412701506784,0.8932580351829529,0.9067564606666565,0.8999566351405857,0.9763733744621277,0.8085436820983887
18,NUG0102,chat,Betroffene Personen und Empfänger,0.1565711240691367,0.45614035087719296,0.26785714285714285,0.38596491228070173,0.3442250624739692,0.8779670596122742,0.8764651417732239,0.8772154578188912,0.9801338315010071,0.7677932977676392
18,NUG0102,chat,Aufbewahrungsfristen und Löschung,0.38545012141186974,0.7692307692307692,0.5945945945945946,0.7692307692307692,0.7861258083480307,0.932285726070404,0.9527870416641235,0.9424249017143551,0.9818788766860962,0.7605451345443726
18,NUG0102,chat,Technische und organisatorische Maßnahmen,0.07373164339996853,0.3288590604026846,0.17567567567567569,0.2684563758389262,0.3748437374973601,0.8483386039733887,0.8963910937309265,0.8717031297976426,0.9695820808410645,0.7746882438659668
20,IHL0436,chat,Verantwortliche Stelle und Kontaktdaten,0.12204310977110525,0.48739495798319327,0.2905982905982906,0.43697478991596644,0.3975340136054422,0.8407772183418274,0.8749822378158569,0.857538776043573,0.9700232744216919,0.590185284614563
20,IHL0436,chat,Zwecke und Rechtsgrundlagen der Verarbeitung,0.08338640753633257,0.3282442748091603,0.1692307692307692,0.282442748091603,0.33008941271632203,0.8630532026290894,0.8959596753120422,0.8791986424905022,0.978827714920044,0.6066818237304688
20,IHL0436,chat,Kategorien personenbezogener Daten und Datenquellen,0.10835943339028495,0.4477611940298507,0.2575757575757576,0.3731343283582089,0.24644970014376882,0.8869056105613708,0.8610143065452576,0.8737681993036215,0.9748715162277222,0.6874890327453613
20,IHL0436,chat,Betroffene Personen und Empfänger,0.09183812683230294,0.4166666666666667,0.21686746987951808,0.35714285714285715,0.4378016458525971,0.8513877391815186,0.9012273550033569,0.8755988954000296,0.9782904982566833,0.6507874727249146
20,IHL0436,chat,Aufbewahrungsfristen und Löschung,0.0,0.15686274509803924,0.06,0.15686274509803924,0.224596391263058,0.8164852857589722,0.8909757733345032,0.8521056512780097,0.9547314643859863,0.4660273790359497
20,IHL0436,chat,Technische und organisatorische Maßnahmen,0.10264731091859282,0.39999999999999997,0.25095057034220536,0.33962264150943394,0.38432012411948435,0.861409068107605,0.9137426018714905,0.8868044082989349,0.9756983518600464,0.6819455027580261
26,AAL1220,chat,Verantwortliche Stelle und Kontaktdaten,0.15069473601105565,0.5806451612903225,0.3516483516483517,0.5591397849462366,0.43766824847905933,0.8376725316047668,0.8557201623916626,0.8466001740968626,0.9626584053039551,0.605890154838562
26,AAL1220,chat,Zwecke und Rechtsgrundlagen der Verarbeitung,0.10494954102948564,0.4603773584905661,0.31939163498098866,0.3547169811320755,0.5441762375356125,0.8679952025413513,0.9178431630134583,0.8922234817522852,0.9835589528083801,0.723979115486145
26,AAL1220,chat,Kategorien personenbezogener Daten und Datenquellen,0.0,0.5873015873015873,0.3870967741935484,0.5873015873015873,0.3181551044798908,0.9097456336021423,0.884840726852417,0.8971203675965029,0.9798680543899536,0.6998416185379028
26,AAL1220,chat,Betroffene Personen und Empfänger,0.1482766476671939,0.45283018867924524,0.2884615384615385,0.39622641509433965,0.32866914816908,0.8803408145904541,0.8734237551689148,0.8768686440205103,0.9743735790252686,0.6868796348571777
26,AAL1220,chat,Aufbewahrungsfristen und Löschung,0.1417701066454007,0.4788732394366197,0.3478260869565218,0.4507042253521127,0.5929376382743363,0.8708817958831787,0.9324843883514404,0.9006309266081672,0.9689176082611084,0.7077648639678955
26,AAL1220,chat,Technische und organisatorische Maßnahmen,0.12358907926520661,0.3977900552486187,0.2569832402234637,0.3314917127071823,0.322773844588086,0.887984573841095,0.9077020287513733,0.8977350479886754,0.9802535176277161,0.7622774839401245
28,thg1620,chat,Verantwortliche Stelle und Kontaktdaten,0.14742003770670806,0.4968944099378882,0.31446540880503143,0.3850931677018634,0.5220582881783904,0.8399030566215515,0.8909210562705994,0.8646601498055327,0.9716328382492065,0.49618273973464966
28,thg1620,chat,Zwecke und Rechtsgrundlagen der Verarbeitung,0.05205456203069483,0.24742268041237114,0.1450777202072539,0.1958762886597938,0.3072415081876021,0.8362228274345398,0.8907069563865662,0.8626054127541125,0.9666770696640015,0.6916619539260864
28,thg1620,chat,Kategorien personenbezogener Daten und Datenquellen,0.06381813340170364,0.38541666666666663,0.22105263157894736,0.34375000000000006,0.283111203831594,0.8782317042350769,0.9036865234375,0.8907773019521723,0.9796668291091919,0.8095375299453735
28,thg1620,chat,Betroffene Personen und Empfänger,0.037840201535352336,0.26,0.11111111111111112,0.22,0.2988939606741573,0.8361995220184326,0.8675462603569031,0.8515845212868806,0.9690414071083069,0.5987387895584106
28,thg1620,chat,Aufbewahrungsfristen und Löschung,0.046489542650714595,0.1889763779527559,0.08,0.1889763779527559,0.2603159724256449,0.7982373237609863,0.8753706216812134,0.8350265117380025,0.9391939043998718,0.45175328850746155
28,thg1620,chat,Technische und organisatorische Maßnahmen,0.08541667206477273,0.34502923976608185,0.17058823529411762,0.2573099415204679,0.3521701769281333,0.8478399515151978,0.9095906615257263,0.877630441445702,0.9748823642730713,0.8163086175918579
35,IOL1223,chat,Verantwortliche Stelle und Kontaktdaten,0.259844226248086,0.6226415094339622,0.4807692307692308,0.6226415094339622,0.5940000349241275,0.8768647313117981,0.8925259113311768,0.884626011426406,0.976599395275116,0.8019576072692871
35,IOL1223,chat,Zwecke und Rechtsgrundlagen der Verarbeitung,0.30561588296438075,0.5629629629629629,0.4511278195488722,0.5333333333333333,0.49191195969238927,0.9293674230575562,0.9126880764961243,0.9209522361449807,0.9888628721237183,0.8618617653846741
35,IOL1223,chat,Kategorien personenbezogener Daten und Datenquellen,0.038557696500274255,0.23529411764705882,0.2,0.23529411764705882,0.1534883720930232,0.8711078763008118,0.8053160905838013,0.8369209737832533,0.9497289657592773,0.6030534505844116
35,IOL1223,chat,Betroffene Personen und Empfänger,0.0,0.2247191011235955,0.0689655172413793,0.1797752808988764,0.12334616575954688,0.8354429006576538,0.811905026435852,0.8235058049222846,0.9627336263656616,0.7334126234054565
35,IOL1223,chat,Aufbewahrungsfristen und Löschung,0.32685141385924577,0.6,0.4210526315789474,0.6,0.6814176004028704,0.9311482906341553,0.9475092887878418,0.9392575467491312,0.9837772846221924,0.7187579870223999
35,IOL1223,chat,Technische und organisatorische Maßnahmen,0.15719126823703095,0.5035971223021581,0.3649635036496351,0.460431654676259,0.3065292096219932,0.9268264174461365,0.900667130947113,0.913559548290755,0.9843035340309143,0.6564249396324158
36,IOL1223,chat,Verantwortliche Stelle und Kontaktdaten,0.259844226248086,0.6226415094339622,0.4807692307692308,0.6226415094339622,0.5940000349241275,0.8768647313117981,0.8925259113311768,0.884626011426406,0.976599395275116,0.8019576072692871
36,IOL1223,chat,Zwecke und Rechtsgrundlagen der Verarbeitung,0.30561588296438075,0.5629629629629629,0.4511278195488722,0.5333333333333333,0.49191195969238927,0.9293674230575562,0.9126880764961243,0.9209522361449807,0.9888628721237183,0.8618617653846741
36,IOL1223,chat,Kategorien personenbezogener Daten und Datenquellen,0.038557696500274255,0.23529411764705882,0.2,0.23529411764705882,0.1534883720930232,0.8711078763008118,0.8053160905838013,0.8369209737832533,0.9497289657592773,0.6030534505844116
36,IOL1223,chat,Betroffene Personen und Empfänger,0.0,0.3146067415730337,0.1149425287356322,0.20224719101123595,0.1796318446930804,0.8904466032981873,0.8345432877540588,0.8615890907425567,0.9693479537963867,0.7977557182312012
36,IOL1223,chat,Aufbewahrungsfristen und Löschung,0.27195592687669795,0.5238095238095238,0.35000000000000003,0.5238095238095238,0.6231628453850677,0.9238030910491943,0.947307288646698,0.9354075643228309,0.9835113286972046,0.700316846370697
36,IOL1223,chat,Technische und organisatorische Maßnahmen,0.15719126823703095,0.5035971223021581,0.3649635036496351,0.460431654676259,0.3065292096219932,0.9268264174461365,0.900667130947113,0.913559548290755,0.9843035340309143,0.6564249396324158
37,NAN277,chat,Verantwortliche Stelle und Kontaktdaten,0.14253134849324886,0.5079365079365079,0.2741935483870968,0.46031746031746035,0.4396567088022487,0.8399364948272705,0.8819183707237244,0.8604156364740068,0.9769411087036133,0.5482889413833618
37,NAN277,chat,Zwecke und Rechtsgrundlagen der Verarbeitung,0.22699617887647083,0.5935483870967743,0.40522875816993464,0.5032258064516129,0.5095252268244765,0.919557511806488,0.9243128299713135,0.9219290389363615,0.990776538848877,0.8376359939575195
37,NAN277,chat,Kategorien personenbezogener Daten und Datenquellen,0.0,0.5882352941176471,0.417910447761194,0.573529411764706,0.2685937970490816,0.9021851420402527,0.89046710729599,0.8962878260136226,0.9770349264144897,0.7232950925827026
37,NAN277,chat,Betroffene Personen und Empfänger,0.07239935713322784,0.3958333333333333,0.19148936170212766,0.3333333333333333,0.26526083740627404,0.8716095685958862,0.8521595597267151,0.8617748328641115,0.9714775085449219,0.7655186653137207
37,NAN277,chat,Aufbewahrungsfristen und Löschung,0.0,0.2,0.061224489795918366,0.18,0.2776119402985075,0.7952227592468262,0.8773548603057861,0.8342722570180062,0.9359968900680542,0.5544271469116211
37,NAN277,chat,Technische und organisatorische Maßnahmen,0.042847642766521414,0.229607250755287,0.0972644376899696,0.14501510574018128,0.22293371853012597,0.8389516472816467,0.880808413028717,0.8593706600170915,0.9672235250473022,0.7091490030288696
40,AHR0531,chat,Verantwortliche Stelle und Kontaktdaten,0.15727113207129156,0.5299145299145299,0.3130434782608696,0.4786324786324786,0.4019759910602209,0.8470305800437927,0.8837760090827942,0.8650132375333102,0.9726958870887756,0.5976179838180542
40,AHR0531,chat,Zwecke und Rechtsgrundlagen der Verarbeitung,0.14363484917104594,0.5185185185185185,0.33644859813084116,0.46296296296296297,0.47674955082015175,0.8859729766845703,0.9175344705581665,0.9014775595564359,0.9840472340583801,0.778854250907898
40,AHR0531,chat,Kategorien personenbezogener Daten und Datenquellen,0.07972949342974466,0.32592592592592595,0.18045112781954886,0.2518518518518518,0.2408444444444445,0.8610619902610779,0.833895206451416,0.8472608836717722,0.961013913154602,0.672261655330658
40,AHR0531,chat,Betroffene Personen und Empfänger,0.048298770203824885,0.4409448818897638,0.19199999999999998,0.31496062992125984,0.24610983825655294,0.8518534302711487,0.8537510633468628,0.8528011911682334,0.9641596078872681,0.7991602420806885
40,AHR0531,chat,Aufbewahrungsfristen und Löschung,0.10987560041401336,0.35135135135135137,0.2222222222222222,0.32432432432432434,0.41523102747592544,0.8251016736030579,0.8884062170982361,0.8555845707452308,0.9493823647499084,0.5777539610862732
40,AHR0531,chat,Technische und organisatorische Maßnahmen,0.03611979835442044,0.20105820105820105,0.0851063829787234,0.15873015873015872,0.2145984637887538,0.8165175318717957,0.8853399157524109,0.8495371499967925,0.9607793688774109,0.656393826007843
42,EII0925,chat,Verantwortliche Stelle und Kontaktdaten,0.1378905704967485,0.5573770491803278,0.35000000000000003,0.5081967213114754,0.452250562854921,0.8471445441246033,0.8889050483703613,0.867522523811718,0.9764660000801086,0.5823959112167358
42,EII0925,chat,Zwecke und Rechtsgrundlagen der Verarbeitung,0.1560958569534563,0.5283018867924528,0.3714285714285714,0.4811320754716981,0.5227129337539433,0.881673276424408,0.9223194718360901,0.9015384695175399,0.9836651086807251,0.7677924633026123
42,EII0925,chat,Kategorien personenbezogener Daten und Datenquellen,0.058178442516275124,0.37837837837837845,0.2018348623853211,0.3063063063063063,0.23680996884735203,0.8730835318565369,0.821582555770874,0.8465504853624741,0.9614721536636353,0.5950243473052979
42,EII0925,chat,Betroffene Personen und Empfänger,0.16850866752029503,0.5607476635514018,0.34285714285714286,0.5420560747663552,0.39287716884263435,0.8703299760818481,0.886993408203125,0.8785826884791473,0.9673624634742737,0.7820936441421509
42,EII0925,chat,Aufbewahrungsfristen und Löschung,0.12567841185354114,0.4657534246575343,0.3380281690140845,0.410958904109589,0.5372340425531915,0.8509287238121033,0.9228315949440002,0.8854227970663737,0.9591280817985535,0.6544102430343628
42,EII0925,chat,Technische und organisatorische Maßnahmen,0.169125853412446,0.5172413793103449,0.3565217391304348,0.4655172413793104,0.5127748486174108,0.8721786141395569,0.9208338260650635,0.8958460658294135,0.9779112339019775,0.8232942819595337
47,MIN0453,chat,Verantwortliche Stelle und Kontaktdaten,0.10009674516660448,0.4999999999999999,0.30508474576271183,0.3333333333333333,0.3632744122538507,0.8452020287513733,0.8646387457847595,0.8548099132477184,0.9708124399185181,0.6094951629638672
47,MIN0453,chat,Zwecke und Rechtsgrundlagen der Verarbeitung,0.12238478287983091,0.5,0.31782945736434104,0.43076923076923074,0.5408693280133722,0.8751977682113647,0.9208859801292419,0.8974607730077931,0.9814942479133606,0.7863163352012634
47,MIN0453,chat,Kategorien personenbezogener Daten und Datenquellen,0.08569927609527421,0.6575342465753424,0.4861111111111111,0.6438356164383562,0.4211241213154738,0.8988709449768066,0.9118126034736633,0.9052955246956602,0.9799614548683167,0.8189643025398254
47,MIN0453,chat,Betroffene Personen und Empfänger,0.16676885041567238,0.5142857142857142,0.2524271844660194,0.45714285714285713,0.3474539833336746,0.8834924697875977,0.8732032179832458,0.8783177109763953,0.9783178567886353,0.8113176822662354
47,MIN0453,chat,Aufbewahrungsfristen und Löschung,0.1231122221785485,0.4347826086956521,0.26865671641791045,0.40579710144927544,0.5861365953109073,0.88862544298172,0.9423485994338989,0.9146988676151518,0.9782859086990356,0.6334525942802429
47,MIN0453,chat,Technische und organisatorische Maßnahmen,0.0892873202632264,0.3873517786561264,0.2310756972111554,0.34782608695652173,0.3227766128441135,0.8532518744468689,0.9066253304481506,0.8791292488751136,0.9748758673667908,0.8238612413406372
52,ENB1054,chat,Verantwortliche Stelle und Kontaktdaten,0.1398895823177344,0.6095238095238094,0.3689320388349515,0.39999999999999997,0.47140825035561873,0.8630727529525757,0.8859795928001404,0.8743761707014442,0.9817099571228027,0.7011359930038452
52,ENB1054,chat,Zwecke und Rechtsgrundlagen der Verarbeitung,0.04383794487707483,0.27840909090909094,0.17142857142857143,0.2556818181818181,0.3405698348403726,0.8423410058021545,0.8910503387451172,0.8660112915874129,0.969831645488739,0.6700926423072815
52,ENB1054,chat,Kategorien personenbezogener Daten und Datenquellen,0.08474161519842786,0.446927374301676,0.22598870056497175,0.39106145251396646,0.3314818787457011,0.8785473108291626,0.8952038884162903,0.8867973920429277,0.9814322590827942,0.7452986240386963
52,ENB1054,chat,Betroffene Personen und Empfänger,0.07429084845959971,0.3956043956043956,0.23333333333333334,0.3516483516483516,0.3813055509642608,0.8477141857147217,0.8974575996398926,0.8718769632613906,0.9739231467247009,0.6791890859603882
52,ENB1054,chat,Aufbewahrungsfristen und Löschung,0.052946195132633746,0.21052631578947367,0.12213740458015265,0.19548872180451127,0.35231202115397653,0.7935233116149902,0.8823316097259521,0.8355743590645592,0.938965916633606,0.4394054710865021
52,ENB1054,chat,Technische und organisatorische Maßnahmen,0.05742277679774113,0.27676240208877284,0.16797900262467189,0.21409921671018275,0.3154594167685887,0.8397952914237976,0.9057289958000183,0.8715168864119394,0.9695390462875366,0.7140377759933472
55,OAZ2611,chat,Verantwortliche Stelle und Kontaktdaten,0.2853378249778698,0.5714285714285715,0.4390243902439025,0.5714285714285715,0.4886983863312766,0.8620588183403015,0.8624094128608704,0.8622340799616233,0.9704665541648865,0.6531891822814941
55,OAZ2611,chat,Zwecke und Rechtsgrundlagen der Verarbeitung,0.04850881123250531,0.30147058823529416,0.13333333333333336,0.24264705882352938,0.3562883898212132,0.8619118332862854,0.9042126536369324,0.8825556655234209,0.9818220734596252,0.6546622514724731
55,OAZ2611,chat,Kategorien personenbezogener Daten und Datenquellen,0.11354160378804745,0.3818181818181817,0.2222222222222222,0.3090909090909091,0.27245952620506725,0.9006299376487732,0.863974928855896,0.8819217277201473,0.977124810218811,0.7409666776657104
55,OAZ2611,chat,Betroffene Personen und Empfänger,0.16776374417626813,0.43678160919540227,0.2823529411764706,0.3908045977011494,0.32992995177869133,0.8988240361213684,0.8561875820159912,0.8769879016087254,0.9701887369155884,0.813063383102417
55,OAZ2611,chat,Aufbewahrungsfristen und Löschung,0.0,0.3278688524590164,0.1016949152542373,0.26229508196721313,0.2534562211981567,0.8400800824165344,0.884652316570282,0.861790259695842,0.9585131406784058,0.5970667004585266
55,OAZ2611,chat,Technische und organisatorische Maßnahmen,0.15588761404645016,0.4117647058823529,0.2619047619047619,0.35294117647058826,0.34474496475370797,0.8840149641036987,0.9020705819129944,0.8929515104886978,0.9821275472640991,0.8140982985496521
63,PVV2109,chat,Verantwortliche Stelle und Kontaktdaten,0.0,0.24324324324324326,0.027777777777777776,0.21621621621621617,0.13406961178045518,0.8316746950149536,0.823013186454773,0.827321271284214,0.9647388458251953,0.4778277277946472
63,PVV2109,chat,Zwecke und Rechtsgrundlagen der Verarbeitung,0.048224521298382096,0.27884615384615385,0.11650485436893203,0.2019230769230769,0.29832496537396125,0.8620154857635498,0.8835200667381287,0.8726353106009046,0.9823219776153564,0.5549007654190063
63,PVV2109,chat,Kategorien personenbezogener Daten und Datenquellen,0.0,0.0594059405940594,0.0,0.039603960396039604,0.026399155227032737,0.806851327419281,0.7759863138198853,0.791117889860903,0.9324071407318115,0.4158772826194763
63,PVV2109,chat,Betroffene Personen und Empfänger,0.0,0.3125,0.14285714285714285,0.265625,0.20833333333333334,0.8099696040153503,0.825333833694458,0.8175795427840329,0.9460121393203735,0.6546825170516968
63,PVV2109,chat,Aufbewahrungsfristen und Löschung,0.0,0.12121212121212122,0.0,0.06060606060606061,0.05524861878453038,0.8259090185165405,0.8411191701889038,0.8334447047900669,0.9385238885879517,0.21652384102344513
63,PVV2109,chat,Technische und organisatorische Maßnahmen,0.0,0.20740740740740743,0.045112781954887216,0.10370370370370371,0.13795577894486158,0.8610349297523499,0.8302488327026367,0.8453616846713049,0.9695909023284912,0.4760270118713379
64,NIL1922,chat,Verantwortliche Stelle und Kontaktdaten,0.19826471088892997,0.588235294117647,0.39316239316239315,0.5210084033613446,0.47813717158036817,0.8449099659919739,0.8775609135627747,0.8609259760906655,0.9741361737251282,0.6855930685997009
64,NIL1922,chat,Zwecke und Rechtsgrundlagen der Verarbeitung,0.13223323252028482,0.3939393939393939,0.2153846153846154,0.3181818181818182,0.2827202731262279,0.8968709111213684,0.8807042837142944,0.8887140815850052,0.9839280843734741,0.8152233958244324
64,NIL1922,chat,Kategorien personenbezogener Daten und Datenquellen,0.0,0.18867924528301885,0.07692307692307691,0.1509433962264151,0.05783385909568874,0.8598041534423828,0.7897331118583679,0.8232803513693296,0.9431676864624023,0.39051103591918945
64,NIL1922,chat,Betroffene Personen und Empfänger,0.05681739407758746,0.4590163934426229,0.19999999999999998,0.3278688524590164,0.24059791140536482,0.872562825679779,0.8654771447181702,0.8690055416661604,0.9762230515480042,0.7931877970695496
64,NIL1922,chat,Aufbewahrungsfristen und Löschung,0.0,0.14035087719298245,0.03636363636363636,0.10526315789473684,0.15548029556650247,0.8009242415428162,0.8534478545188904,0.8263522785522011,0.9491091966629028,0.37438881397247314
64,NIL1922,chat,Technische und organisatorische Maßnahmen,0.13171887563280316,0.3243243243243243,0.1917808219178082,0.3243243243243243,0.20128433627915454,0.8867926001548767,0.8546965718269348,0.8704488175615058,0.9821216464042664,0.5420523881912231
68,aea2442,chat,Verantwortliche Stelle und Kontaktdaten,0.12294007148511543,0.5544554455445544,0.38383838383838387,0.5544554455445544,0.3812344416785206,0.8569890260696411,0.8675050139427185,0.8622149566883658,0.977063775062561,0.7695595622062683
68,aea2442,chat,Zwecke und Rechtsgrundlagen der Verarbeitung,0.11943654897776432,0.3548387096774194,0.21739130434782608,0.3118279569892473,0.3083147942157953,0.8834729790687561,0.9007089138031006,0.8920076933081633,0.9858701229095459,0.7835966348648071
68,aea2442,chat,Kategorien personenbezogener Daten und Datenquellen,0.0866499197303946,0.564102564102564,0.43478260869565216,0.547008547008547,0.30491246244690773,0.8909999132156372,0.8675548434257507,0.8791210933669907,0.9720900058746338,0.6193408966064453
68,aea2442,chat,Betroffene Personen und Empfänger,0.0,0.3888888888888889,0.1320754716981132,0.25925925925925924,0.2370884353741497,0.8757132887840271,0.859367847442627,0.8674635764824843,0.9771180152893066,0.736214280128479
68,aea2442,chat,Aufbewahrungsfristen und Löschung,0.0,0.3214285714285714,0.037037037037037035,0.28571428571428575,0.29835680751173704,0.8381168246269226,0.8836392760276794,0.8602762538298917,0.9542227983474731,0.5860342383384705
68,aea2442,chat,Technische und organisatorische Maßnahmen,0.17684187146874855,0.5045871559633027,0.3518518518518519,0.4587155963302752,0.46557388189230436,0.8946616649627686,0.9272039532661438,0.9106421728245389,0.9842166900634766,0.818122148513794
72,IHB53,chat,Verantwortliche Stelle und Kontaktdaten,0.17908866753983577,0.5862068965517242,0.3684210526315789,0.5344827586206897,0.47875768391830253,0.8526986241340637,0.8945690393447876,0.8731321536890153,0.9777321219444275,0.5692101120948792
72,IHB53,chat,Zwecke und Rechtsgrundlagen der Verarbeitung,0.045786552801666484,0.3333333333333333,0.1557377049180328,0.21951219512195122,0.2749138463424178,0.8644338250160217,0.8980412483215332,0.8809171182644772,0.9812166690826416,0.6462634801864624
72,IHB53,chat,Kategorien personenbezogener Daten und Datenquellen,0.0,0.5454545454545455,0.3384615384615385,0.5303030303030303,0.2937878270542947,0.8828364610671997,0.8747684955596924,0.8787839610501711,0.9719405174255371,0.742883026599884
72,IHB53,chat,Betroffene Personen und Empfänger,0.08958916787179708,0.5076923076923077,0.28125000000000006,0.4461538461538461,0.3629268292682927,0.8479927182197571,0.8620513677597046,0.8549642533606483,0.9604320526123047,0.8223026990890503
72,IHB53,chat,Aufbewahrungsfristen und Löschung,0.027154373369671497,0.18867924528301888,0.057692307692307696,0.18867924528301888,0.31029962546816475,0.817648708820343,0.8787972927093506,0.8471209470277224,0.9455796480178833,0.5214239358901978
72,IHB53,chat,Technische und organisatorische Maßnahmen,0.08542021174585684,0.3624161073825503,0.19594594594594592,0.3288590604026846,0.3396807877703621,0.8670055866241455,0.9096911549568176,0.8878356052460753,0.9789445996284485,0.8212599158287048
73,DAB1519,chat,Verantwortliche Stelle und Kontaktdaten,0.17124410462373102,0.6407766990291262,0.4554455445544555,0.6019417475728156,0.44513911474043727,0.8583029508590698,0.8869066834449768,0.8723704116394235,0.9735727310180664,0.6385034322738647
73,DAB1519,chat,Zwecke und Rechtsgrundlagen der Verarbeitung,0.0555185362325629,0.302158273381295,0.145985401459854,0.2158273381294964,0.2086839220215564,0.8832429647445679,0.8818686008453369,0.882555247736386,0.9816182851791382,0.7563530802726746
73,DAB1519,chat,Kategorien personenbezogener Daten und Datenquellen,0.04164245222989633,0.3384615384615385,0.11398963730569948,0.25641025641025644,0.21351028054257792,0.8575001358985901,0.8776988983154297,0.8674819542236958,0.9753587245941162,0.8040034770965576
73,DAB1519,chat,Betroffene Personen und Empfänger,0.0,0.34838709677419355,0.1437908496732026,0.2709677419354839,0.31989718964508884,0.8245297074317932,0.867923378944397,0.8456702469035772,0.9640752077102661,0.6035947799682617
73,DAB1519,chat,Aufbewahrungsfristen und Löschung,0.0,0.3823529411764706,0.24242424242424243,0.3823529411764706,0.41710316998409197,0.8588988184928894,0.9083905816078186,0.8829517081113754,0.9610598683357239,0.7385947704315186
73,DAB1519,chat,Technische und organisatorische Maßnahmen,0.07513948775164093,0.2828282828282828,0.1326530612244898,0.22222222222222224,0.23925906869050675,0.854254424571991,0.8748089075088501,0.864409493890632,0.9729113578796387,0.6680765748023987
77,ANN1112,chat,Verantwortliche Stelle und Kontaktdaten,0.1502962747661986,0.5454545454545454,0.26890756302521013,0.4628099173553719,0.40452592604734094,0.8437101244926453,0.8874760270118713,0.8650398555738108,0.9801905155181885,0.5917864441871643
77,ANN1112,chat,Zwecke und Rechtsgrundlagen der Verarbeitung,0.05862351143492688,0.3589743589743589,0.1810344827586207,0.28205128205128205,0.3172132319515177,0.8856630921363831,0.9063092470169067,0.8958672325534451,0.9779881238937378,0.7223354578018188
77,ANN1112,chat,Kategorien personenbezogener Daten und Datenquellen,0.0,0.6187050359712231,0.46715328467153283,0.5899280575539569,0.3145923439297685,0.9054348468780518,0.8960318565368652,0.9007088116404152,0.9812723398208618,0.7547045946121216
77,ANN1112,chat,Betroffene Personen und Empfänger,0.0,0.26573426573426573,0.07092198581560284,0.1818181818181818,0.20032051282051283,0.8469523191452026,0.8494335412979126,0.8481911156392994,0.9688661694526672,0.6640409827232361
77,ANN1112,chat,Aufbewahrungsfristen und Löschung,0.0,0.1923076923076923,0.0784313725490196,0.15384615384615383,0.24353789344118168,0.8094245195388794,0.8819636702537537,0.8441385890644234,0.943651020526886,0.48787420988082886
77,ANN1112,chat,Technische und organisatorische Maßnahmen,0.08055134521618477,0.3481228668941979,0.20618556701030927,0.26621160409556316,0.35698269692492385,0.8601886034011841,0.9081284999847412,0.8835087152806921,0.9789048433303833,0.7552015781402588
82,AEB2451,chat,Verantwortliche Stelle und Kontaktdaten,0.13201790743952582,0.5370370370370371,0.339622641509434,0.5185185185185185,0.4269507298702107,0.8530780673027039,0.8804003000259399,0.8665238638728978,0.972670316696167,0.6096014976501465
82,AEB2451,chat,Zwecke und Rechtsgrundlagen der Verarbeitung,0.10620619053578173,0.4511278195488722,0.29545454545454547,0.39097744360902253,0.4770199242146437,0.8744404911994934,0.9197182655334473,0.8965080585652144,0.9840009212493896,0.688329815864563
82,AEB2451,chat,Kategorien personenbezogener Daten und Datenquellen,0.08297932143471268,0.6511627906976744,0.3937007874015748,0.6201550387596898,0.34629133990903815,0.9119612574577332,0.8981372714042664,0.9049964765337225,0.9834203124046326,0.7839090824127197
82,AEB2451,chat,Betroffene Personen und Empfänger,0.16006560017771418,0.4869565217391304,0.2654867256637168,0.4173913043478261,0.33555102202966425,0.8728958368301392,0.8734140992164612,0.8731548911194541,0.9762450456619263,0.7646095156669617
82,AEB2451,chat,Aufbewahrungsfristen und Löschung,0.04676733803005123,0.3,0.15384615384615383,0.225,0.3862738052461373,0.8509481549263,0.8953976631164551,0.8726072253068653,0.9543436765670776,0.7711820602416992
82,AEB2451,chat,Technische und organisatorische Maßnahmen,0.11383186735492448,0.4095238095238095,0.25961538461538464,0.31428571428571433,0.34305456753397,0.8616513609886169,0.9018348455429077,0.8812852849894003,0.9755862951278687,0.8021973371505737
83,LHL1942,chat,Verantwortliche Stelle und Kontaktdaten,0.35182473776151774,0.7850467289719627,0.6476190476190476,0.7850467289719627,0.7284746567228421,0.8978176116943359,0.935834527015686,0.9164319690183006,0.9865615367889404,0.850021481513977
83,LHL1942,chat,Zwecke und Rechtsgrundlagen der Verarbeitung,0.08396313660730771,0.2727272727272727,0.15306122448979592,0.19191919191919193,0.26815102914827593,0.843054473400116,0.8631096482276917,0.8529641911341157,0.9745848178863525,0.6861788034439087
83,LHL1942,chat,Kategorien personenbezogener Daten und Datenquellen,0.039025434195482704,0.3645320197044335,0.09950248756218906,0.27586206896551724,0.21854373869801086,0.8597904443740845,0.8815236687660217,0.8705214311137078,0.9750124216079712,0.7688935995101929
83,LHL1942,chat,Betroffene Personen und Empfänger,0.0,0.3604651162790698,0.12941176470588234,0.2209302325581395,0.3355933889675405,0.8453871011734009,0.8735772371292114,0.8592510172456209,0.9780797958374023,0.6973937749862671
83,LHL1942,chat,Aufbewahrungsfristen und Löschung,0.055967009612738844,0.28571428571428575,0.1639344262295082,0.25396825396825395,0.2725947521865889,0.8300905227661133,0.8878529071807861,0.85800064311069,0.949080228805542,0.3242782950401306
83,LHL1942,chat,Technische und organisatorische Maßnahmen,0.0,0.1843971631205674,0.028776978417266185,0.11347517730496454,0.12300042424696168,0.8714122772216797,0.8475549817085266,0.8593180735051961,0.978513777256012,0.5359089374542236
84,aal1412,chat,Verantwortliche Stelle und Kontaktdaten,0.0,0.21782178217821782,0.020202020202020204,0.1782178217821782,0.16570605187319887,0.8442115783691406,0.8520961403846741,0.8481355353672099,0.9756510853767395,0.5314431190490723
84,aal1412,chat,Zwecke und Rechtsgrundlagen der Verarbeitung,0.059878188052113465,0.23708206686930094,0.1345565749235474,0.21276595744680854,0.2624782614929874,0.8370988965034485,0.8826609253883362,0.8592763678087397,0.9720475673675537,0.7137469053268433
84,aal1412,chat,Kategorien personenbezogener Daten und Datenquellen,0.09452440499057407,0.4133333333333334,0.22972972972972974,0.39999999999999997,0.2800265758448516,0.8857558369636536,0.875468909740448,0.8805823315098914,0.9805932641029358,0.7060899138450623
84,aal1412,chat,Betroffene Personen und Empfänger,0.06739123518060201,0.35294117647058826,0.17218543046357618,0.30065359477124187,0.3192198593218884,0.8414291739463806,0.8710012435913086,0.8559598677943652,0.976302981376648,0.6231969594955444
84,aal1412,chat,Aufbewahrungsfristen und Löschung,0.03859554161351501,0.12244897959183673,0.05517241379310345,0.10884353741496598,0.1998427672955975,0.7964990735054016,0.8782841563224792,0.8353946998349413,0.9393506646156311,0.38069599866867065
84,aal1412,chat,Technische und organisatorische Maßnahmen,0.03357760254255571,0.2155688622754491,0.07228915662650602,0.1317365269461078,0.21922651668552506,0.8210635185241699,0.8797702789306641,0.8494037239767204,0.9627411365509033,0.7006706595420837
87,CTL2527,chat,Verantwortliche Stelle und Kontaktdaten,0.2745630467212057,0.5476190476190477,0.3658536585365854,0.5238095238095237,0.3643584287710954,0.8624902367591858,0.8604701161384583,0.8614789921826503,0.9719597101211548,0.6753032803535461
87,CTL2527,chat,Zwecke und Rechtsgrundlagen der Verarbeitung,0.07020633377830661,0.36444444444444446,0.17937219730941703,0.3111111111111111,0.370147029768177,0.8736787438392639,0.9101102352142334,0.8915224574143772,0.9839988350868225,0.7593329548835754
87,CTL2527,chat,Kategorien personenbezogener Daten und Datenquellen,0.0934401210693275,0.6627906976744187,0.4823529411764706,0.6395348837209303,0.46692258230452666,0.8955668210983276,0.9194096326828003,0.9073316188907554,0.9774551391601562,0.734168291091919
87,CTL2527,chat,Betroffene Personen und Empfänger,0.13770132403111898,0.5094339622641509,0.30769230769230765,0.45283018867924524,0.28813352826510724,0.8411306738853455,0.8609795570373535,0.8509393831911285,0.9626341462135315,0.7747855186462402
87,CTL2527,chat,Aufbewahrungsfristen und Löschung,0.0,0.2,0.07692307692307691,0.175,0.2855898775677476,0.7863394021987915,0.872599720954895,0.8272269106898839,0.9336501359939575,0.5882395505905151
87,CTL2527,chat,Technische und organisatorische Maßnahmen,0.05129958373024798,0.3236514522821577,0.13389121338912136,0.23236514522821577,0.301054216017712,0.8253024220466614,0.8914666771888733,0.8571095649210854,0.9651342630386353,0.6003861427307129
89,VAG2434,chat,Verantwortliche Stelle und Kontaktdaten,0.1238181672882725,0.48739495798319327,0.2222222222222222,0.4201680672268908,0.39479915219560197,0.8434361219406128,0.8828302025794983,0.8626836680055076,0.9755628705024719,0.6428796052932739
89,VAG2434,chat,Zwecke und Rechtsgrundlagen der Verarbeitung,0.13969527394306094,0.45882352941176474,0.27380952380952384,0.3764705882352941,0.4193302322098781,0.8902838230133057,0.9053115844726562,0.8977348183029933,0.9875987768173218,0.8161548376083374
89,VAG2434,chat,Kategorien personenbezogener Daten und Datenquellen,0.0,0.5093167701863354,0.339622641509434,0.49689440993788814,0.23273085130081012,0.8919764757156372,0.9018511176109314,0.8968866177546414,0.9807307720184326,0.7006262540817261
89,VAG2434,chat,Betroffene Personen und Empfänger,0.1453263034992887,0.42857142857142855,0.23636363636363636,0.3571428571428571,0.3063550869193502,0.8777058720588684,0.8720446228981018,0.874866089103576,0.9746122360229492,0.7256702184677124
89,VAG2434,chat,Aufbewahrungsfristen und Löschung,0.09274140570646439,0.32653061224489793,0.22916666666666669,0.2857142857142857,0.5859167809785094,0.8382593393325806,0.9029200077056885,0.8693890499183639,0.946219801902771,0.6608409881591797
89,VAG2434,chat,Technische und organisatorische Maßnahmen,0.07496529648595121,0.31496062992125984,0.15079365079365079,0.2283464566929134,0.32237254403794047,0.8544870018959045,0.8851608633995056,0.8695535084433842,0.9809447526931763,0.6800205707550049
94,UOR0445,chat,Verantwortliche Stelle und Kontaktdaten,0.12027769514853624,0.568421052631579,0.38709677419354843,0.568421052631579,0.4105350963914978,0.8565826416015625,0.8591744303703308,0.8578765784334669,0.9743316769599915,0.7898184061050415
94,UOR0445,chat,Zwecke und Rechtsgrundlagen der Verarbeitung,0.1862987118281229,0.5212765957446809,0.3548387096774193,0.46808510638297873,0.5190185760015521,0.8979288935661316,0.9211333990097046,0.9093831444643746,0.9852323532104492,0.775666356086731
94,UOR0445,chat,Kategorien personenbezogener Daten und Datenquellen,0.14744405942996605,0.631578947368421,0.4642857142857143,0.6140350877192982,0.34198986867321535,0.9042226672172546,0.8717811107635498,0.8877055904694792,0.9763823747634888,0.6841904520988464
94,UOR0445,chat,Betroffene Personen und Empfänger,0.10248358968753743,0.5161290322580646,0.2637362637362637,0.4301075268817204,0.30240346729708434,0.9039652347564697,0.8702912330627441,0.8868086807867535,0.975029468536377,0.768921971321106
94,UOR0445,chat,Aufbewahrungsfristen und Löschung,0.19564176681137418,0.5151515151515151,0.43750000000000006,0.5151515151515151,0.6503199926508865,0.8646231293678284,0.9206944704055786,0.8917782856056112,0.9544340372085571,0.7249805927276611
94,UOR0445,chat,Technische und organisatorische Maßnahmen,0.12197209251102815,0.422360248447205,0.2641509433962264,0.3850931677018633,0.32151799485493365,0.8887385129928589,0.9042626619338989,0.896433381930077,0.9811758995056152,0.7982953786849976
98,ARN2026,chat,Verantwortliche Stelle und Kontaktdaten,0.14310738062537667,0.5233644859813084,0.34285714285714286,0.4672897196261682,0.4287572914916643,0.8539538979530334,0.867443859577179,0.8606460208292152,0.9714747071266174,0.6826280951499939
98,ARN2026,chat,Zwecke und Rechtsgrundlagen der Verarbeitung,0.07130348783255891,0.3577235772357724,0.17213114754098363,0.28455284552845533,0.4097574511819116,0.8693404197692871,0.9057976603507996,0.8871946662561958,0.9773927927017212,0.6866233348846436
98,ARN2026,chat,Kategorien personenbezogener Daten und Datenquellen,0.06070502500966578,0.3243243243243243,0.1651376146788991,0.2522522522522523,0.23729766736759741,0.8875646591186523,0.8349733352661133,0.860466156455755,0.9682880640029907,0.6611243486404419
98,ARN2026,chat,Betroffene Personen und Empfänger,0.13925601870844492,0.4597701149425287,0.2588235294117647,0.3908045977011494,0.31504601137096294,0.901862621307373,0.8544071912765503,0.8774937696558724,0.9695988893508911,0.776435375213623
98,ARN2026,chat,Aufbewahrungsfristen und Löschung,0.17226307014894685,0.4313725490196078,0.16326530612244897,0.39215686274509803,0.5962789602284436,0.8872952461242676,0.9280116558074951,0.9071968267951341,0.9718786478042603,0.735572099685669
98,ARN2026,chat,Technische und organisatorische Maßnahmen,0.06684662181571607,0.2888888888888889,0.16417910447761191,0.22962962962962963,0.28574981668474353,0.8329330682754517,0.8961004614830017,0.8633629065254229,0.9709456562995911,0.7628253698348999
100,EHJ2314,chat,Verantwortliche Stelle und Kontaktdaten,0.16680920059966706,0.6464646464646464,0.4948453608247423,0.6262626262626263,0.528830579850988,0.8607596158981323,0.871979296207428,0.8663331317036923,0.9733302593231201,0.9008808135986328
100,EHJ2314,chat,Zwecke und Rechtsgrundlagen der Verarbeitung,0.0,0.1509433962264151,0.019230769230769232,0.09433962264150943,0.056603773584905655,0.862036406993866,0.8200786709785461,0.8405342538570896,0.9498518109321594,0.5390384197235107
100,EHJ2314,chat,Kategorien personenbezogener Daten und Datenquellen,0.0,0.12,0.020408163265306124,0.1,0.05075045891372422,0.8605237603187561,0.7853592038154602,0.821225166060001,0.9414012432098389,0.34393543004989624
100,EHJ2314,chat,Betroffene Personen und Empfänger,0.0,0.3595505617977528,0.0689655172413793,0.20224719101123595,0.20797485568383658,0.8709250688552856,0.812466025352478,0.8406804948741825,0.9587292671203613,0.7457942962646484
100,EHJ2314,chat,Aufbewahrungsfristen und Löschung,0.0,0.17142857142857143,0.0,0.11428571428571428,0.08426966292134831,0.8676463961601257,0.8729872107505798,0.8703086098009339,0.9663727283477783,0.6338807344436646
100,EHJ2314,chat,Technische und organisatorische Maßnahmen,0.10060919875015785,0.28358208955223885,0.18181818181818182,0.23880597014925375,0.23781391083521441,0.8776278495788574,0.8520233631134033,0.8646360913380325,0.9766231775283813,0.46807169914245605
101,ALB0226,chat,Verantwortliche Stelle und Kontaktdaten,0.13453404981272238,0.5913043478260871,0.40707964601769914,0.4695652173913043,0.511915891851167,0.8513157963752747,0.8793901801109314,0.8651252860704506,0.9737316370010376,0.701833963394165
101,ALB0226,chat,Zwecke und Rechtsgrundlagen der Verarbeitung,0.06747686773884913,0.208955223880597,0.0909090909090909,0.16417910447761194,0.13479347408187486,0.8642383217811584,0.8450861573219299,0.8545549441234503,0.9704521298408508,0.5592657327651978
101,ALB0226,chat,Kategorien personenbezogener Daten und Datenquellen,0.0,0.07766990291262135,0.019801980198019802,0.07766990291262135,0.039240506329113925,0.8489152789115906,0.7915003299713135,0.8192030357889337,0.940815269947052,0.42274314165115356
101,ALB0226,chat,Betroffene Personen und Empfänger,0.0,0.36190476190476184,0.17475728155339804,0.3047619047619048,0.18947368421052632,0.8543390035629272,0.8288145661354065,0.8413832502490803,0.9619724750518799,0.6362015008926392
101,ALB0226,chat,Aufbewahrungsfristen und Löschung,0.0,0.15,0.0,0.05,0.13513513513513514,0.8573715686798096,0.8577558398246765,0.857563661204621,0.9414999485015869,0.34100568294525146
101,ALB0226,chat,Technische und organisatorische Maßnahmen,0.12142854690647686,0.375,0.18309859154929575,0.27777777777777773,0.26018711547863843,0.8944672346115112,0.8475314378738403,0.8703670254808493,0.9695608019828796,0.5456112623214722
102,NAB0152,chat,Verantwortliche Stelle und Kontaktdaten,0.12623732059751064,0.5000000000000001,0.28205128205128205,0.4749999999999999,0.33625730994152053,0.8499410152435303,0.8463477492332458,0.8481405764121364,0.9713736176490784,0.6456226110458374
102,NAB0152,chat,Zwecke und Rechtsgrundlagen der Verarbeitung,0.25864546645652364,0.6666666666666666,0.5157894736842105,0.6145833333333333,0.663154669577373,0.9074079394340515,0.9420017004013062,0.9243812765900994,0.9903250336647034,0.7802982330322266
102,NAB0152,chat,Kategorien personenbezogener Daten und Datenquellen,0.07311679013875676,0.6370370370370372,0.42105263157894735,0.6074074074074075,0.29846218579362704,0.9104527235031128,0.9074211120605469,0.908934389919951,0.9827589988708496,0.7725856304168701
102,NAB0152,chat,Betroffene Personen und Empfänger,0.11215024135843853,0.4950495049504951,0.2828282828282828,0.396039603960396,0.3732597337787329,0.8846747875213623,0.8764169216156006,0.8805264937512782,0.9784051179885864,0.7939425706863403
102,NAB0152,chat,Aufbewahrungsfristen und Löschung,0.07295590089656477,0.3055555555555556,0.17142857142857146,0.3055555555555556,0.3264810717797444,0.8127062916755676,0.8735751509666443,0.8420421449098067,0.9436073303222656,0.5122730731964111
102,NAB0152,chat,Technische und organisatorische Maßnahmen,0.09723311001214674,0.4444444444444444,0.28089887640449435,0.3444444444444445,0.35266109612699775,0.8923612833023071,0.9087619781494141,0.9004869598809426,0.984818696975708,0.8182592391967773
105,AMR2620,chat,Verantwortliche Stelle und Kontaktdaten,0.1527679500761105,0.5789473684210525,0.375,0.543859649122807,0.46046181609111364,0.8491974472999573,0.8898833394050598,0.8690644689937775,0.9796000719070435,0.5859805941581726
105,AMR2620,chat,Zwecke und Rechtsgrundlagen der Verarbeitung,0.13766077624829298,0.49740932642487046,0.29319371727748694,0.40414507772020725,0.4422814676514465,0.897064208984375,0.9219962954521179,0.9093593923336745,0.9879813194274902,0.7349576950073242
105,AMR2620,chat,Kategorien personenbezogener Daten und Datenquellen,0.08907800791154703,0.5254237288135594,0.3448275862068966,0.5254237288135594,0.2915611955811108,0.8994890451431274,0.8658784031867981,0.8823637694570108,0.9751412868499756,0.6629666090011597
105,AMR2620,chat,Betroffene Personen und Empfänger,0.11096989244226481,0.5470085470085471,0.2956521739130435,0.4786324786324786,0.3616988716680129,0.8409478068351746,0.8634811043739319,0.8520655055677899,0.9563398361206055,0.7988948822021484
105,AMR2620,chat,Aufbewahrungsfristen und Löschung,0.04414390943998457,0.3181818181818182,0.18604651162790695,0.24999999999999997,0.32728522674261573,0.8217292428016663,0.9068818688392639,0.8622082160335491,0.9498072862625122,0.5423967242240906
105,AMR2620,chat,Technische und organisatorische Maßnahmen,0.05235293408409189,0.28125,0.11949685534591194,0.21249999999999997,0.27253480882445774,0.8312438130378723,0.8903409838676453,0.8597780785057074,0.9642646312713623,0.719941258430481
106,AMR2620,chat,Verantwortliche Stelle und Kontaktdaten,0.1527679500761105,0.5789473684210525,0.375,0.543859649122807,0.46046181609111364,0.8491974472999573,0.8898833394050598,0.8690644689937775,0.9796000719070435,0.5859805941581726
106,AMR2620,chat,Zwecke und Rechtsgrundlagen der Verarbeitung,0.13766077624829298,0.49740932642487046,0.29319371727748694,0.40414507772020725,0.4422814676514465,0.897064208984375,0.9219962954521179,0.9093593923336745,0.9879813194274902,0.7349576950073242
106,AMR2620,chat,Kategorien personenbezogener Daten und Datenquellen,0.08907800791154703,0.5254237288135594,0.3448275862068966,0.5254237288135594,0.2915611955811108,0.8994890451431274,0.8658784031867981,0.8823637694570108,0.9751412868499756,0.6629666090011597
106,AMR2620,chat,Betroffene Personen und Empfänger,0.11096989244226481,0.5470085470085471,0.2956521739130435,0.4786324786324786,0.3616988716680129,0.8409478068351746,0.8634811043739319,0.8520655055677899,0.9563398361206055,0.7988948822021484
106,AMR2620,chat,Aufbewahrungsfristen und Löschung,0.04414390943998457,0.3181818181818182,0.18604651162790695,0.24999999999999997,0.32728522674261573,0.8217292428016663,0.9068818688392639,0.8622082160335491,0.9498072862625122,0.5423967242240906
106,AMR2620,chat,Technische und organisatorische Maßnahmen,0.05235293408409189,0.28125,0.11949685534591194,0.21249999999999997,0.27253480882445774,0.8312438130378723,0.8903409838676453,0.8597780785057074,0.9642646312713623,0.719941258430481
107,AMR2620,chat,Verantwortliche Stelle und Kontaktdaten,0.14944094869193192,0.5546218487394957,0.376068376068376,0.5210084033613446,0.46869009848635074,0.8483073711395264,0.8829205632209778,0.8652679488881807,0.9724420309066772,0.5950042605400085
107,AMR2620,chat,Zwecke und Rechtsgrundlagen der Verarbeitung,0.1565081067390539,0.5316455696202532,0.374468085106383,0.49789029535864976,0.5605241978988748,0.8844354748725891,0.921633243560791,0.9026512968278511,0.9838183522224426,0.8213506937026978
107,AMR2620,chat,Kategorien personenbezogener Daten und Datenquellen,0.07117927386241174,0.45217391304347826,0.2831858407079646,0.45217391304347826,0.23421588594704687,0.8958718180656433,0.8541556000709534,0.8745165046171722,0.9705946445465088,0.601806640625
107,AMR2620,chat,Betroffene Personen und Empfänger,0.1322327422331825,0.4424778761061947,0.2702702702702703,0.3716814159292035,0.38037626293120796,0.8852267861366272,0.8729292154312134,0.8790349925852394,0.9813203811645508,0.84016352891922
107,AMR2620,chat,Aufbewahrungsfristen und Löschung,0.0371284317461512,0.2891566265060241,0.14814814814814814,0.21686746987951808,0.22357723577235777,0.836513340473175,0.8947616815567017,0.8646576351443199,0.9561688303947449,0.6540106534957886
107,AMR2620,chat,Technische und organisatorische Maßnahmen,0.03341352005630682,0.28767123287671237,0.0896551724137931,0.2054794520547945,0.24169726718625098,0.8347067832946777,0.8872270584106445,0.860165966939262,0.9665038585662842,0.6866092681884766
111,UAB0821,chat,Verantwortliche Stelle und Kontaktdaten,0.12959597417948712,0.5040650406504065,0.24793388429752067,0.4552845528455285,0.43227414360976923,0.8379421830177307,0.880673348903656,0.858776538206709,0.9742782711982727,0.5749047994613647
111,UAB0821,chat,Zwecke und Rechtsgrundlagen der Verarbeitung,0.1008424020312948,0.39999999999999997,0.2558139534883721,0.3384615384615385,0.4159592936974187,0.8711578249931335,0.9078403115272522,0.8891208765154399,0.9794431924819946,0.6967453956604004
111,UAB0821,chat,Kategorien personenbezogener Daten und Datenquellen,0.0380193535097816,0.3495145631067961,0.1386138613861386,0.3106796116504854,0.19037871033776863,0.8786643743515015,0.8486410975456238,0.8633918101410468,0.9716184735298157,0.6504000425338745
111,UAB0821,chat,Betroffene Personen und Empfänger,0.0,0.3061224489795918,0.125,0.24489795918367344,0.24023441708142115,0.8516649007797241,0.8238238096237183,0.8375130416894474,0.9594753384590149,0.6902610063552856
111,UAB0821,chat,Aufbewahrungsfristen und Löschung,0.0,0.24324324324324323,0.027777777777777776,0.16216216216216217,0.25170285227756495,0.8447352647781372,0.9121325016021729,0.8771411315049005,0.9644840359687805,0.5776782035827637
111,UAB0821,chat,Technische und organisatorische Maßnahmen,0.11087867240232181,0.36714975845410625,0.21463414634146344,0.2995169082125604,0.34725463909571386,0.8749449253082275,0.9048324823379517,0.889637755007421,0.9795538783073425,0.7880160808563232
113,DLZ2800,chat,Verantwortliche Stelle und Kontaktdaten,0.16474929773364141,0.5663716814159292,0.37837837837837834,0.49557522123893805,0.45981960993199084,0.8512099385261536,0.8777413368225098,0.8642720706028947,0.9756016135215759,0.7679336071014404
113,DLZ2800,chat,Zwecke und Rechtsgrundlagen der Verarbeitung,0.12494798817013791,0.43776824034334766,0.2943722943722944,0.3776824034334764,0.45771144278606973,0.8754652738571167,0.9194399118423462,0.8969139101378705,0.9876757264137268,0.6900057196617126
113,DLZ2800,chat,Kategorien personenbezogener Daten und Datenquellen,0.09944139363069772,0.5826771653543307,0.38399999999999995,0.5354330708661417,0.326223037441874,0.9030452966690063,0.8790958523750305,0.8909096512746376,0.979236364364624,0.7298632860183716
113,DLZ2800,chat,Betroffene Personen und Empfänger,0.10634687930369598,0.41818181818181815,0.22222222222222224,0.3090909090909091,0.32457877845752686,0.877105712890625,0.8611196279525757,0.8690391601276121,0.9763630628585815,0.7510077953338623
113,DLZ2800,chat,Aufbewahrungsfristen und Löschung,0.0,0.31746031746031744,0.13114754098360654,0.31746031746031744,0.30121792083514576,0.8380614519119263,0.891170859336853,0.8638005887573242,0.9582430720329285,0.5338987112045288
113,DLZ2800,chat,Technische und organisatorische Maßnahmen,0.041650323604816665,0.3318777292576419,0.13215859030837004,0.22707423580786026,0.2574896572813824,0.8366996645927429,0.8960210680961609,0.865344902961569,0.9710612893104553,0.7342041730880737
117,UTP0442,chat,Verantwortliche Stelle und Kontaktdaten,0.306787175042771,0.7747747747747746,0.6788990825688073,0.7747747747747746,0.7395471120103335,0.8899790048599243,0.9256107807159424,0.9074452478789511,0.9828147888183594,0.7554565668106079
117,UTP0442,chat,Zwecke und Rechtsgrundlagen der Verarbeitung,0.06290539694098073,0.2857142857142857,0.1132075471698113,0.22360248447204967,0.23886451542361997,0.8628249168395996,0.874681830406189,0.8687129172622072,0.9819290041923523,0.6030091047286987
117,UTP0442,chat,Kategorien personenbezogener Daten und Datenquellen,0.03670152211574984,0.2385321100917431,0.11214953271028037,0.22018348623853212,0.12572464802810063,0.8695369958877563,0.8197370767593384,0.8439029837546499,0.9508515000343323,0.5253975987434387
117,UTP0442,chat,Betroffene Personen und Empfänger,0.150916860935786,0.4727272727272727,0.3148148148148148,0.41818181818181815,0.32892071759259256,0.8803170323371887,0.8608587384223938,0.870479158504414,0.9762070178985596,0.7186984419822693
117,UTP0442,chat,Aufbewahrungsfristen und Löschung,0.04944330284233437,0.35087719298245607,0.18181818181818182,0.3157894736842105,0.3251591435185185,0.8159608244895935,0.8704285025596619,0.8423150540813161,0.9433332681655884,0.6040865182876587
117,UTP0442,chat,Technische und organisatorische Maßnahmen,0.08859625263864489,0.29239766081871343,0.1301775147928994,0.19883040935672516,0.2505217846529778,0.8454107046127319,0.8761364817619324,0.8604993998951314,0.9750285148620605,0.6808630228042603
3,EHN0215,form,Verantwortliche Stelle und Kontaktdaten,0.14944094869193192,0.5546218487394957,0.376068376068376,0.5210084033613446,0.46869009848635074,0.8483073711395264,0.8829205632209778,0.8652679488881807,0.9724420309066772,0.5950042605400085
3,EHN0215,form,Zwecke und Rechtsgrundlagen der Verarbeitung,0.12964661714287767,0.5040650406504065,0.3770491803278688,0.4227642276422765,0.5074796890214217,0.8668715357780457,0.9284313321113586,0.8965960107644746,0.9822227358818054,0.7676615715026855
3,EHN0215,form,Kategorien personenbezogener Daten und Datenquellen,0.1817083530825435,0.75177304964539,0.60431654676259,0.7375886524822695,0.49626237449285815,0.9189791083335876,0.9134580492973328,0.9162102614516819,0.9820936322212219,0.7786111831665039
3,EHN0215,form,Betroffene Personen und Empfänger,0.12369162986785527,0.5043478260869565,0.30088495575221236,0.43478260869565216,0.33030987231392084,0.8617575168609619,0.8874249458312988,0.8744029099662861,0.9653881788253784,0.7043202519416809
3,EHN0215,form,Aufbewahrungsfristen und Löschung,0.0,0.17647058823529413,0.04,0.15686274509803924,0.2637055957617899,0.822530210018158,0.9008804559707642,0.8599243410457686,0.9531667232513428,0.3989623486995697
3,EHN0215,form,Technische und organisatorische Maßnahmen,0.2654048888787469,0.6309523809523809,0.4578313253012048,0.5714285714285714,0.5712861033332055,0.9184163808822632,0.9180668592453003,0.9182415868030985,0.9849110841751099,0.8737396001815796
6,RIT1851,form,Verantwortliche Stelle und Kontaktdaten,0.1272143490922236,0.48739495798319327,0.23931623931623933,0.4201680672268908,0.4577348066298343,0.8484512567520142,0.8801909685134888,0.8640297251819599,0.976195752620697,0.554086446762085
6,RIT1851,form,Zwecke und Rechtsgrundlagen der Verarbeitung,0.10366754090401435,0.4507042253521127,0.27488151658767773,0.38497652582159625,0.4346072635135134,0.8877346515655518,0.9084312915802002,0.8979637312238619,0.9814454913139343,0.7279964685440063
6,RIT1851,form,Kategorien personenbezogener Daten und Datenquellen,0.12058822323718874,0.5575757575757576,0.4049079754601227,0.5575757575757576,0.4228000805360119,0.8905526399612427,0.904244065284729,0.8973461307956221,0.9825073480606079,0.8162950277328491
6,RIT1851,form,Betroffene Personen und Empfänger,0.11740401233667436,0.5314685314685315,0.2978723404255319,0.4755244755244755,0.4230436518498802,0.8662896752357483,0.9101787805557251,0.8876920697843702,0.9787988066673279,0.7034270763397217
6,RIT1851,form,Aufbewahrungsfristen und Löschung,0.06401588640837434,0.2666666666666667,0.1941747572815534,0.2666666666666667,0.3760831504997452,0.7987450957298279,0.8921550512313843,0.8428699625845004,0.9442121386528015,0.48708879947662354
6,RIT1851,form,Technische und organisatorische Maßnahmen,0.060899640131927925,0.21561338289962825,0.09737827715355804,0.16356877323420074,0.2044134068831179,0.8224607110023499,0.8717940449714661,0.8464091336284586,0.9606348276138306,0.6756995916366577
10,IAR1116,form,Verantwortliche Stelle und Kontaktdaten,0.24567881668768218,0.6666666666666666,0.5242718446601942,0.6666666666666666,0.607317485294273,0.8693215847015381,0.8956258296966553,0.8822776919243303,0.977449893951416,0.7673460245132446
10,IAR1116,form,Zwecke und Rechtsgrundlagen der Verarbeitung,0.1886924484399274,0.5245901639344263,0.3977900552486188,0.4808743169398907,0.5166037543358499,0.8925610184669495,0.9212707281112671,0.9066886616336127,0.9869630336761475,0.7671583890914917
10,IAR1116,form,Kategorien personenbezogener Daten und Datenquellen,0.1993411080168131,0.7058823529411764,0.5695364238410596,0.6797385620915032,0.49959909066473507,0.9146506190299988,0.9231274127960205,0.9188694662091533,0.9861544370651245,0.8711833357810974
10,IAR1116,form,Betroffene Personen und Empfänger,0.1274873169227125,0.5095541401273885,0.34838709677419355,0.47133757961783446,0.45211721146467515,0.8495126366615295,0.9036121964454651,0.8757276892387206,0.9689368009567261,0.6932883858680725
10,IAR1116,form,Aufbewahrungsfristen und Löschung,0.027697872721560022,0.208,0.11382113821138211,0.192,0.3599374021909233,0.8118793964385986,0.8934060335159302,0.8506938938484414,0.9443756937980652,0.5064780116081238
10,IAR1116,form,Technische und organisatorische Maßnahmen,0.01352275749322235,0.20118343195266272,0.041666666666666664,0.1183431952662722,0.20092201833343035,0.8168470859527588,0.8709865212440491,0.8430485075646119,0.9599905014038086,0.7136196494102478
14,TIL1618,form,Verantwortliche Stelle und Kontaktdaten,0.13089413090831062,0.49557522123893805,0.2522522522522523,0.4424778761061947,0.44386825346067754,0.8430026769638062,0.8720606565475464,0.8572855049489981,0.9752354621887207,0.5806561708450317
14,TIL1618,form,Zwecke und Rechtsgrundlagen der Verarbeitung,0.10671619013126679,0.3539094650205761,0.2655601659751038,0.3127572016460905,0.3539328426448124,0.8591973185539246,0.894284725189209,0.876389970057611,0.9754238724708557,0.7862238883972168
14,TIL1618,form,Kategorien personenbezogener Daten und Datenquellen,0.07784663882557208,0.5728155339805825,0.40196078431372556,0.5533980582524272,0.430616477235664,0.8824548721313477,0.9143073558807373,0.8980987781729569,0.9783928990364075,0.6623938083648682
14,TIL1618,form,Betroffene Personen und Empfänger,0.06945956387266645,0.3979591836734694,0.24742268041237112,0.336734693877551,0.34943526815833126,0.8440054655075073,0.9083676338195801,0.8750045842728907,0.970478892326355,0.6548740267753601
14,TIL1618,form,Aufbewahrungsfristen und Löschung,0.03698334308594279,0.2888888888888889,0.1590909090909091,0.24444444444444444,0.4024496937882765,0.8193792700767517,0.8993452191352844,0.8575019833922608,0.9482623338699341,0.6507391929626465
14,TIL1618,form,Technische und organisatorische Maßnahmen,0.06451035541424846,0.24905660377358488,0.12167300380228137,0.15849056603773584,0.2080278592375367,0.817352294921875,0.8732028007507324,0.8443549872497473,0.9551780819892883,0.58938068151474
15,NOC2416,form,Verantwortliche Stelle und Kontaktdaten,0.15313313934259873,0.4938271604938272,0.3291139240506329,0.4938271604938272,0.3638265186561011,0.8482407927513123,0.8486717939376831,0.8484562386092025,0.9713769555091858,0.5508579015731812
15,NOC2416,form,Zwecke und Rechtsgrundlagen der Verarbeitung,0.1848961922229198,0.46994535519125674,0.37569060773480656,0.4480874316939891,0.5121315888243505,0.8878427743911743,0.9102287292480469,0.8988963994707636,0.9845231771469116,0.6455678939819336
15,NOC2416,form,Kategorien personenbezogener Daten und Datenquellen,0.17824724690669894,0.6504065040650406,0.512396694214876,0.6341463414634146,0.36769660992213726,0.9204779863357544,0.9009149670600891,0.9105914165233816,0.9829866290092468,0.7184782028198242
15,NOC2416,form,Betroffene Personen und Empfänger,0.27634674664158887,0.6259541984732825,0.4496124031007752,0.5954198473282442,0.6115761308562198,0.8867886066436768,0.914784848690033,0.9005691984935653,0.9817711114883423,0.7449028491973877
15,NOC2416,form,Aufbewahrungsfristen und Löschung,0.054065904404422396,0.38805970149253727,0.24615384615384614,0.3582089552238806,0.3581884890486603,0.8307919502258301,0.8891457319259644,0.8589789320012711,0.948870062828064,0.5325990915298462
15,NOC2416,form,Technische und organisatorische Maßnahmen,0.020190056343908466,0.20967741935483875,0.06504065040650406,0.1532258064516129,0.2024548224861946,0.8125497698783875,0.8710190057754517,0.84076908878009,0.9579609632492065,0.6372926831245422
21,NUG0102,form,Verantwortliche Stelle und Kontaktdaten,0.19412058425322876,0.49411764705882355,0.31325301204819284,0.49411764705882355,0.2832862119673681,0.8600771427154541,0.8658279776573181,0.8629429790969803,0.9731126427650452,0.5814322829246521
21,NUG0102,form,Zwecke und Rechtsgrundlagen der Verarbeitung,0.18143363810078214,0.4752475247524752,0.38,0.42574257425742573,0.4873302848175853,0.8810651898384094,0.9120189547538757,0.8962748970034126,0.9855055212974548,0.7727701663970947
21,NUG0102,form,Kategorien personenbezogener Daten und Datenquellen,0.2015279115178755,0.7027027027027026,0.547945205479452,0.6756756756756757,0.5331925744095648,0.9228050708770752,0.9266895651817322,0.924743238726953,0.9880629777908325,0.8883096575737
21,NUG0102,form,Betroffene Personen und Empfänger,0.13292474315707853,0.3898305084745763,0.25862068965517243,0.3898305084745763,0.3297674915712051,0.8508864641189575,0.8732742071151733,0.8619349863335483,0.9680688977241516,0.6292948722839355
21,NUG0102,form,Aufbewahrungsfristen und Löschung,0.0,0.2711864406779661,0.10526315789473684,0.23728813559322032,0.3157209196964549,0.8296861052513123,0.8787655830383301,0.8535208797737602,0.95525723695755,0.5594347715377808
21,NUG0102,form,Technische und organisatorische Maßnahmen,0.15458167467318135,0.4767441860465116,0.3294117647058823,0.45348837209302323,0.38792028811437224,0.8952918648719788,0.9096487760543823,0.9024132213835694,0.981149435043335,0.8128949403762817
22,IHL0436,form,Verantwortliche Stelle und Kontaktdaten,0.2332487150262134,0.6481481481481481,0.49056603773584906,0.6296296296296295,0.5460524625336443,0.8760423064231873,0.9031764268875122,0.8894024610963006,0.9800733327865601,0.8503757119178772
22,IHL0436,form,Zwecke und Rechtsgrundlagen der Verarbeitung,0.1554211976638662,0.38251366120218583,0.24309392265193366,0.33879781420765026,0.3736111871271415,0.8739272356033325,0.8846313953399658,0.8792467379295499,0.9833081960678101,0.639995813369751
22,IHL0436,form,Kategorien personenbezogener Daten und Datenquellen,0.08802381164318901,0.49090909090909085,0.3148148148148148,0.4545454545454545,0.23887358684480986,0.8907850980758667,0.8480554223060608,0.8688952479284845,0.9719114303588867,0.6611081957817078
22,IHL0436,form,Betroffene Personen und Empfänger,0.09483396663840267,0.5696969696969697,0.4294478527607362,0.5575757575757576,0.5253730855407438,0.8415862321853638,0.9223838448524475,0.8801345949377812,0.9679274559020996,0.6457250714302063
22,IHL0436,form,Aufbewahrungsfristen und Löschung,0.09899959240237607,0.3421052631578948,0.16216216216216214,0.2894736842105263,0.560897435897436,0.8525468707084656,0.9234089851379395,0.8865641992978863,0.9641553163528442,0.5767452120780945
22,IHL0436,form,Technische und organisatorische Maßnahmen,0.1722267537198364,0.47008547008547,0.3189655172413793,0.41025641025641024,0.45534604284604285,0.8883100748062134,0.9155372381210327,0.9017181738773589,0.9813741445541382,0.8127796649932861
24,NNL2811,form,Verantwortliche Stelle und Kontaktdaten,0.21777604964573347,0.5961538461538461,0.4313725490196078,0.5961538461538461,0.48307527238724424,0.8689476847648621,0.8984706997871399,0.8834626155673891,0.9802534580230713,0.7803168296813965
24,NNL2811,form,Zwecke und Rechtsgrundlagen der Verarbeitung,0.3474163645151224,0.7368421052631579,0.6266666666666667,0.7105263157894737,0.6150641423814796,0.9323279857635498,0.9392061829566956,0.935754445104741,0.9867954254150391,0.9140539169311523
24,NNL2811,form,Kategorien personenbezogener Daten und Datenquellen,0.18490448148757146,0.703448275862069,0.5174825174825174,0.6344827586206897,0.45027335536594804,0.920086145401001,0.9241269826889038,0.9221021371254877,0.9844478964805603,0.8093950748443604
24,NNL2811,form,Betroffene Personen und Empfänger,0.28473777147055984,0.6808510638297872,0.5755395683453237,0.6666666666666666,0.6741310637414534,0.8647597432136536,0.9284353256225586,0.8954669882032582,0.9756261110305786,0.7771384119987488
24,NNL2811,form,Aufbewahrungsfristen und Löschung,0.0663146674131623,0.28,0.163265306122449,0.24,0.41228879339437985,0.8148678541183472,0.8981372714042664,0.8544786937863026,0.945441484451294,0.6246294975280762
24,NNL2811,form,Technische und organisatorische Maßnahmen,0.0,0.3522012578616352,0.089171974522293,0.21383647798742136,0.24772676966665197,0.871613621711731,0.879851222038269,0.8757130500733387,0.9790021181106567,0.660109281539917
25,AAL1220,form,Verantwortliche Stelle und Kontaktdaten,0.3363262576890317,0.6206896551724138,0.44705882352941173,0.5977011494252874,0.522886856127313,0.875171422958374,0.8817465901374817,0.8784467029506311,0.9772162437438965,0.6299678087234497
25,AAL1220,form,Zwecke und Rechtsgrundlagen der Verarbeitung,0.13753582854912588,0.5170731707317073,0.3251231527093596,0.37073170731707317,0.5004543147904323,0.8820477724075317,0.9160472750663757,0.8987260818357948,0.9839804768562317,0.761699914932251
25,AAL1220,form,Kategorien personenbezogener Daten und Datenquellen,0.0940827273801056,0.6274509803921569,0.4503311258278146,0.5751633986928105,0.3840982658959538,0.9085534811019897,0.9152089357376099,0.9118690645473311,0.9842736721038818,0.8338825106620789
25,AAL1220,form,Betroffene Personen und Empfänger,0.08057186367087024,0.5038167938931297,0.2790697674418604,0.45801526717557256,0.4319755682655344,0.8571326732635498,0.8876298666000366,0.8721147354377996,0.9680508375167847,0.7091125249862671
25,AAL1220,form,Aufbewahrungsfristen und Löschung,0.05539841182784498,0.27906976744186046,0.16666666666666666,0.2325581395348837,0.374322055785124,0.8009739518165588,0.868410587310791,0.833330180811745,0.9388492703437805,0.5076397061347961
25,AAL1220,form,Technische und organisatorische Maßnahmen,0.016436905996578214,0.15151515151515152,0.04568527918781726,0.10101010101010102,0.18295540491005352,0.7976412773132324,0.8707399368286133,0.8325892302459944,0.9466100931167603,0.7066879272460938
31,IOL1223,form,Verantwortliche Stelle und Kontaktdaten,0.26139889499053565,0.6250000000000001,0.43636363636363634,0.5892857142857143,0.6205865714731585,0.8740609884262085,0.9110519886016846,0.8921732259105173,0.9833968281745911,0.7266347408294678
31,IOL1223,form,Zwecke und Rechtsgrundlagen der Verarbeitung,0.1776064833924716,0.5321100917431193,0.3888888888888889,0.4311926605504587,0.5260519210513488,0.8744723796844482,0.9174233078956604,0.8954330866401289,0.9860606789588928,0.756231963634491
31,IOL1223,form,Kategorien personenbezogener Daten und Datenquellen,0.09646474652472321,0.5586592178770949,0.4067796610169492,0.5363128491620113,0.4147009188928509,0.8909526467323303,0.9124044179916382,0.901550942962424,0.9850237369537354,0.7124497890472412
31,IOL1223,form,Betroffene Personen und Empfänger,0.07490057188470016,0.49206349206349204,0.2580645161290323,0.3968253968253968,0.4191043385680063,0.8554561734199524,0.8879032731056213,0.8713777734038206,0.9763442277908325,0.7167141437530518
31,IOL1223,form,Aufbewahrungsfristen und Löschung,0.0,0.3125,0.12765957446808512,0.22916666666666666,0.30418145519077194,0.8354278206825256,0.9136172533035278,0.8727748440763252,0.9575031399726868,0.5970288515090942
31,IOL1223,form,Technische und organisatorische Maßnahmen,0.08399871921682309,0.5172413793103449,0.24418604651162792,0.31034482758620685,0.35393973532703715,0.894270658493042,0.903507649898529,0.8988654243482769,0.983462929725647,0.7750598192214966
34,thg1620,form,Verantwortliche Stelle und Kontaktdaten,0.29220789435526495,0.7256637168141593,0.5765765765765767,0.6371681415929205,0.7199455636955636,0.8718987703323364,0.9052509665489197,0.888261904099643,0.9793382883071899,0.739702582359314
34,thg1620,form,Zwecke und Rechtsgrundlagen der Verarbeitung,0.09921420018181244,0.42741935483870963,0.31707317073170727,0.3709677419354839,0.40514199949320706,0.8432387113571167,0.9025579690933228,0.8718905555336294,0.968448281288147,0.7193091511726379
34,thg1620,form,Kategorien personenbezogener Daten und Datenquellen,0.12162628436327272,0.6256410256410256,0.466321243523316,0.5846153846153846,0.5035044793115233,0.892830491065979,0.9240525364875793,0.9081732477118963,0.9817704558372498,0.832918643951416
34,thg1620,form,Betroffene Personen und Empfänger,0.10661576948089635,0.48000000000000004,0.33783783783783783,0.3733333333333334,0.38351421974922234,0.8579841256141663,0.9087246060371399,0.8826257238295421,0.9799365997314453,0.7361429929733276
34,thg1620,form,Aufbewahrungsfristen und Löschung,0.0,0.15172413793103445,0.04195804195804196,0.1103448275862069,0.2019931939718036,0.792312741279602,0.8710854649543762,0.829833902718225,0.9396529197692871,0.2438492625951767
34,thg1620,form,Technische und organisatorische Maßnahmen,0.05360185090409868,0.25949367088607594,0.12101910828025476,0.17721518987341775,0.2638962834917891,0.8235459327697754,0.8877164125442505,0.8544280110010102,0.9650218486785889,0.6494771242141724
41,AHR0531,form,Verantwortliche Stelle und Kontaktdaten,0.1287462351239729,0.5081967213114754,0.2833333333333333,0.45901639344262296,0.35780041426098447,0.8408975005149841,0.8816361427307129,0.8607850786461325,0.9741250276565552,0.5908318758010864
41,AHR0531,form,Zwecke und Rechtsgrundlagen der Verarbeitung,0.16113515862304828,0.5,0.36936936936936937,0.45535714285714285,0.5420822565644189,0.8846687078475952,0.9101626873016357,0.8972346379524806,0.9775320887565613,0.7670602202415466
41,AHR0531,form,Kategorien personenbezogener Daten und Datenquellen,0.09714432326898721,0.5853658536585366,0.4132231404958678,0.5691056910569106,0.3107058426207363,0.9056696891784668,0.8794810771942139,0.8923832864148572,0.979271650314331,0.6784877777099609
41,AHR0531,form,Betroffene Personen und Empfänger,0.12041605508537755,0.5517241379310344,0.3356643356643357,0.4275862068965518,0.4647021289569504,0.8643911480903625,0.9025004506111145,0.8830348180150173,0.9716208577156067,0.7399492263793945
41,AHR0531,form,Aufbewahrungsfristen und Löschung,0.21027545940631823,0.5333333333333333,0.32558139534883723,0.5333333333333333,0.6443968119792295,0.9093495011329651,0.934498131275177,0.9217523124455952,0.9792115688323975,0.6652570366859436
41,AHR0531,form,Technische und organisatorische Maßnahmen,0.23126792791749962,0.5964912280701755,0.41420118343195267,0.5146198830409358,0.5311294733298288,0.9178056120872498,0.9206779599189758,0.9192395422022456,0.9847710132598877,0.8323581218719482
44,EII0925,form,Verantwortliche Stelle und Kontaktdaten,0.31872145343338637,0.7407407407407407,0.6226415094339622,0.7407407407407407,0.673282700421941,0.8805070519447327,0.9080613255500793,0.8940719413423105,0.9760782718658447,0.8761730194091797
44,EII0925,form,Zwecke und Rechtsgrundlagen der Verarbeitung,0.2363762282293907,0.5824175824175825,0.4555555555555556,0.5494505494505494,0.5872916852330452,0.893629252910614,0.9247726798057556,0.9089342725592721,0.9858980178833008,0.854573130607605
44,EII0925,form,Kategorien personenbezogener Daten und Datenquellen,0.17386922573255292,0.7349397590361444,0.5853658536585366,0.6867469879518072,0.5752234383367915,0.9075101017951965,0.9344870448112488,0.920801028085568,0.985224723815918,0.8148154020309448
44,EII0925,form,Betroffene Personen und Empfänger,0.05136392087406561,0.36024844720496896,0.16352201257861634,0.2857142857142857,0.3025799487010542,0.8496862649917603,0.8963763117790222,0.8724070380011271,0.977348804473877,0.5734410285949707
44,EII0925,form,Aufbewahrungsfristen und Löschung,0.06339545347217505,0.25742574257425743,0.12121212121212122,0.21782178217821782,0.3957370535135836,0.7863395810127258,0.8843638300895691,0.8324760445142375,0.9322605133056641,0.47343388199806213
44,EII0925,form,Technische und organisatorische Maßnahmen,0.08826563253319437,0.35393258426966295,0.24858757062146897,0.33146067415730335,0.38955356424375503,0.8445646166801453,0.9167159199714661,0.8791624201186902,0.9720463752746582,0.777898907661438
46,MIN0453,form,Verantwortliche Stelle und Kontaktdaten,0.1742799589966097,0.5981308411214952,0.45714285714285713,0.5794392523364486,0.41285568312595344,0.8620322942733765,0.8809945583343506,0.8714102817488097,0.9781066179275513,0.8359948396682739
46,MIN0453,form,Zwecke und Rechtsgrundlagen der Verarbeitung,0.10427386823972441,0.43442622950819665,0.2975206611570248,0.3770491803278689,0.4239090144374775,0.8487836718559265,0.90134197473526,0.8742736299005543,0.9730792045593262,0.7622499465942383
46,MIN0453,form,Kategorien personenbezogener Daten und Datenquellen,0.064532070854912,0.65359477124183,0.4768211920529801,0.6405228758169935,0.38681966829587566,0.8994842171669006,0.9153103232383728,0.9073282635939521,0.979455828666687,0.822105348110199
46,MIN0453,form,Betroffene Personen und Empfänger,0.1377937751306743,0.49101796407185627,0.3151515151515151,0.46706586826347307,0.3764448332100661,0.8488188982009888,0.8947702050209045,0.8711890412316502,0.9630260467529297,0.7073053121566772
46,MIN0453,form,Aufbewahrungsfristen und Löschung,0.13111138531756522,0.3492063492063492,0.2295081967213115,0.31746031746031744,0.5074660928534168,0.8796913027763367,0.920259952545166,0.8995184443511478,0.9696765542030334,0.6212209463119507
46,MIN0453,form,Technische und organisatorische Maßnahmen,0.1411022506597737,0.3356643356643356,0.18439716312056736,0.2657342657342658,0.2260955927995034,0.8827529549598694,0.8762190937995911,0.8794738890698792,0.9801667928695679,0.643578827381134
48,ENB1054,form,Verantwortliche Stelle und Kontaktdaten,0.1404581356141279,0.5185185185185185,0.26415094339622647,0.46296296296296297,0.4488625516712055,0.8484569191932678,0.8757853507995605,0.8619045635821015,0.9768742322921753,0.565682053565979
48,ENB1054,form,Zwecke und Rechtsgrundlagen der Verarbeitung,0.11405349225279786,0.4202334630350194,0.2901960784313725,0.3035019455252918,0.4533888228299644,0.8712940812110901,0.9049726128578186,0.887814069670963,0.9792218208312988,0.7523962259292603
48,ENB1054,form,Kategorien personenbezogener Daten und Datenquellen,0.12273702964259384,0.6133333333333334,0.4459459459459459,0.5733333333333333,0.4289372861702411,0.9122685790061951,0.9176773428916931,0.9149649676179885,0.9859449863433838,0.8328357934951782
48,ENB1054,form,Betroffene Personen und Empfänger,0.07970125227647017,0.4827586206896552,0.23255813953488377,0.3563218390804598,0.34601537885297556,0.8708378672599792,0.91617751121521,0.892932516987051,0.9828767776489258,0.6868211030960083
48,ENB1054,form,Aufbewahrungsfristen und Löschung,0.03149029851363029,0.24193548387096775,0.14754098360655737,0.19354838709677416,0.28459010722933237,0.8031454682350159,0.8818496465682983,0.8406594667055187,0.9410112500190735,0.5247538089752197
48,ENB1054,form,Technische und organisatorische Maßnahmen,0.045674634265897754,0.22941176470588232,0.08875739644970414,0.1411764705882353,0.23955019103277508,0.8149809837341309,0.876765251159668,0.844744905773489,0.9610897302627563,0.6738064289093018
53,ATN238,form,Verantwortliche Stelle und Kontaktdaten,0.12020194522009076,0.453125,0.25396825396825395,0.40625,0.4234374889781868,0.8292427659034729,0.8762968182563782,0.8521207060477416,0.969231903553009,0.5204480290412903
53,ATN238,form,Zwecke und Rechtsgrundlagen der Verarbeitung,0.1944756369864967,0.5472636815920398,0.38190954773869346,0.5074626865671641,0.5520583603817849,0.8870288133621216,0.9161658883094788,0.9013619438839883,0.9815452098846436,0.7962154150009155
53,ATN238,form,Kategorien personenbezogener Daten und Datenquellen,0.08332128136493185,0.4858757062146893,0.31999999999999995,0.4293785310734463,0.36415336037588786,0.8798649311065674,0.9021642804145813,0.8908750847649739,0.9810931086540222,0.7945306897163391
53,ATN238,form,Betroffene Personen und Empfänger,0.09095293786861322,0.415929203539823,0.2857142857142857,0.3716814159292035,0.41536653327768647,0.8421735763549805,0.9173644781112671,0.8781624488210875,0.9742374420166016,0.5669834017753601
53,ATN238,form,Aufbewahrungsfristen und Löschung,0.039136889176742906,0.16243654822335024,0.11282051282051284,0.15228426395939088,0.38110236220472443,0.7929471135139465,0.9001429080963135,0.843151529587511,0.9353851675987244,0.476448118686676
53,ATN238,form,Technische und organisatorische Maßnahmen,0.030984323726751757,0.2024691358024691,0.0794044665012407,0.12839506172839507,0.20826278520849728,0.8064713478088379,0.8761143684387207,0.8398515793004718,0.9578701257705688,0.6158350706100464
54,YÜI1752,form,Verantwortliche Stelle und Kontaktdaten,0.1836082044039349,0.48780487804878053,0.325,0.48780487804878053,0.3418216398985629,0.8445792198181152,0.8446007966995239,0.8445900081210125,0.9719481468200684,0.6173496246337891
54,YÜI1752,form,Zwecke und Rechtsgrundlagen der Verarbeitung,0.09113191767141464,0.31547619047619047,0.22754491017964074,0.2738095238095238,0.35086929629105224,0.8451572060585022,0.8955280184745789,0.8696138134269524,0.9657096266746521,0.790245532989502
54,YÜI1752,form,Kategorien personenbezogener Daten und Datenquellen,0.10506742038961843,0.608695652173913,0.4395604395604396,0.5760869565217391,0.4899594378427788,0.8920249938964844,0.9205411076545715,0.9060587365441274,0.981271505355835,0.7626569271087646
54,YÜI1752,form,Betroffene Personen und Empfänger,0.07730137675694013,0.3624161073825503,0.2040816326530612,0.33557046979865773,0.285244753191293,0.8271328210830688,0.8712849020957947,0.8486349726600034,0.9605230093002319,0.5465923547744751
54,YÜI1752,form,Aufbewahrungsfristen und Löschung,0.017870469655701576,0.16551724137931034,0.06993006993006994,0.13793103448275862,0.24883499394969233,0.7694361209869385,0.8645505309104919,0.8142250196823817,0.9198270440101624,0.4463556110858917
54,YÜI1752,form,Technische und organisatorische Maßnahmen,0.058813892571034726,0.21201413427561838,0.099644128113879,0.1625441696113074,0.15369836695485112,0.8238099217414856,0.8734488487243652,0.8479035020868524,0.962832510471344,0.6426570415496826
56,Jer1205,form,Verantwortliche Stelle und Kontaktdaten,0.10123303570466796,0.43697478991596644,0.17094017094017094,0.3865546218487395,0.3007187866122035,0.840996265411377,0.8687089681625366,0.8546280184530766,0.9743735790252686,0.5666013956069946
56,Jer1205,form,Zwecke und Rechtsgrundlagen der Verarbeitung,0.09282156563740394,0.31521739130434784,0.23497267759562843,0.28804347826086957,0.39291946609334405,0.8474055528640747,0.9006749391555786,0.8732286050331016,0.9692175388336182,0.6858565211296082
56,Jer1205,form,Kategorien personenbezogener Daten und Datenquellen,0.053230076881872604,0.49756097560975615,0.24630541871921185,0.4682926829268292,0.36809419110979247,0.8823665976524353,0.9093179702758789,0.8956395762723875,0.9849033355712891,0.7333006858825684
56,Jer1205,form,Betroffene Personen und Empfänger,0.07092576861606716,0.3835616438356165,0.2304147465437788,0.3287671232876712,0.40631135239620236,0.8390442132949829,0.9015945196151733,0.8691954856787931,0.9742743968963623,0.6198563575744629
56,Jer1205,form,Aufbewahrungsfristen und Löschung,0.012168201014403239,0.11764705882352941,0.05932203389830509,0.09243697478991594,0.14908256880733947,0.7794879078865051,0.8806219696998596,0.8269743901509027,0.9343509078025818,0.3465117812156677
56,Jer1205,form,Technische und organisatorische Maßnahmen,0.02924391868412218,0.1855287569573284,0.0819366852886406,0.13358070500927643,0.2255148865752966,0.8137639164924622,0.890143632888794,0.8502418681147981,0.9611517190933228,0.6744926571846008
58,OAZ2611,form,Verantwortliche Stelle und Kontaktdaten,0.2166504740589253,0.5981308411214952,0.38095238095238093,0.5794392523364486,0.5549184748662318,0.8628418445587158,0.8876583576202393,0.8750741915637985,0.9767864942550659,0.6861062049865723
58,OAZ2611,form,Zwecke und Rechtsgrundlagen der Verarbeitung,0.10364771655734012,0.4313725490196079,0.2766798418972332,0.38431372549019605,0.38124688072824797,0.862251341342926,0.9065333604812622,0.8838380445522116,0.9773393869400024,0.727655291557312
58,OAZ2611,form,Kategorien personenbezogener Daten und Datenquellen,0.0777604967424823,0.5549132947976879,0.3742690058479532,0.5317919075144509,0.39074577536115995,0.8849083781242371,0.9053131937980652,0.8949944996563682,0.979914665222168,0.8226049542427063
58,OAZ2611,form,Betroffene Personen und Empfänger,0.06265708836964808,0.4468085106382978,0.32258064516129037,0.4148936170212766,0.4231826408873166,0.82487553358078,0.901736319065094,0.8615951827252335,0.9617988467216492,0.5880047082901001
58,OAZ2611,form,Aufbewahrungsfristen und Löschung,0.055985120041569705,0.25688073394495414,0.18691588785046725,0.2385321100917431,0.30409832810452325,0.8123021721839905,0.9010624885559082,0.8543832302592231,0.9432700872421265,0.5277978181838989
58,OAZ2611,form,Technische und organisatorische Maßnahmen,0.05068858753720922,0.291970802919708,0.15441176470588236,0.2116788321167883,0.2714445153061224,0.8208316564559937,0.8871592283248901,0.8527075705319841,0.9554598331451416,0.6715033054351807
60,PVV2109,form,Verantwortliche Stelle und Kontaktdaten,0.0,0.3047619047619047,0.03883495145631067,0.26666666666666666,0.1846590909090909,0.8324716091156006,0.8370110392570496,0.8347351526858219,0.9634738564491272,0.46791553497314453
60,PVV2109,form,Zwecke und Rechtsgrundlagen der Verarbeitung,0.11819990678820155,0.4491525423728813,0.29914529914529914,0.3983050847457627,0.4460440610869636,0.8690870404243469,0.9127103686332703,0.8903646946704629,0.9820504784584045,0.7696958780288696
60,PVV2109,form,Kategorien personenbezogener Daten und Datenquellen,0.09282729472893633,0.5714285714285714,0.3975903614457831,0.5357142857142857,0.3886568905054598,0.8863955140113831,0.9119266271591187,0.8989798356097035,0.976750373840332,0.727766215801239
60,PVV2109,form,Betroffene Personen und Empfänger,0.11025163608323593,0.6027397260273972,0.4305555555555556,0.4931506849315069,0.5134071565846069,0.8558642864227295,0.9167295694351196,0.8852519669910492,0.969979465007782,0.6775920391082764
60,PVV2109,form,Aufbewahrungsfristen und Löschung,0.018395695905682793,0.14906832298136646,0.06289308176100629,0.12422360248447205,0.1671732522796353,0.7868495583534241,0.8895692825317383,0.835062431910259,0.9378942847251892,0.3579920530319214
60,PVV2109,form,Technische und organisatorische Maßnahmen,0.08000026398139848,0.24793388429752067,0.11666666666666667,0.19008264462809918,0.2498017154603054,0.8308895826339722,0.8737932443618774,0.8518015112473383,0.9715715050697327,0.6772123575210571
61,NIL1922,form,Verantwortliche Stelle und Kontaktdaten,0.23252576423920635,0.6206896551724138,0.4912280701754386,0.6206896551724138,0.5484784966638679,0.8611770868301392,0.895994246006012,0.8782407272108324,0.9729759693145752,0.8555436134338379
61,NIL1922,form,Zwecke und Rechtsgrundlagen der Verarbeitung,0.1632324317350377,0.46666666666666673,0.30337078651685395,0.4333333333333334,0.372,0.8846413493156433,0.9052960872650146,0.8948495470301948,0.9838120937347412,0.7745823860168457
61,NIL1922,form,Kategorien personenbezogener Daten und Datenquellen,0.16745557490323984,0.7638888888888888,0.591549295774648,0.7083333333333335,0.46828567492570805,0.9158034920692444,0.9220389723777771,0.9189106542726172,0.9832684993743896,0.8748079538345337
61,NIL1922,form,Betroffene Personen und Empfänger,0.275300085791858,0.688,0.5203252032520325,0.6399999999999999,0.6373013862956789,0.8993770480155945,0.9240525364875793,0.9115478322174552,0.9856866002082825,0.875734269618988
61,NIL1922,form,Aufbewahrungsfristen und Löschung,0.0,0.3076923076923077,0.06349206349206349,0.24615384615384617,0.2915137614678899,0.8242835402488708,0.8915585279464722,0.8566021703008209,0.958520770072937,0.5889972448348999
61,NIL1922,form,Technische und organisatorische Maßnahmen,0.1024992275407284,0.3333333333333333,0.16831683168316833,0.2549019607843137,0.30475234270414997,0.8544437289237976,0.8762228488922119,0.8651962520943636,0.9821438193321228,0.7302907705307007
66,NLL0820,form,Verantwortliche Stelle und Kontaktdaten,0.259788361219648,0.7184466019417475,0.5742574257425742,0.7184466019417475,0.6284948711881148,0.8824624419212341,0.9024159908294678,0.892327683817523,0.9840341806411743,0.8770194053649902
66,NLL0820,form,Zwecke und Rechtsgrundlagen der Verarbeitung,0.12994352651418326,0.45614035087719296,0.336283185840708,0.3859649122807018,0.4437711049281297,0.8603665232658386,0.9073477983474731,0.8832328404112988,0.9770098924636841,0.818087100982666
66,NLL0820,form,Kategorien personenbezogener Daten und Datenquellen,0.10480204465126422,0.6666666666666667,0.5217391304347826,0.6451612903225806,0.4662992228028648,0.8915577530860901,0.919177770614624,0.9051571111621999,0.9785568714141846,0.7886250615119934
66,NLL0820,form,Betroffene Personen und Empfänger,0.159387302961896,0.5298013245033113,0.33557046979865773,0.5033112582781456,0.43597727223155275,0.8622547388076782,0.8982706665992737,0.8798943049937055,0.9650740027427673,0.7751981019973755
66,NLL0820,form,Aufbewahrungsfristen und Löschung,0.08654417247713697,0.3488372093023256,0.19047619047619047,0.2558139534883721,0.43640295624422615,0.8223810195922852,0.8981168866157532,0.8585820165930534,0.9464659094810486,0.6667437553405762
66,NLL0820,form,Technische und organisatorische Maßnahmen,0.04299738022877832,0.23140495867768593,0.08333333333333333,0.15702479338842976,0.1801363193768257,0.818496823310852,0.8578180074691772,0.8376962384394733,0.9554803967475891,0.6449059844017029
67,aea2442,form,Verantwortliche Stelle und Kontaktdaten,0.2946168600198509,0.7289719626168225,0.6285714285714286,0.7289719626168225,0.6781380281690141,0.8814961314201355,0.9098912477493286,0.8954686453981078,0.979019820690155,0.8634908199310303
67,aea2442,form,Zwecke und Rechtsgrundlagen der Verarbeitung,0.1772870130630903,0.4999999999999999,0.38383838383838387,0.45,0.4897956316793633,0.8769523501396179,0.9152836799621582,0.8957081106573577,0.9806853532791138,0.756971538066864
67,aea2442,form,Kategorien personenbezogener Daten und Datenquellen,0.09190778245835972,0.576,0.34146341463414637,0.56,0.33915263408057544,0.9031000733375549,0.8807284832000732,0.8917739934742229,0.9795662760734558,0.7215933203697205
67,aea2442,form,Betroffene Personen und Empfänger,0.3252672999268236,0.7647058823529413,0.56,0.6862745098039216,0.6019599056829835,0.9369928240776062,0.9203645586967468,0.9286042578903868,0.9868322610855103,0.9077805280685425
67,aea2442,form,Aufbewahrungsfristen und Löschung,0.05943511191482251,0.4242424242424243,0.28125,0.3333333333333333,0.36181531947234136,0.8707615733146667,0.9190399050712585,0.8942496062753327,0.9655278325080872,0.8773747086524963
67,aea2442,form,Technische und organisatorische Maßnahmen,0.18868057676827615,0.5030674846625767,0.3726708074534162,0.4785276073619632,0.4023618460144088,0.8937526345252991,0.909286618232727,0.9014527102956683,0.9807027578353882,0.7792081832885742
69,IHB1316,form,Verantwortliche Stelle und Kontaktdaten,0.14881595547221332,0.5333333333333333,0.3458646616541353,0.3851851851851852,0.49188311688311687,0.828561007976532,0.8777347207069397,0.8524392960721667,0.9694375991821289,0.5292644500732422
69,IHB1316,form,Zwecke und Rechtsgrundlagen der Verarbeitung,0.08346469993800834,0.3176470588235294,0.22485207100591714,0.2823529411764706,0.3957557234270471,0.8429520726203918,0.9012758731842041,0.8711388521560706,0.9673011302947998,0.7057757377624512
69,IHB1316,form,Kategorien personenbezogener Daten und Datenquellen,0.07739476464783132,0.4563758389261745,0.23129251700680273,0.40268456375838924,0.2751280641519058,0.8864377737045288,0.890328049659729,0.8883786527508706,0.9815637469291687,0.800036609172821
69,IHB1316,form,Betroffene Personen und Empfänger,0.049946232218141456,0.31226765799256506,0.19475655430711608,0.2973977695167287,0.35942028985507246,0.8217947483062744,0.9014205932617188,0.8597680065725872,0.9711660146713257,0.6678973436355591
69,IHB1316,form,Aufbewahrungsfristen und Löschung,0.0,0.14207650273224046,0.05524861878453039,0.14207650273224046,0.20921946855429818,0.7723010778427124,0.8727191686630249,0.8194451783120948,0.9254598617553711,0.38106876611709595
69,IHB1316,form,Technische und organisatorische Maßnahmen,0.03505282681309993,0.19913419913419916,0.08260869565217392,0.1341991341991342,0.26027100067061926,0.804572582244873,0.8835717439651489,0.8422237229403844,0.9566821455955505,0.6351921558380127
70,IHB1316,form,Verantwortliche Stelle und Kontaktdaten,0.14881595547221332,0.5333333333333333,0.3458646616541353,0.3851851851851852,0.49188311688311687,0.828561007976532,0.8777347207069397,0.8524392960721667,0.9694375991821289,0.5292644500732422
70,IHB1316,form,Zwecke und Rechtsgrundlagen der Verarbeitung,0.08346469993800834,0.3176470588235294,0.22485207100591714,0.2823529411764706,0.3957557234270471,0.8429520726203918,0.9012758731842041,0.8711388521560706,0.9673011302947998,0.7057757377624512
70,IHB1316,form,Kategorien personenbezogener Daten und Datenquellen,0.07739476464783132,0.4563758389261745,0.23129251700680273,0.40268456375838924,0.2751280641519058,0.8864377737045288,0.890328049659729,0.8883786527508706,0.9815637469291687,0.800036609172821
70,IHB1316,form,Betroffene Personen und Empfänger,0.049946232218141456,0.31226765799256506,0.19475655430711608,0.2973977695167287,0.35942028985507246,0.8217947483062744,0.9014205932617188,0.8597680065725872,0.9711660146713257,0.6678973436355591
70,IHB1316,form,Aufbewahrungsfristen und Löschung,0.0,0.14207650273224046,0.05524861878453039,0.14207650273224046,0.20921946855429818,0.7723010778427124,0.8727191686630249,0.8194451783120948,0.9254598617553711,0.38106876611709595
70,IHB1316,form,Technische und organisatorische Maßnahmen,0.03505282681309993,0.19913419913419916,0.08260869565217392,0.1341991341991342,0.26027100067061926,0.804572582244873,0.8835717439651489,0.8422237229403844,0.9566821455955505,0.6351921558380127
74,IIV2704,form,Verantwortliche Stelle und Kontaktdaten,0.10811146054329407,0.4778761061946903,0.27027027027027023,0.4424778761061947,0.4343253034359833,0.8449251055717468,0.8681110739707947,0.8563611785696797,0.97355055809021,0.6148281097412109
74,IIV2704,form,Zwecke und Rechtsgrundlagen der Verarbeitung,0.16002124017902414,0.46696035242290745,0.32888888888888895,0.39647577092511016,0.4761982301346076,0.8813683986663818,0.9089840650558472,0.8949632500473133,0.9814492464065552,0.7270016670227051
74,IIV2704,form,Kategorien personenbezogener Daten und Datenquellen,0.10678256520508664,0.5729729729729729,0.41530054644808745,0.5405405405405406,0.46582647525556325,0.8936122059822083,0.9221542477607727,0.9076589006242437,0.9833694696426392,0.7990297079086304
74,IIV2704,form,Betroffene Personen und Empfänger,0.04243887031129257,0.3878787878787879,0.18404907975460122,0.26666666666666666,0.3962841070081508,0.8541789650917053,0.8882609009742737,0.8708866135376871,0.979511022567749,0.5983068943023682
74,IIV2704,form,Aufbewahrungsfristen und Löschung,0.029541673277528005,0.2362204724409449,0.128,0.1889763779527559,0.3307529908515131,0.8154909014701843,0.8844358325004578,0.8485652468723247,0.9419771432876587,0.5014150142669678
74,IIV2704,form,Technische und organisatorische Maßnahmen,0.03415188266983775,0.3302752293577982,0.11076923076923077,0.15902140672782877,0.32263106494834065,0.8455385565757751,0.8981617093086243,0.8710560755409008,0.9731892347335815,0.7586644291877747
78,ANN1112,form,Verantwortliche Stelle und Kontaktdaten,0.2515299496020267,0.5168539325842697,0.3448275862068966,0.4943820224719101,0.3762851213282248,0.857127845287323,0.8632076382637024,0.8601569985562426,0.972891092300415,0.5464364290237427
78,ANN1112,form,Zwecke und Rechtsgrundlagen der Verarbeitung,0.14466155616266216,0.39024390243902435,0.2950819672131148,0.36585365853658536,0.4119093110495228,0.8793283700942993,0.9108657836914062,0.8948192834327715,0.980597972869873,0.8002995252609253
78,ANN1112,form,Kategorien personenbezogener Daten und Datenquellen,0.0790110313363319,0.6179775280898877,0.40909090909090906,0.5730337078651686,0.45909090909090905,0.8918687105178833,0.9185340404510498,0.9050049993410741,0.9825528860092163,0.7700253129005432
78,ANN1112,form,Betroffene Personen und Empfänger,0.0772450397853726,0.42622950819672134,0.25414364640883974,0.3606557377049181,0.4070117474302497,0.8540183305740356,0.8999256491661072,0.8763712061721148,0.9781281352043152,0.5686377286911011
78,ANN1112,form,Aufbewahrungsfristen und Löschung,0.036452838221321275,0.23728813559322032,0.15517241379310345,0.2033898305084746,0.33140000390571606,0.7849923968315125,0.8761329650878906,0.8280623870708353,0.9333385229110718,0.4834725856781006
78,ANN1112,form,Technische und organisatorische Maßnahmen,0.04059186711803293,0.23414634146341465,0.12254901960784312,0.16585365853658535,0.2827945494684499,0.8070237040519714,0.8886911869049072,0.8458908478531242,0.9543939232826233,0.7216082811355591
80,AEB2451,form,Verantwortliche Stelle und Kontaktdaten,0.12547018846561928,0.5254237288135593,0.31034482758620696,0.4745762711864407,0.4543335852859663,0.8526180386543274,0.8882989883422852,0.8700928642023054,0.9754999876022339,0.6019545197486877
80,AEB2451,form,Zwecke und Rechtsgrundlagen der Verarbeitung,0.1952728605050447,0.58128078817734,0.3980099502487562,0.4926108374384237,0.5336258083480306,0.8953668475151062,0.9335985779762268,0.9140831247617496,0.9881518483161926,0.7811747789382935
80,AEB2451,form,Kategorien personenbezogener Daten und Datenquellen,0.12301570200716189,0.6321839080459771,0.45348837209302323,0.5747126436781609,0.49720289069654294,0.8953397870063782,0.9215191006660461,0.9082408335736482,0.984209418296814,0.7273826599121094
80,AEB2451,form,Betroffene Personen und Empfänger,0.10687464544452711,0.5,0.2962962962962963,0.39024390243902435,0.41032596223161605,0.8503196239471436,0.9102247357368469,0.8792530000642187,0.9711445569992065,0.6788222789764404
80,AEB2451,form,Aufbewahrungsfristen und Löschung,0.03557407154619311,0.20437956204379562,0.11851851851851854,0.18978102189781018,0.37904973929345603,0.8137348294258118,0.8981265425682068,0.8538505055093766,0.9465924501419067,0.5011312961578369
80,AEB2451,form,Technische und organisatorische Maßnahmen,0.05020204267518446,0.30656934306569344,0.13970588235294118,0.16788321167883213,0.28173738122068626,0.8323025703430176,0.8908143043518066,0.8605649983453939,0.9667057991027832,0.6842372417449951
85,CTL2527,form,Verantwortliche Stelle und Kontaktdaten,0.2355383850464497,0.5227272727272727,0.3953488372093023,0.5227272727272727,0.41956982280234745,0.8588393926620483,0.8628212809562683,0.8608257321171215,0.972020149230957,0.6232452988624573
85,CTL2527,form,Zwecke und Rechtsgrundlagen der Verarbeitung,0.1306553105799543,0.44761904761904764,0.3269230769230769,0.40952380952380946,0.4144450708762887,0.868170440196991,0.908771812915802,0.8880072759546777,0.9811021089553833,0.7826097011566162
85,CTL2527,form,Kategorien personenbezogener Daten und Datenquellen,0.10434504000502065,0.6408839779005525,0.4581005586592179,0.6077348066298343,0.48475755725352726,0.8927162885665894,0.9242984652519226,0.908232906412501,0.9792373180389404,0.7635711431503296
85,CTL2527,form,Betroffene Personen und Empfänger,0.13706468197200786,0.5416666666666666,0.35211267605633806,0.47222222222222215,0.4273553478443675,0.8564627766609192,0.8929001092910767,0.8743019679054272,0.9665996432304382,0.7415575385093689
85,CTL2527,form,Aufbewahrungsfristen und Löschung,0.042578495737409794,0.24793388429752067,0.16806722689075632,0.23140495867768596,0.41719265025597874,0.7986928820610046,0.8872608542442322,0.8406505036955961,0.9389803409576416,0.5498136878013611
85,CTL2527,form,Technische und organisatorische Maßnahmen,0.03310493144110133,0.22435897435897437,0.06451612903225806,0.12820512820512822,0.2676652025457775,0.8173146843910217,0.8744062781333923,0.8448971279231374,0.9577330350875854,0.6741759777069092
88,VAG2434,form,Verantwortliche Stelle und Kontaktdaten,0.16449693870066337,0.5306122448979592,0.2708333333333333,0.4897959183673469,0.3307507715221214,0.8525105118751526,0.8842384815216064,0.8680846839327716,0.9799371957778931,0.6156090497970581
88,VAG2434,form,Zwecke und Rechtsgrundlagen der Verarbeitung,0.10341061217442336,0.38793103448275856,0.26086956521739135,0.3275862068965517,0.36215451683625904,0.8620207905769348,0.9013288617134094,0.8812367041724644,0.9809664487838745,0.774793267250061
88,VAG2434,form,Kategorien personenbezogener Daten und Datenquellen,0.1047836339324432,0.6037735849056604,0.42038216560509556,0.5408805031446541,0.38896713615023476,0.8986281156539917,0.9121958613395691,0.9053611597786589,0.981023907661438,0.6815453767776489
88,VAG2434,form,Betroffene Personen und Empfänger,0.130681416800383,0.44295302013422816,0.2585034013605442,0.4161073825503356,0.3799466456120202,0.856940507888794,0.8903196454048157,0.8733112440965365,0.9739341735839844,0.7556753158569336
88,VAG2434,form,Aufbewahrungsfristen und Löschung,0.06583708176694734,0.29411764705882354,0.2,0.2549019607843137,0.42561262423184887,0.8219326138496399,0.9113813638687134,0.864348959563034,0.9506564140319824,0.5590453743934631
88,VAG2434,form,Technische und organisatorische Maßnahmen,0.02173881514155919,0.15659955257270694,0.053932584269662916,0.09843400447427292,0.2031906872083039,0.797795295715332,0.8750758171081543,0.8346505178212129,0.9524533748626709,0.6678776741027832
91,KIR2546,form,Verantwortliche Stelle und Kontaktdaten,0.0,0.46,0.2857142857142857,0.46,0.3476548569008559,0.8519910573959351,0.8563644886016846,0.8541721749543757,0.9793124198913574,0.7529560327529907
91,KIR2546,form,Zwecke und Rechtsgrundlagen der Verarbeitung,0.10272686693085478,0.40174672489082974,0.2819383259911894,0.3406113537117904,0.378461484224093,0.854171633720398,0.906302809715271,0.879465367425731,0.9752576947212219,0.7812811732292175
91,KIR2546,form,Kategorien personenbezogener Daten und Datenquellen,0.060240070320058334,0.5185185185185185,0.3364485981308411,0.4629629629629629,0.3775593002039283,0.8715833425521851,0.906059205532074,0.8884869590445815,0.9758085608482361,0.6815280914306641
91,KIR2546,form,Betroffene Personen und Empfänger,0.02810750145390997,0.3365384615384615,0.18446601941747573,0.25961538461538464,0.34975515498028004,0.8157510757446289,0.8916970491409302,0.8520350533329132,0.9641115665435791,0.5824337005615234
91,KIR2546,form,Aufbewahrungsfristen und Löschung,0.0,0.13138686131386862,0.029629629629629634,0.10218978102189781,0.13719512195121952,0.7854098677635193,0.8622279167175293,0.8220281428717365,0.9359483122825623,0.36283501982688904
91,KIR2546,form,Technische und organisatorische Maßnahmen,0.035612560012867556,0.2531645569620253,0.09554140127388536,0.16455696202531644,0.24494993093922657,0.8168389797210693,0.8753783702850342,0.8450961395129777,0.9614580273628235,0.6715750694274902
93,UOR0445,form,Verantwortliche Stelle und Kontaktdaten,0.14244289552209688,0.631578947368421,0.5161290322580646,0.631578947368421,0.434701118298982,0.8676735758781433,0.8711034059524536,0.8693851081541791,0.9748761057853699,0.8295634388923645
93,UOR0445,form,Zwecke und Rechtsgrundlagen der Verarbeitung,0.13571456879786756,0.42201834862385323,0.28703703703703703,0.38532110091743127,0.378946241929155,0.8698505759239197,0.9149876832962036,0.8918483892498602,0.9847936034202576,0.7409617900848389
93,UOR0445,form,Kategorien personenbezogener Daten und Datenquellen,0.10852009962252572,0.573529411764706,0.3880597014925373,0.5588235294117647,0.33477864177596484,0.900926411151886,0.8962752223014832,0.8985947980481681,0.9822543263435364,0.7405806183815002
93,UOR0445,form,Betroffene Personen und Empfänger,0.25777067341056975,0.626865671641791,0.4242424242424242,0.5970149253731343,0.5865517341235751,0.8955559134483337,0.9314072728157043,0.9131298290740041,0.9847652912139893,0.8349670171737671
93,UOR0445,form,Aufbewahrungsfristen und Löschung,0.0,0.33333333333333337,0.11764705882352941,0.33333333333333337,0.23557397176181705,0.8813725113868713,0.8651582598686218,0.8731901215795478,0.9580075740814209,0.763015866279602
93,UOR0445,form,Technische und organisatorische Maßnahmen,0.23732506393454525,0.6304347826086957,0.4505494505494506,0.5760869565217391,0.5693617021276595,0.9173420071601868,0.9290902614593506,0.9231787591291505,0.986596405506134,0.8688328266143799
96,EHJ2314,form,Verantwortliche Stelle und Kontaktdaten,0.13585284613043666,0.38202247191011235,0.20689655172413793,0.38202247191011235,0.3337894924733742,0.851837158203125,0.8511711359024048,0.8515040168168445,0.9765843152999878,0.6025433540344238
96,EHJ2314,form,Zwecke und Rechtsgrundlagen der Verarbeitung,0.2634162330841096,0.6818181818181819,0.6206896551724138,0.6590909090909091,0.5951469548162245,0.8985000848770142,0.9404402375221252,0.918991903046635,0.9810811877250671,0.8704177737236023
96,EHJ2314,form,Kategorien personenbezogener Daten und Datenquellen,0.11837988159641087,0.7019867549668874,0.523489932885906,0.6622516556291391,0.4410730199840467,0.9111402034759521,0.9149932861328125,0.9130626798644299,0.9835034608840942,0.8253997564315796
96,EHJ2314,form,Betroffene Personen und Empfänger,0.1543840951672442,0.5157232704402516,0.3439490445859873,0.45283018867924524,0.47592284564989285,0.8528594970703125,0.9051437377929688,0.8782241325630883,0.9697932004928589,0.7093217372894287
96,EHJ2314,form,Aufbewahrungsfristen und Löschung,0.0,0.2105263157894737,0.08928571428571427,0.19298245614035087,0.25980535993740217,0.7875773906707764,0.8773362636566162,0.8300372856881526,0.9367528557777405,0.4193214774131775
96,EHJ2314,form,Technische und organisatorische Maßnahmen,0.03632906508572442,0.28346456692913385,0.13720316622691292,0.16272965879265094,0.29898596526357607,0.8086978197097778,0.9016211032867432,0.8526351555005238,0.9565908312797546,0.7654684782028198
99,ARN2026,form,Verantwortliche Stelle und Kontaktdaten,0.09202791775359186,0.4655172413793103,0.2105263157894737,0.4137931034482758,0.33281680440771344,0.8417656421661377,0.8657283782958984,0.8535788653602474,0.9734852910041809,0.615176796913147
99,ARN2026,form,Zwecke und Rechtsgrundlagen der Verarbeitung,0.0818917896221261,0.34812286689419797,0.22680412371134018,0.2935153583617747,0.3760641857714277,0.8524805903434753,0.9010278582572937,0.876082189550915,0.9756126403808594,0.7172691822052002
99,ARN2026,form,Kategorien personenbezogener Daten und Datenquellen,0.08173626400759994,0.5306122448979592,0.3608247422680412,0.5102040816326531,0.4111781596630081,0.8857237696647644,0.9157207608222961,0.9004725158165352,0.982918381690979,0.7049663662910461
99,ARN2026,form,Betroffene Personen und Empfänger,0.09016858829230999,0.47500000000000003,0.27848101265822783,0.38749999999999996,0.4920735182370822,0.8573744297027588,0.8987537622451782,0.8775765890910693,0.9748538732528687,0.643939197063446
99,ARN2026,form,Aufbewahrungsfristen und Löschung,0.0,0.2459016393442623,0.11666666666666667,0.21311475409836064,0.39208834218618954,0.8091431260108948,0.8994672894477844,0.8519177546192683,0.9447369575500488,0.46150916814804077
99,ARN2026,form,Technische und organisatorische Maßnahmen,0.10425727908003128,0.44081632653061226,0.27983539094650206,0.35918367346938784,0.3976029675128199,0.8720495700836182,0.9133291244506836,0.8922121371340962,0.9760404825210571,0.7951217889785767
104,AMR2620,form,Verantwortliche Stelle und Kontaktdaten,0.22540076400801823,0.5567010309278351,0.35789473684210527,0.5360824742268041,0.4714951485354428,0.8461378216743469,0.8637605309486389,0.8548583639302512,0.9666670560836792,0.6044439077377319
104,AMR2620,form,Zwecke und Rechtsgrundlagen der Verarbeitung,0.19814670087069797,0.5174129353233831,0.4120603015075377,0.4776119402985074,0.5235859124866596,0.8861391544342041,0.9213050007820129,0.9033799821840842,0.9848446846008301,0.7918908596038818
104,AMR2620,form,Kategorien personenbezogener Daten und Datenquellen,0.13125255399141778,0.6666666666666666,0.48920863309352514,0.652482269503546,0.4155330490097696,0.9163771867752075,0.9105924963951111,0.9134756836218111,0.9839411973953247,0.7924895286560059
104,AMR2620,form,Betroffene Personen und Empfänger,0.23214016143741353,0.6567164179104478,0.46969696969696967,0.6119402985074627,0.6086816346608349,0.8885582685470581,0.9124793410301208,0.9003599469985863,0.9800168871879578,0.8277426362037659
104,AMR2620,form,Aufbewahrungsfristen und Löschung,0.05021734148797614,0.3076923076923077,0.21052631578947367,0.23076923076923078,0.41845609729690725,0.8368421792984009,0.9010224938392639,0.8677472291095941,0.9553065896034241,0.6648966073989868
104,AMR2620,form,Technische und organisatorische Maßnahmen,0.1454919800237996,0.4642857142857143,0.3132530120481927,0.4285714285714286,0.4031305463317272,0.889995813369751,0.9064351320266724,0.8981402537763276,0.9801453948020935,0.7866963148117065
110,UAB0821,form,Verantwortliche Stelle und Kontaktdaten,0.1719331210499155,0.576271186440678,0.36206896551724144,0.576271186440678,0.48750426301070876,0.8592780828475952,0.8999639749526978,0.8791505587311755,0.9788631796836853,0.7398149967193604
110,UAB0821,form,Zwecke und Rechtsgrundlagen der Verarbeitung,0.10505457339156196,0.42857142857142855,0.2966101694915254,0.36974789915966383,0.4361065045144648,0.8480900526046753,0.9005427956581116,0.8735297266103663,0.9734562635421753,0.7777448296546936
110,UAB0821,form,Kategorien personenbezogener Daten und Datenquellen,0.06115963812752096,0.4705882352941177,0.34782608695652173,0.4705882352941177,0.40124758526008897,0.8596649765968323,0.9139835238456726,0.8859924888619729,0.9742246866226196,0.698661208152771
110,UAB0821,form,Betroffene Personen und Empfänger,0.051606048535995035,0.3504273504273504,0.2413793103448276,0.3076923076923077,0.3986585977282193,0.8056750893592834,0.9037694931030273,0.8519077770478467,0.9490711092948914,0.5930732488632202
110,UAB0821,form,Aufbewahrungsfristen und Löschung,0.0,0.11851851851851851,0.03007518796992481,0.07407407407407408,0.12232415902140674,0.7732324600219727,0.8627628684043884,0.8155478729803314,0.9308237433433533,0.28847232460975647
110,UAB0821,form,Technische und organisatorische Maßnahmen,0.028735186236794233,0.18009478672985782,0.07142857142857142,0.1279620853080569,0.20639521459459664,0.8011738657951355,0.8824835419654846,0.8398653402504964,0.9548415541648865,0.690191388130188
112,DLZ2800,form,Verantwortliche Stelle und Kontaktdaten,0.1406233815571938,0.5,0.3157894736842105,0.4310344827586207,0.3776767849997142,0.843778669834137,0.8704977035522461,0.8569299627527835,0.9751385450363159,0.657431960105896
112,DLZ2800,form,Zwecke und Rechtsgrundlagen der Verarbeitung,0.09358519727015899,0.4110671936758893,0.25498007968127495,0.34782608695652173,0.3594607977354677,0.8508466482162476,0.9020289778709412,0.8756905749538249,0.9744434356689453,0.7628574371337891
112,DLZ2800,form,Kategorien personenbezogener Daten und Datenquellen,0.06765540066312586,0.49107142857142855,0.32432432432432434,0.47321428571428575,0.4185215741178652,0.8735436201095581,0.9163605570793152,0.8944399689751754,0.9774968028068542,0.6851385235786438
112,DLZ2800,form,Betroffene Personen und Empfänger,0.1049641742405706,0.5308641975308641,0.33749999999999997,0.43209876543209874,0.47330384096378847,0.8681116700172424,0.9163111448287964,0.8915604436063777,0.977908730506897,0.7166118025779724
112,DLZ2800,form,Aufbewahrungsfristen und Löschung,0.024654390492649968,0.1958041958041958,0.1276595744680851,0.1678321678321678,0.31477806013615034,0.8032576441764832,0.8714836835861206,0.835980958982891,0.9402734041213989,0.5084353089332581
112,DLZ2800,form,Technische und organisatorische Maßnahmen,0.051174191920263554,0.21316614420062696,0.10725552050473187,0.16927899686520376,0.2403403030855579,0.8143207430839539,0.8787959218025208,0.8453307003618208,0.9563732147216797,0.6835849285125732
