"id","user_id","ai_mode","document"
"1","abcd","form","```markdown
# Personalverwaltung - Mitarbeiterdatenverarbeitung

## 1. Organisation und Verantwortlicher

- Name: Ihr Firmenname  
- Rolle: Verantwortlicher  
- Adresse: Ihre Adresse, Postleitzahl Stadt  
- E-Mail: dpo@ihrefirma.com  
- Telefon: +49 XX XXXXXXX  
- Datenschutzbeauftragter: Name des Datenschutzbeauftragten, dpo@ihrefirma.com  

## 2. Zweck und Rechtsgrundlage der Verarbeitung

Wir verarbeiten personenbezogene Daten unserer Mitarbeiter im Rahmen der Personalverwaltung, Lohnbuchhaltung, des Leistungsmanagements sowie zur Einhaltung arbeitsrechtlicher Bestimmungen und tarifvertraglicher Verpflichtungen. Die Verarbeitung erfolgt ausschließlich zu legitimen Zwecken im Zusammenhang mit dem Beschäftigungsverhältnis.

### Zwecke der Verarbeitung:
- Personalverwaltung
- Lohn- und Gehaltsabrechnung
- Leistungsmanagement
- Einhaltung arbeitsrechtlicher und tarifvertraglicher Vorschriften

### Rechtsgrundlagen gemäß DSGVO und BDSG:
- Art. 6 Abs. 1 lit. b DSGVO (Vertragserfüllung)
- Art. 6 Abs. 1 lit. c DSGVO (rechtliche Verpflichtung)
- § 26 BDSG (Datenverarbeitung im Beschäftigungskontext)

## 3. Datenkategorien und Datenquellen

### Verarbeitete Datenkategorien:

- Persönliche Daten:
  - Nachname
  - Vorname
  - Geburtsdatum
  - Nationalität
  - Anschrift
  - Telefonnummer
  - E-Mail-Adresse

- Beschäftigungsbezogene Daten:
  - Arbeitszeiten
  - Berufsbezeichnung
  - Personalnummer
  - Unternehmenszugehörigkeit
  - Urlaubsanspruch
  - Urlaubstage
  - Urlaubszeiten

- Finanzdaten:
  - Gehalt/Lohn
  - Bankverbindung
  - Steueridentifikationsnummer
  - Steuerklasse
  - Monatliche Gehälter

- Gesundheitsbezogene Daten:
  - Krankenversicherungsnummer
  - Sozialversicherungsnummer
  - Krankheitstage

- Rechtsbezogene Daten:
  - Vertragsdaten
  - Ausweisdokumente

- Dokumentations- und Nachweisdaten:
  - Einzeldokumentationen

- Weitere Daten:
  - Fachkenntnisse
  - Fähigkeiten
  - Benutzername

### Datenquellen:

Wir erheben personenbezogene Daten direkt von den betroffenen Mitarbeitern sowie über folgende Systeme und Plattformen:

- Microsoft Office 365
- E-Mail-Provider
- Web- und Intranetdienste
- HR-Software
- Unternehmenssysteme
- Dokumentenverarbeitungssysteme

## 4. Betroffene Personen und Empfänger

### Personengruppen:
- Mitarbeiter (interne Gruppen)

### Interne Empfängerkategorien:
- Geschäftsführung
- Verwaltung
- Finanzabteilung
- Rechts- und Compliance-Abteilung

### Externe Empfängerkategorien innerhalb der EU:
- Behörden und staatliche Stellen
- Software- und Cloudanbieter
- Kranken- und Sozialversicherungsträger
- Dienstleister im Rahmen der Personalverwaltung

### Berechtigte Rollen mit Zugriff:
- Personen in leitender Funktion
- Personen in administrativer Funktion
- Personen in der Finanzabteilung
- Personen in der Rechts- und Compliance-Abteilung
- Personen in der Personal- und Rekrutierungsabteilung

## 5. Aufbewahrung und Löschung

Wir speichern personenbezogene Daten von Mitarbeitern für die Dauer des Beschäftigungsverhältnisses und darüber hinaus gemäß gesetzlicher Aufbewahrungsfristen. Die Löschung erfolgt unter Berücksichtigung arbeitsrechtlicher und tarifvertraglicher Vorgaben.

- Löschfrist: 10 Jahre nach Beendigung des Arbeitsverhältnisses
- Ausnahmen: Daten, die aufgrund gesetzlicher Aufbewahrungspflichten über diesen Zeitraum hinaus erforderlich sind, werden entsprechend länger gespeichert.

## 6. Technische und organisatorische Maßnahmen

Zum Schutz personenbezogener Daten haben wir umfassende technische und organisatorische Maßnahmen implementiert, die regelmäßig überprüft und aktualisiert werden. Diese Maßnahmen gewährleisten ein dem Risiko angemessenes Schutzniveau.

### Umgesetzte Maßnahmen:
- Zugangskontrollen zur Verhinderung unbefugten Zugriffs
- Datenverschlüsselung bei Speicherung und Übertragung
- Regelmäßige Sicherheitsaudits und Schwachstellenanalysen
- Schulungen und Sensibilisierungsmaßnahmen für Mitarbeiter
- Etablierte Verfahren zur Reaktion auf Sicherheitsvorfälle (Incident Response)

---

Dieses Verzeichnis der Verarbeitungstätigkeiten wird regelmäßig überprüft und bei Bedarf aktualisiert, um die Einhaltung der Datenschutz-Grundverordnung (DSGVO) sicherzustellen. Es steht der Aufsichtsbehörde auf Anfrage zur Verfügung.

---
User ID: abcd
Mode: form
Time elapsed: 25 seconds
Date: 2026-01-13T00:12:53.264Z
```"
"2",,,"```markdown
# Kundenverwaltung - CRM-System

## 1. Organisation und Verantwortlicher

- Name: Ihr Firmenname  
- Rolle: Verantwortlicher  
- Adresse: Ihre Adresse, Postleitzahl Stadt  
- E-Mail: dpo@ihrefirma.com  
- Telefon: +49 XX XXXXXXX  
- Datenschutzbeauftragter: Name des Datenschutzbeauftragten, dpo@ihrefirma.com  

## 2. Zweck und Rechtsgrundlage der Verarbeitung

Wir verarbeiten personenbezogene Daten im Rahmen unseres Kundenbeziehungsmanagements (CRM), um eine effektive und zielgerichtete Betreuung unserer Kunden sicherzustellen. Die Verarbeitung dient insbesondere folgenden Zwecken:

- Kundenbeziehungsmanagement  
- Vertriebsunterstützung  
- Kundenservice  
- Marketing-Kommunikation  

Die Verarbeitung erfolgt auf Grundlage folgender Rechtsgrundlagen gemäß Art. 6 DSGVO:

- Art. 6 Abs. 1 lit. a DSGVO – Einwilligung der betroffenen Person  
- Art. 6 Abs. 1 lit. b DSGVO – Erfüllung eines Vertrags oder vorvertraglicher Maßnahmen  
- Art. 6 Abs. 1 lit. f DSGVO – Wahrung berechtigter Interessen  

Unsere berechtigten Interessen bestehen insbesondere in der Pflege bestehender Kundenbeziehungen, der Optimierung unserer Vertriebsprozesse sowie der zielgerichteten Kommunikation mit Interessenten und Bestandskunden.  

Kundendaten werden auf Basis von Einwilligung und berechtigten Geschäftsinteressen verarbeitet. Kunden haben jederzeit das Recht, ihre Einwilligung mit Wirkung für die Zukunft zu widerrufen.

## 3. Datenkategorien und Datenquellen

### Verarbeitete Datenkategorien

- Nachname  
- Vorname  
- Adresse  
- Telefonnummer  
- E-Mail-Adresse  
- Berufsbezeichnung  
- Unternehmenszugehörigkeit  
- Umsatz  
- Rechnungsinformationen  
- Vertragsdaten  
- Abonnementdaten  
- Nutzungsverhalten  
- Verhaltensdaten  
- Metadaten  
- Einzeldokumentationen  
- Beschwerdedaten  
- Abrechnungsdaten  
- Angebote  
- Auftragsdaten  
- Lieferadresse  
- Ausgangsrechnungen  
- Abfragezeitpunkt  
- Benutzername  
- Kundenpräferenzen  
- Kommunikationsverlauf  

### Datenquellen

Wir erheben personenbezogene Daten aus folgenden Quellen:

- E-Mail-Provider  
- Videokonferenzsysteme  
- Web- und Intranetdienste  
- Unternehmensinterne Systeme  
- CRM-System  
- Andere spezialisierte Softwarelösungen  

## 4. Betroffene Personen und Empfänger

### Personenkategorien

- Externe Kunden  
- Juristische Personen  

### Interne Empfängerkategorien

- Geschäftsführung  
- Verwaltung  
- Finanzabteilung  
- Marketing und Vertrieb  
- Logistik und operative Einheiten  

### Externe Empfängerkategorien innerhalb der EU

- Software- und Cloudanbieter  
- Geschäftspartner und Agenturen  
- Dienstleister  

### Berechtigte Personengruppen mit Zugriff

- Personen in leitender Funktion  
- Personen in administrativen Rollen  
- Personen im Bereich Marketing und Vertrieb  

## 5. Aufbewahrung und Löschung

Wir speichern personenbezogene Daten nur so lange, wie es für die Erfüllung der jeweiligen Zwecke erforderlich ist oder gesetzliche Aufbewahrungsfristen bestehen. Unser Löschkonzept sieht folgende Regelungen vor:

- Löschung erfolgt 3 Jahre nach letztem Kontakt oder Vertragsende  
- Daten werden auf Wunsch der betroffenen Person bei Widerruf der Einwilligung gelöscht  
- Ein spezielles Löschkonzept ist implementiert, um eine datenschutzkonforme und nachvollziehbare Datenlöschung sicherzustellen  

## 6. Technische und organisatorische Maßnahmen

Zum Schutz personenbezogener Daten haben wir angemessene technische und organisatorische Maßnahmen gemäß Art. 32 DSGVO implementiert. Diese beinhalten unter anderem:

- SSL-Verschlüsselung zur sicheren Datenübertragung  
- Zugangskontrollen zur Verhinderung unbefugten Zugriffs  
- Regelmäßige Backups zur Sicherstellung der Datenverfügbarkeit  
- Optionen zur Datenanonymisierung, wo möglich und erforderlich  
- Audit-Protokollierung zur Nachvollziehbarkeit von Verarbeitungsvorgängen  

Diese Maßnahmen werden regelmäßig überprüft und bei Bedarf angepasst, um ein dem Risiko angemessenes Schutzniveau zu gewährleisten.
```"
"3","EHN0215","form","```markdown
# Mitarbeiterverwaltung und Parkplatzberechtigung
*Verzeichnis von Verarbeitungstätigkeiten gemäß Artikel 30 DSGVO*

---

## 1. Verantwortliche Stelle und Kontaktdaten

Als verantwortliche Stelle im Sinne der Datenschutz-Grundverordnung (DSGVO) verarbeiten wir personenbezogene Daten im Rahmen unserer Geschäftstätigkeit. Die folgenden Angaben dienen der Identifikation und Kontaktaufnahme:

- **Name der verantwortlichen Stelle:** APOR GmbH
- **Rolle:** Verantwortlicher (Data Controller) sowie Benennung des Datenschutzbeauftragten
- **Anschrift:** Mainstraße 67, 89073 Ulm
- **E-Mail-Adresse:** mail@apor.eu
- **Telefonnummer:** 012345678
- **Vertreter der verantwortlichen Stelle:** A. I., ai@apor.eu
- **Datenschutzbeauftragter:** A. I., ai@apor.eu

---

## 2. Zwecke und Rechtsgrundlagen der Verarbeitung

Wir verarbeiten personenbezogene Daten zu folgenden Zwecken:

- Speicherung von Mitarbeiterdaten vom Eintritt bis zum Austritt aus dem Unternehmen.
- Anlegen neuer Mitarbeiterakten.
- Dokumentation von Arbeitszeiten.
- Verwaltung von Urlaub und Abwesenheiten.
- Verwaltung von Parkplatzzugangsberechtigungen auf Basis hinterlegter Merkmale, insbesondere des Kennzeichens des Mitarbeiters.

Die Verarbeitung erfolgt auf Grundlage der folgenden Rechtsgrundlagen gemäß Artikel 6 Absatz 1 DSGVO sowie weiterer einschlägiger gesetzlicher Bestimmungen:

- **Art. 6 Abs. 1 lit. b DSGVO:** Erfüllung eines Vertrags oder vorvertraglicher Maßnahmen (z. B. Arbeitsvertrag).
- **Art. 6 Abs. 1 lit. c DSGVO:** Erfüllung einer rechtlichen Verpflichtung (z. B. Aufbewahrungspflichten nach Handels- und Steuerrecht).
- **§ 26 BDSG:** Datenverarbeitung für Zwecke des Beschäftigungsverhältnisses.
- **§ 257 HGB:** Aufbewahrung von Handelsbüchern, Inventaren, Bilanzen und sonstigen Unterlagen.
- **§ 239 Abs. 1 HGB:** Führung und Aufbewahrung von Büchern und Aufzeichnungen.
- **§ 147 AO:** Aufbewahrung von Unterlagen für steuerliche Zwecke.
- **§ 2 Abs. 1 ArbGG (Arbeitsgerichtsgesetz):** Verwaltung von Arbeitsverhältnissen.
- **§ 108 GewO (Gewerbeordnung):** Dokumentation von Arbeitszeiten.
- **§ 28b IfSG (Infektionsschutzgesetz) in Verbindung mit SARS-CoV-2-Arbeitsschutzverordnung:** Soweit im Einzelfall relevant.

---

## 3. Kategorien personenbezogener Daten und Datenquellen

### 3.1 Kategorien personenbezogener Daten

Wir verarbeiten folgende Kategorien personenbezogener Daten:

#### Personenbezogene Daten:
- Nachname
- Vorname
- Anschrift
- Telefonnummer
- E-Mail-Adresse

#### Beschäftigungsdaten:
- Arbeitszeiten
- Berufliche Position
- Personalnummer
- Unternehmenszugehörigkeit
- Urlaubsanspruch
- Urlaubstage
- Urlaubszeiten
- Krankheitstage

#### Vertrags- und Rechtsdaten:
- Vertragsdaten

#### Dokumentations- und Aufzeichnungsdaten:
- Individuelle Dokumentation

#### Fahrzeugdaten:
- Kennzeichen

### 3.2 Datenquellen

Die personenbezogenen Daten stammen aus folgenden Quellen:

- Microsoft Office 365 (intern gehostet)
- Web- und Intranet-Systeme
- HR-Software
- Unternehmenssysteme (Enterprise Systems)
- Dokumentenverarbeitungssysteme

---

## 4. Betroffene Personen und Empfänger der Daten

### 4.1 Kategorien betroffener Personen

Die Verarbeitung betrifft folgende Kategorien betroffener Personen:

- Interne Gruppen (Mitarbeiter)

### 4.2 Empfängerkategorien

#### Interne Empfänger:
- Verwaltung
- Technische Abteilungen
- Rechts- und Compliance-Abteilungen
- Logistik und Betrieb

#### Externe Empfänger innerhalb der EU:
- Behörden

#### Berechtigte Personen mit Zugriff auf die Daten:
- Administrative Rollen
- Technische Rollen
- Rechts- und Compliance-Rollen
- HR- und Rekrutierungsrollen

---

## 5. Aufbewahrungsfristen und Löschung

Wir bewahren personenbezogene Daten für folgende Zeiträume auf:

- **10 Jahre nach Beendigung des Arbeitsverhältnisses** für steuerrechtlich relevante Unterlagen wie Arbeitsverträge, Arbeitszeitdokumentation und Parkplatzberechtigungen mit Bezug zum Arbeitsverhältnis (gemäß § 257 HGB und § 147 AO).
- **3 Jahre nach Beendigung des Arbeitsverhältnisses** für nicht steuerrelevante Daten (z. B. reine Parkplatzverwaltung ohne Bezug zu Arbeitszeiten), entsprechend der Verjährungsfrist nach § 195 BGB.

Ausnahmen von den Löschfristen bestehen, sofern gesetzliche Aufbewahrungspflichten oder berechtigte Interessen eine längere Speicherung erfordern.

---

## 6. Technische und organisatorische Maßnahmen (TOM)

Um die Sicherheit und den Schutz personenbezogener Daten zu gewährleisten, haben wir folgende technische und organisatorische Maßnahmen implementiert:

- **Zugriffsbeschränkung nach dem Need-to-know-Prinzip:** Nur berechtigte Mitarbeiter erhalten Zugang zu personenbezogenen Daten.
- **Passwortschutz und Multi-Faktor-Authentifizierung (MFA):** Sicherstellung, dass nur autorisierte Personen auf Systeme zugreifen können.
- **Regelmäßige Backups:** Schutz vor Datenverlust durch regelmäßige Sicherungskopien.
- **Zutrittskontrolle zu Serverräumen und Archiven:** Physische Sicherheit der Datenverarbeitungsanlagen.
- **Vertraulichkeitsverpflichtung:** Alle berechtigten Mitarbeiter sind zur Vertraulichkeit verpflichtet und entsprechend geschult.

---
User ID: EHN0215
Mode: form
Time elapsed: 589 seconds
Date: 2026-01-25T13:31:56.828Z
```"
"4","EHN0215","chat","```markdown
# Mitarbeiterverwaltung und Parkplatzberechtigung
**Verzeichnis von Verarbeitungstätigkeiten gemäß Artikel 30 DSGVO**

---

## 1. Verantwortliche Stelle und Kontaktdaten

Wir, die **APOR GmbH**, fungieren als datenschutzrechtlich Verantwortliche im Sinne der DSGVO für die im Folgenden beschriebenen Verarbeitungstätigkeiten.

- **Name der verantwortlichen Stelle:** APOR GmbH
- **Anschrift:** Mainstraße 67, 89073 Ulm
- **E-Mail-Adresse:** mail@apor.eu
- **Telefonnummer:** 012345678
- **Vertreter der verantwortlichen Stelle:** A. I. (ai@apor.eu)
- **Datenschutzbeauftragter:** A. I. (ai@apor.eu)

---

## 2. Zwecke und Rechtsgrundlagen der Verarbeitung

### 2.1 Zwecke der Verarbeitung
Wir verarbeiten personenbezogene Daten zu folgenden Zwecken:
- Administrative Verwaltung von Mitarbeiterdaten über den gesamten Beschäftigungszeitraum, einschließlich:
  - Anlage und Pflege von Mitarbeiterakten,
  - Dokumentation von Arbeitszeiten,
  - Verwaltung von Urlaubs- und Abwesenheitszeiten.
- Organisation und Kontrolle der Parkplatznutzung durch:
  - Zuweisung von Zugangsberechtigungen auf Basis hinterlegter Merkmale (z. B. Kennzeichen der Mitarbeiterfahrzeuge),
  - Sicherstellung der Einhaltung interner Richtlinien zur Parkplatzvergabe.

### 2.2 Rechtsgrundlagen der Verarbeitung
Die Verarbeitung erfolgt auf Grundlage der folgenden Rechtsnormen:
- **Art. 6 Abs. 1 lit. b DSGVO** (Erfüllung eines Vertrags oder vorvertraglicher Maßnahmen),
- **Art. 6 Abs. 1 lit. c DSGVO** (Erfüllung einer rechtlichen Verpflichtung),
- **Art. 6 Abs. 1 lit. f DSGVO** (Wahrung berechtigter Interessen, sofern keine überwiegenden Interessen oder Grundrechte der betroffenen Personen entgegenstehen),
- **§ 26 BDSG** (Datenverarbeitung für Zwecke des Beschäftigungsverhältnisses).

---

## 3. Kategorien personenbezogener Daten und Datenquellen

### 3.1 Kategorien personenbezogener Daten
Wir verarbeiten folgende Kategorien personenbezogener Daten:

**Stammdaten:**
- Nachname
- Vorname
- Geburtsdatum
- Anschrift
- Telefonnummer
- E-Mail-Adresse

**Beschäftigungsdaten:**
- Arbeitszeiten
- Berufliche Position
- Personalnummer
- Unternehmenszugehörigkeit
- Urlaubsanspruch
- Urlaubstage
- Urlaubszeiten

**Vertragsdaten:**
- Vertragsdaten

**Fahrzeugdaten:**
- Kennzeichen

**Dokumentationsdaten:**
- Individuelle Dokumentation

### 3.2 Datenquellen
Die personenbezogenen Daten stammen aus folgenden Quellen:
- Microsoft Office 365
- Interne Server

---

## 4. Betroffene Personen und Empfänger der Daten

### 4.1 Kategorien betroffener Personen
Die Verarbeitung betrifft folgende Personengruppen:
- Mitarbeiterinnen und Mitarbeiter

### 4.2 Empfänger der Daten
Die personenbezogenen Daten werden ausschließlich intern verarbeitet. Eine Weitergabe an externe Empfänger erfolgt nicht, sofern keine gesetzliche Verpflichtung oder Einwilligung der betroffenen Person vorliegt.

---

## 5. Löschfristen und Aufbewahrungsdauern

Wir löschen personenbezogene Daten gemäß den folgenden Regelungen:
- **Mitarbeiterdaten:** 10 Jahre nach Beendigung des Beschäftigungsverhältnisses (aufgrund steuer- und sozialversicherungsrechtlicher Aufbewahrungspflichten).
- **Parkplatzdaten:** Unverzüglich nach Beendigung des Arbeitsverhältnisses, sofern keine anderen rechtlichen Gründe für eine längere Speicherung vorliegen.

Sofern gesetzliche Aufbewahrungspflichten über die regulären Löschfristen hinaus bestehen, behalten wir die Daten bis zum Ablauf dieser Fristen ein.

---

## 6. Technische und organisatorische Maßnahmen (TOM)

Zur Gewährleistung eines angemessenen Schutzniveaus für die verarbeiteten personenbezogenen Daten haben wir folgende technische und organisatorische Maßnahmen implementiert:

- **Zugriffsbeschränkung:**
  - Anwendung des Need-to-know-Prinzips: Nur berechtigte Mitarbeitende erhalten Zugang zu relevanten Daten (z. B. Personalverwaltung, Parkplatzberechtigungen).
- **Authentifizierung:**
  - Passwortschutz mit Mindeststandards (z. B. Komplexität, regelmäßige Änderung).
  - Optional: Multi-Faktor-Authentifizierung (MFA) für sensible Systeme.
- **Datensicherung:**
  - Regelmäßige, automatisierte Backups mit Prüfung der Wiederherstellbarkeit.
- **Physische Sicherheit:**
  - Zutrittskontrolle zu Serverräumen und Archiven durch physische Zugangssperren (z. B. Schlüssel, Chipkarten) und Protokollierung von Zutritten.
- **Vertraulichkeit:**
  - Alle berechtigten Mitarbeitenden unterzeichnen eine Verpflichtungserklärung zum Datenschutz.

---
**Stand:** [Datum der Erstellung]
**Verantwortlich:** Datenschutzbeauftragter der APOR GmbH

---
User ID: EHN0215
Mode: chat
Time elapsed: 1190 seconds
Date: 2026-01-25T14:14:42.730Z
```"
"5","EHN0215","ask","```markdown
# Mitarbeiterverwaltung und Parkplatzberechtigung
*Verzeichnis von Verarbeitungstätigkeiten gemäß Art. 30 DSGVO*

---

## 1. Verantwortliche Stelle und Kontaktdaten

Wir, die **APOR GmbH**, sind als verantwortliche Stelle für die Verarbeitung personenbezogener Daten im Rahmen der Mitarbeiterverwaltung und Parkplatzberechtigung tätig. Unsere Kontaktdaten sowie die des Datenschutzbeauftragten lauten wie folgt:

- **Name der verantwortlichen Stelle:** APOR GmbH
- **Anschrift:** Mainstraße 67, 89073 Ulm
- **E-Mail:** mail@apor.eu
- **Telefon:** 01234 5678
- **Vertreter der verantwortlichen Stelle:** A. I. (ai@apor.eu)
- **Datenschutzbeauftragter:** A. I. (ai@apor.eu)

---

## 2. Zwecke und Rechtsgrundlagen der Verarbeitung

### 2.1 Zwecke der Verarbeitung
Wir verarbeiten personenbezogene Daten unserer Mitarbeiter:innen sowie ehemaliger Mitarbeiter:innen zu folgenden Zwecken:

- Verwaltung von Mitarbeiterdaten vom Eintritt bis zum Austritt, einschließlich der Anlage neuer Mitarbeiterakten.
- Dokumentation von Arbeitszeiten, Urlaubs- und Abwesenheitszeiten.
- Verwaltung von Parkplatzzugangsberechtigungen auf Basis hinterlegter Merkmale, insbesondere des Kennzeichens der Mitarbeiterfahrzeuge.
- Erfüllung rechtlicher Verpflichtungen, insbesondere im Bereich des Steuer- und Sozialversicherungsrechts.
- Durchführung von Gehaltsabrechnungen und Erfüllung arbeitsvertraglicher Pflichten.

### 2.2 Rechtsgrundlagen der Verarbeitung
Die Verarbeitung personenbezogener Daten erfolgt auf folgenden Rechtsgrundlagen:

- **§ 26 BDSG** (Verarbeitung von Beschäftigtendaten zur Begründung, Durchführung oder Beendigung des Beschäftigungsverhältnisses).
- **Art. 6 Abs. 1 lit. b DSGVO** (Erfüllung eines Vertrags, z. B. Arbeitsvertrag, Gehaltsabrechnung).
- **Art. 6 Abs. 1 lit. c DSGVO** (Erfüllung einer rechtlichen Verpflichtung, z. B. steuerrechtliche Aufbewahrungspflichten nach HGB und AO).
- **Art. 6 Abs. 1 lit. f DSGVO** (Wahrung berechtigter Interessen, z. B. Verwaltung von Parkplatzberechtigungen).
- **§ 257 HGB** (Aufbewahrungspflicht für Handelsbücher, Inventare, Bilanzen und Belege).
- **§ 147 AO** (Steuerrechtliche Aufbewahrungspflichten).
- **Betriebsvereinbarung zur Parkplatznutzung** (sofern vorhanden und zutreffend).
- **Tarifvertrag** (sofern zutreffend, z. B. für die Dokumentation von Arbeitszeiten).

---

## 3. Kategorien personenbezogener Daten und Datenquellen

### 3.1 Kategorien personenbezogener Daten
Wir verarbeiten folgende Kategorien personenbezogener Daten:

- **Persönliche Daten:**
  - Nachname
  - Vorname
  - Geburtsdatum
  - Adresse
  - Telefonnummer
  - E-Mail-Adresse
  - Kennzeichen (Fahrzeug)

- **Beschäftigungsdaten:**
  - Arbeitszeiten
  - Berufliche Position
  - Personalnummer
  - Urlaubsanspruch
  - Urlaubstage
  - Urlaubszeiten

- **Finanzdaten:**
  - Gehalt/Lohn
  - Bankverbindung
  - Steueridentifikationsnummer
  - Steuerklasse

- **Gesundheitsdaten:**
  - Krankheitstage

- **Rechtliche Daten:**
  - Vertragsdaten
  - Ausweisdokumente (z. B. Kopie des Personalausweises)

- **Fahrzeugdaten:**
  - Kennzeichen

- **Sonstige Daten:**
  - Qualifikationen und Fähigkeiten (z. B. für Aufgabenverteilung)

### 3.2 Datenquellen
Die personenbezogenen Daten stammen aus folgenden Quellen:

- HR-Software (z. B. für Einstellungen, Arbeitszeiten, Urlaubsverwaltung).
- E-Mail-System (z. B. Microsoft Outlook/Exchange oder Google Mail).
- Microsoft Office 365 (z. B. für Dokumente, Tabellen oder Formulare).
- Manuelle Eingaben (z. B. Kennzeichen für Parkplatzverwaltung, persönliche Daten bei Einstellung).
- Unternehmensinterne Plattformen (z. B. Intranet, spezielle Software für Parkplatzverwaltung oder Zeiterfassung).
- Finanzsoftware (z. B. für Gehaltsabrechnungen oder Steuerdaten).
- Externe Dienstleister (z. B. Steuerberater oder Lohnbuchhaltung, falls Daten von dort bezogen werden).

---

## 4. Betroffene Personen und Empfänger der Daten

### 4.1 Betroffene Personen (Dateninhaber:innen)
Die Verarbeitung personenbezogener Daten betrifft folgende Personengruppen:

- Aktuelle Mitarbeiter:innen
- Ehemalige Mitarbeiter:innen (während der gesetzlichen Aufbewahrungsfristen)
- Bewerber:innen (falls Daten vor Einstellung verarbeitet werden)

### 4.2 Interne Empfänger:innen
Personenbezogene Daten werden an folgende interne Stellen weitergegeben:

- Personalabteilung (für Einstellungen, Arbeitszeiten, Urlaubsverwaltung)
- Geschäftsführung (für strategische Personalplanung)
- Buchhaltung (für Gehaltsabrechnungen, Steuerdaten)
- IT-Abteilung (für Systemwartung und Zugriffsverwaltung)
- Facility Management (für Parkplatzverwaltung und Kennzeichen-Zuordnung)
- Teamleitungen (für Arbeitszeit- und Urlaubsplanung)

### 4.3 Externe Empfänger:innen (innerhalb der EU)
Personenbezogene Daten werden an folgende externe Stellen innerhalb der EU übermittelt:

- Finanzamt (für Steuerdaten)
- Krankenkassen (für Sozialversicherungsdaten)
- Steuerberater/Lohnbuchhaltung (für Gehaltsabrechnungen)
- IT-Dienstleister (für Wartung der HR-Software oder Cloud-Dienste, z. B. Microsoft 365)
- Parkplatzbetreiber (falls die Verwaltung ausgelagert ist)
- Berufsgenossenschaften (für Sozialversicherungsmeldungen)

### 4.4 Berechtigte Personen
Folgende Personen sind zur Verarbeitung der Daten berechtigt:

- Personalleiter:in (für Einstellungen, Kündigungen, Urlaubsplanung)
- Buchhalter:in (für Gehaltsabrechnungen und Steuerdaten)
- IT-Administrator:in (für Systemzugriffe und Datensicherung)
- Facility Manager:in (für Parkplatzverwaltung und Kennzeichen-Zuordnung)
- Geschäftsführer:in (für strategische Entscheidungen)
- Teamleitungen (für Arbeitszeit- und Urlaubsplanung)

**Sonstiges:**
- Betriebsrat (falls dieser bestimmte Daten einsehen darf, z. B. für Mitbestimmungsrechte)
- Ehemalige Mitarbeiter:innen (während der Aufbewahrungsfristen nach HGB/AO)

---

## 5. Aufbewahrungsfristen und Löschung

### 5.1 Aufbewahrungsfristen
Wir halten uns an folgende Aufbewahrungsfristen für personenbezogene Daten:

- **Personaldaten** (z. B. Name, Adresse, Kontaktdaten, Vertragsdaten):
  - 10 Jahre nach Beendigung des Arbeitsverhältnisses (gemäß § 257 HGB und § 147 AO für steuerrelevante Unterlagen).
  - Ausnahme: Daten, die für laufende Rechtsstreitigkeiten oder Prüfungen benötigt werden, bleiben bis zum Abschluss des Verfahrens gespeichert.

- **Arbeitszeit- und Urlaubsdokumentation:**
  - 3 Jahre nach Beendigung des Arbeitsverhältnisses (gemäß § 16 ArbZG und betrieblicher Vereinbarungen).
  - Ausnahme: Bei Verdacht auf Verstöße (z. B. Arbeitszeitbetrug) bis zur Klärung des Falls.

- **Gehalts- und Finanzdaten** (z. B. Lohnabrechnungen, Bankverbindungen, Steuerdaten):
  - 10 Jahre nach Beendigung des Arbeitsverhältnisses (gemäß § 257 HGB und § 147 AO).
  - Sofortige Löschung bei Widerruf der Einwilligung (falls zutreffend).

- **Parkplatzdaten** (z. B. Kennzeichen, Berechtigungen):
  - Sofortige Löschung nach Beendigung des Arbeitsverhältnisses oder Widerruf der Berechtigung.
  - Ausnahme: Falls eine betriebliche Regelung (z. B. Betriebsvereinbarung) eine längere Speicherung vorsieht, maximal 3 Monate nach Austritt.

- **Bewerberdaten:**
  - 6 Monate nach Abschluss des Bewerbungsverfahrens (sofern keine Einwilligung zur längeren Speicherung vorliegt).

- **Krankheitstage:**
  - Löschung zum Jahresende des Folgejahres (sofern keine längere Aufbewahrungspflicht besteht, z. B. für Sozialversicherungsnachweise).

- **Sonstige Daten** (z. B. Qualifikationen, Fähigkeiten):
  - Löschung 2 Jahre nach Beendigung des Arbeitsverhältnisses, sofern keine gesetzliche oder betriebliche Pflicht zur längeren Speicherung besteht.

### 5.2 Löschprozess
Die Löschung personenbezogener Daten erfolgt durch:
- Automatisierte Löschroutinen in der HR-Software.
- Manuelle Überprüfungen durch die Personalabteilung.
- Externe Dienstleister (z. B. Steuerberater, IT-Dienstleister) werden vertraglich zur Einhaltung der Fristen verpflichtet.

---

## 6. Technische und organisatorische Maßnahmen (TOM)

Wir haben folgende technische und organisatorische Maßnahmen implementiert, um die Sicherheit und den Schutz personenbezogener Daten zu gewährleisten:

- **Zugriffsbeschränkung nach dem Need-to-know-Prinzip:**
  - Daten werden nur denjenigen Mitarbeiter:innen zugänglich gemacht, die diese für ihre Aufgaben benötigen.

- **Passwortschutz und Multi-Faktor-Authentifizierung (MFA):**
  - Alle Systeme, die personenbezogene Daten verarbeiten, sind durch starke Passwörter geschützt.
  - Wo möglich, wird eine Multi-Faktor-Authentifizierung eingesetzt.

- **Regelmäßige Backups:**
  - Daten werden in regelmäßigen Abständen gesichert, um Datenverlust zu vermeiden.

- **Zutrittskontrolle zu Serverräumen und Archiven:**
  - Physische Zugänge zu Serverräumen und Archiven sind streng reglementiert und werden protokolliert.

- **Vertraulichkeitsverpflichtung der berechtigten Mitarbeiter:innen:**
  - Alle Mitarbeiter:innen, die Zugang zu personenbezogenen Daten haben, sind zur Vertraulichkeit verpflichtet und wurden entsprechend geschult.

- **Dokumentation und Protokollierung:**
  - Zugriffe auf personenbezogene Daten werden protokolliert, um Missbrauch zu verhindern und nachvollziehbar zu machen.

---
User ID: EHN0215
Mode: ask
Time elapsed: 949 seconds
Date: 2026-01-25T15:15:47.111Z
```"
"6","RIT1851","form","```markdown
# Mitarbeiterverwaltung & Parkplatzberechtigung
**Verzeichnis von Verarbeitungstätigkeiten gemäß Artikel 30 DSGVO**

---

## 1. Verantwortliche Stelle und Kontaktdaten

Als verantwortliche Stelle im Sinne der Datenschutz-Grundverordnung (DSGVO) und des Bundesdatenschutzgesetzes (BDSG) verarbeiten wir personenbezogene Daten im Rahmen unserer betrieblichen Tätigkeiten. Die folgenden Angaben dienen der Erfüllung unserer Dokumentationspflichten gemäß Artikel 30 DSGVO.

- **Name der verantwortlichen Stelle**: APOR GmbH
- **Rolle**: Verantwortlicher (Data Controller)
- **Anschrift**: Mainstraße 67, 89073 Ulm
- **E-Mail-Adresse**: mail@apor.eu
- **Telefonnummer**: 012345678
- **Vertreter der verantwortlichen Stelle**: A. I.
- **Datenschutzbeauftragter (DSB)**: A. I.

---

## 2. Zwecke und Rechtsgrundlagen der Verarbeitung

### 2.1 Zweck der Verarbeitung
Wir verarbeiten personenbezogene Daten zur Verwaltung unserer Mitarbeiter sowie zur Organisation und Kontrolle der Parkplatzberechtigungen. Dies umfasst:

- Die Zuweisung, Verwaltung und Überwachung von Parkplätzen als arbeitsvertragliche Nebenleistung.
- Die Sicherstellung der ordnungsgemäßen Nutzung der Parkplätze im Rahmen des Beschäftigungsverhältnisses.
- Die Einhaltung betrieblicher und gesetzlicher Vorgaben, insbesondere zur Dokumentation und Nachweispflicht.

Die Datenverarbeitung erfolgt ausschließlich zu betrieblichen Zwecken und unter strikter Einhaltung der geltenden datenschutzrechtlichen Bestimmungen.

### 2.2 Rechtsgrundlagen der Verarbeitung
Die Verarbeitung personenbezogener Daten erfolgt auf folgenden Rechtsgrundlagen:

- **Artikel 6 Absatz 1 Buchstabe b DSGVO**: Die Verarbeitung ist für die Erfüllung eines Vertrags, dessen Vertragspartei die betroffene Person ist, oder zur Durchführung vorvertraglicher Maßnahmen erforderlich.
- **§ 26 BDSG**: Datenverarbeitung für Zwecke des Beschäftigungsverhältnisses, insbesondere zur Verwaltung von Parkplatzberechtigungen als arbeitsvertragliche Nebenpflicht.

---

## 3. Kategorien personenbezogener Daten und Datenquellen

### 3.1 Kategorien personenbezogener Daten
Wir verarbeiten folgende Kategorien personenbezogener Daten:

**Personenbezogene Daten:**
- Nachname
- Vorname
- Anschrift
- Telefonnummer
- E-Mail-Adresse

**Beschäftigungsdaten:**
- Berufliche Position
- Personalnummer
- Unternehmenszugehörigkeit
- Vertragsdaten

**Dokumentations- und Aufzeichnungsdaten:**
- Individuelle Dokumentation (z. B. Zuweisungsprotokolle)

**Fahrzeugdaten:**
- Kennzeichen

**Sonstige Daten:**
- Parkplatzzuweisungsdaten
- Nutzungsprotokolle der Parkplätze

### 3.2 Datenquellen
Die personenbezogenen Daten stammen aus folgenden Quellen:

- E-Mail-Anbieter (z. B. für die Kommunikation mit Mitarbeitern)
- Web- und Intranet-Systeme (z. B. internes Mitarbeiterportal)
- HR-Software (z. B. zur Verwaltung von Mitarbeiterdaten)
- Unternehmenssysteme (z. B. ERP-Systeme)
- Spezifisches Parkplatzverwaltungssystem (falls separat vorhanden)

---

## 4. Betroffene Personen und Empfänger der Daten

### 4.1 Kategorien betroffener Personen
Die Verarbeitung personenbezogener Daten betrifft folgende Personengruppen:

- Interne Gruppen (Mitarbeiter der APOR GmbH)

### 4.2 Empfängerkategorien
Die personenbezogenen Daten werden an folgende interne Empfängerkategorien übermittelt:

- Geschäftsführung
- Verwaltung
- Technische Abteilungen
- Rechts- und Compliance-Abteilung
- Logistik und Betrieb

### 4.3 Berechtigte Personen
Der Zugriff auf die personenbezogenen Daten ist folgenden Rollen vorbehalten:

- Managementrollen
- Administrative Rollen
- Technische Rollen
- Rechts- und Compliance-Rollen
- HR- und Rekrutierungsrollen

Externe Empfänger innerhalb der EU/EWR oder in Drittländern sind derzeit nicht vorgesehen.

---

## 5. Löschfristen und Aufbewahrungsdauern

### 5.1 Löschfristen
Die personenbezogenen Daten werden gemäß den folgenden Löschfristen verarbeitet und anschließend gelöscht:

- **Löschfrist**: 3 Jahre nach Beendigung des Beschäftigungsverhältnisses, sofern keine längeren gesetzlichen Aufbewahrungspflichten bestehen (§ 35 Abs. 2 Nr. 3 BDSG i. V. m. § 26 BDSG).
- **Ausnahmen**: Sofern gesetzliche Aufbewahrungspflichten über die genannte Frist hinaus bestehen, werden die Daten entsprechend länger aufbewahrt.

### 5.2 Besonderes Löschkonzept
Ein spezielles Löschkonzept ist derzeit nicht erforderlich, da die Löschfristen klar definiert und umgesetzt werden.

---

## 6. Technische und organisatorische Maßnahmen (TOM)

Zur Gewährleistung der Sicherheit und des Schutzes personenbezogener Daten haben wir folgende technische und organisatorische Maßnahmen implementiert:

### 6.1 Zugangskontrolle
- Rollenbasierte Zugriffsrechte (RBAC) für Mitarbeiterdaten und Parkplatzberechtigungen.
- Multi-Faktor-Authentifizierung (MFA) für Admin-Zugänge.

### 6.2 Zugriffskontrolle
- Protokollierung aller Zugriffe auf personenbezogene Daten.
- Regelmäßige Überprüfung der Zugriffsrechte.

### 6.3 Weitergabekontrolle
- Verschlüsselung von Daten bei der Übertragung (z. B. TLS für E-Mails und Webanwendungen).
- Nutzung von VPN für den Fernzugriff auf interne Systeme.

### 6.4 Eingabekontrolle
- Automatisierte Protokollierung von Änderungen (Audit-Logs).
- Versionierung kritischer Daten.

### 6.5 Verfügbarkeitskontrolle
- Tägliche Backups (verschlüsselt, offline gespeichert).
- Notfallplan für Systemausfälle.

### 6.6 Trennungskontrolle
- Logische Trennung von Mitarbeiter- und Parkplatzdaten in separaten Datenbanken.

### 6.7 Schulungen und Sensibilisierung
- Jährliche DSGVO-Schulungen für alle Mitarbeiter.
- Sensibilisierung für Phishing-Angriffe und andere Sicherheitsrisiken.

### 6.8 Technische Sicherheit
- Einsatz von Firewalls und Endpoint Detection and Response (EDR)-Lösungen.
- Regelmäßige Penetrationstests zur Identifizierung von Sicherheitslücken.

### 6.9 Dokumentation
- Aktualisierung des Verarbeitungsverzeichnisses gemäß Artikel 30 DSGVO.
- Umsetzung eines Löschkonzepts nach § 35 BDSG.

---

## 7. Besondere Hinweise und ergänzende Informationen

### 7.1 Parkplatzverwaltung
Die Verwaltung der Parkplatzberechtigungen erfolgt unter Berücksichtigung der folgenden Aspekte:

- **Biometrische Daten und Standortdaten**: Aktuell werden keine biometrischen Daten (z. B. Kennzeichenlesesysteme) oder Standortdaten (z. B. GPS-Tracking) verarbeitet. Sollte dies in Zukunft erforderlich sein, werden separate Rechtsgrundlagen und technische und organisatorische Maßnahmen dokumentiert.
- **Datenminimierung**: Die Verarbeitung der genannten Datenkategorien (z. B. Telefonnummer) ist für die Verwaltung der Parkplatzberechtigungen erforderlich, um eine ordnungsgemäße Kommunikation und Zuweisung sicherzustellen.

### 7.2 Drittlandtransfers
Derzeit werden keine personenbezogenen Daten an Empfänger in Drittländern übermittelt. Sollten in Zukunft externe Dienstleister (z. B. Reinigungskräfte für Parkplätze) außerhalb der EU/EWR eingesetzt werden, werden geeignete Garantien (z. B. Standardvertragsklauseln) implementiert.

### 7.3 Betroffenenrechte
Wir haben spezifische Prozesse zur Wahrung der Betroffenenrechte implementiert, insbesondere:

- **Auskunftsersuchen**: Mitarbeiter können Auskunft über die Verarbeitung ihrer personenbezogenen Daten, einschließlich der Parkplatznutzungsprotokolle, verlangen.
- **Widerspruchsrechte**: Bei automatisierten Zuweisungen von Parkplätzen haben Mitarbeiter das Recht, Widerspruch einzulegen.

### 7.4 Risikoanalyse
Mögliche Risiken im Zusammenhang mit der Verarbeitung personenbezogener Daten, insbesondere der unbefugten Weitergabe von Kennzeichen, wurden identifiziert und durch folgende Maßnahmen minimiert:

- Regelmäßige Überprüfung der Zugriffsrechte.
- Verschlüsselung sensibler Daten.
- Schulungen der Mitarbeiter zur Sensibilisierung für Datenschutzrisiken.

---
**Stand**: [Datum der letzten Aktualisierung]
**Verantwortlich**: Datenschutzbeauftragter der APOR GmbH

---
User ID: RIT1851
Mode: form
Time elapsed: 827 seconds
Date: 2026-01-25T17:08:54.242Z
```"
"7","RIT1851","ask","```markdown
# Mitarbeiterverwaltung & Parkplatzberechtigung
**Verzeichnis von Verarbeitungstätigkeiten gemäß Artikel 30 DSGVO**

---

## 1. Verantwortliche Stelle und Kontaktdaten

**Verantwortlicher für die Datenverarbeitung (Verantwortliche Stelle):**
- **Name:** APOR GmbH
- **Anschrift:** Mainstraße 67, 89073 Ulm
- **E-Mail:** mail@apor.eu
- **Telefon:** 012345678
- **Vertreter der verantwortlichen Stelle:** A. I.
- **Datenschutzbeauftragter:** A. I.

**Rolle:**
Wir sind als Verantwortliche Stelle gemäß Artikel 4 Nr. 7 DSGVO für die Verarbeitung personenbezogener Daten im Rahmen der Mitarbeiterverwaltung und Parkplatzberechtigung zuständig. Die Verarbeitung erfolgt ausschließlich auf internen Systemen ohne Nutzung externer Cloud-Dienste.

---

## 2. Zwecke und Rechtsgrundlagen der Verarbeitung

### 2.1 Zwecke der Verarbeitung
Wir verarbeiten personenbezogene Daten zu folgenden Zwecken:
- Verwaltung von Mitarbeiter:innen von Eintritt bis Austritt, einschließlich:
  - Dokumentation von Arbeitszeiten
  - Verwaltung von Urlaubs- und Abwesenheitszeiten
- Verwaltung der Parkplatzberechtigung für den Firmenparkplatz, einschließlich der Zuordnung von Fahrzeugkennzeichen als Identifikationsmerkmal.

**Hinweis:**
Gesundheitsdaten werden nicht erhoben oder verarbeitet.

### 2.2 Rechtsgrundlagen der Verarbeitung
Die Verarbeitung personenbezogener Daten erfolgt auf Grundlage der folgenden Rechtsgrundlagen:

- **Artikel 6 Absatz 1 Buchstabe b DSGVO (Vertragserfüllung):**
  Die Verarbeitung ist für die Erfüllung des Arbeitsvertrags mit den Mitarbeiter:innen erforderlich, insbesondere zur Verwaltung von Arbeitszeiten, Urlaub und Abwesenheiten.

- **Artikel 6 Absatz 1 Buchstabe c DSGVO (Rechtliche Verpflichtung):**
  Die Verarbeitung erfolgt zur Erfüllung gesetzlicher Aufbewahrungspflichten, z. B. nach § 147 Abgabenordnung (AO) für Lohnunterlagen.

- **Artikel 6 Absatz 1 Buchstabe f DSGVO (Berechtigtes Interesse):**
  Die Verwaltung der Parkplatzberechtigung dient unserem berechtigten Interesse, eine effiziente Nutzung der Firmenparkplätze zu gewährleisten, ohne dass die Interessen oder Grundrechte der betroffenen Personen überwiegen.

---

## 3. Kategorien personenbezogener Daten und Datenquellen

### 3.1 Kategorien personenbezogener Daten
Wir verarbeiten folgende Kategorien personenbezogener Daten:

- **Persönliche Daten (Grundangaben):**
  - Name (Vor- und Nachname)
  - Adresse (Wohnort)
  - Kontaktdaten (Telefonnummer, E-Mail-Adresse)
  - Geburtsdatum (falls für Verträge oder Sozialversicherung erforderlich)

- **Beschäftigungsdaten (Arbeitsverhältnis):**
  - Arbeitszeiten (Dokumentation der geleisteten Stunden)
  - Urlaubstage (Resturlaub, genehmigte Urlaubszeiten)
  - Position (Jobtitel, Abteilung)
  - Personalnummer (interne Kennung)

- **Fahrzeugdaten (Parkplatzverwaltung):**
  - Fahrzeugkennzeichen (für die Parkplatzberechtigung)

- **Vertragsdaten (Rechtliches):**
  - Arbeitsvertrag (Daten aus dem Vertrag, z. B. Eintrittsdatum)

### 3.2 Datenquellen
Die personenbezogenen Daten stammen aus folgenden Quellen:
- Intern gehostete Microsoft Office 365 Excel-Listen (z. B. für Arbeitszeiten, Urlaubsplanung)
- Outlook (E-Mails mit Mitarbeiterdaten oder Parkplatzanfragen)
- HR-Software oder interne Datenbanken (z. B. für Verträge, Arbeitszeiten oder Parkplatzberechtigungen)
- Interne Server/Dokumentenmanagement-Systeme (Speicherort für digitale Akten, z. B. „Mitarbeiterdaten_APOR“ oder manuelle Listen, z. B. „Parkplatzberechtigte.xlsx“)
- E-Mail-System (Outlook, falls Daten per E-Mail erfasst werden, z. B. Urlaubsanträge oder Fahrzeugkennzeichen)

---

## 4. Betroffene Personen und Empfänger der Daten

### 4.1 Betroffene Personen
Die Verarbeitung personenbezogener Daten betrifft folgende Kategorien von Personen:
- Mitarbeiter:innen (aktuelle und ehemalige), da Arbeitszeiten, Urlaub und Parkplatzberechtigungen verwaltet werden.

### 4.2 Empfänger der Daten
Die personenbezogenen Daten werden an folgende interne und externe Empfänger übermittelt:

- **Interne Empfänger:**
  - HR-Abteilung (Verwaltung von Arbeitszeiten, Urlaub, Ein-/Austritt)
  - Parkplatzverwaltung (Zuordnung von Fahrzeugkennzeichen)
  - Vorgesetzte (z. B. für Urlaubsgenehmigungen)
  - IT-Administration (Systemwartung, Zugriffsrechte)

- **Externe Empfänger:**
  - Steuerberater:innen (z. B. für Lohnabrechnung)
  - Behörden (z. B. Finanzamt bei Lohnsteuerprüfung)

### 4.3 Berechtigte Personen
Folgende Rollen haben Zugriff auf die personenbezogenen Daten:
- HR-Sachbearbeiter:innen (Datenpflege)
- Parkplatzverantwortliche (Kennzeichenverwaltung)
- IT-Administrator:innen (Systemzugriff)

---

## 5. Aufbewahrungsfristen und Löschung

### 5.1 Aufbewahrungsfristen
Wir bewahren personenbezogene Daten standardmäßig für folgende Zeiträume auf:
- **Mitarbeiterdaten:** 3 Monate nach Austritt der Mitarbeiter:innen.
- **Lohnunterlagen:** 10 Jahre gemäß § 147 Abgabenordnung (AO).

### 5.2 Löschungskonzept
- Daten werden nach Ablauf der Aufbewahrungsfristen automatisch oder manuell gelöscht.
- Ausnahmen gelten für Daten, die aufgrund gesetzlicher Aufbewahrungspflichten länger aufbewahrt werden müssen. Diese werden separat archiviert und nach Fristende gelöscht.
- Fahrzeugkennzeichen werden gelöscht, sobald sie für die Parkplatzverwaltung nicht mehr benötigt werden.

### 5.3 Besonderheiten
- **Parkplatzverwaltung:** Mitarbeiter:innen können ihr Fahrzeugkennzeichen selbstständig in einem internen Formular aktualisieren. Die Daten werden nicht für andere Zwecke genutzt.
- **Backups:** Tägliche Backups werden für 30 Tage aufbewahrt und anschließend gelöscht.

---

## 6. Technische und organisatorische Maßnahmen (TOM)

Wir haben folgende technische und organisatorische Maßnahmen implementiert, um die Sicherheit und Vertraulichkeit der personenbezogenen Daten zu gewährleisten:

- **Zugriffsbeschränkung nach Rollen (Need-to-know-Prinzip):**
  Nur berechtigte Personen (z. B. HR, Parkplatzverwaltung) haben Zugang zu den jeweiligen Daten.

- **Passwortschutz und Multi-Faktor-Authentifizierung:**
  Sichere Anmeldung für alle Systeme, die Mitarbeiterdaten oder Parkplatzinformationen verarbeiten.

- **Regelmäßige Backups:**
  Tägliche Sicherungskopien der Daten, um Datenverlust zu vermeiden.

- **Zutrittskontrolle zu Serverraum/Archiv:**
  Physische Sicherheit für Speicherorte (z. B. Schlüssel, Zugangskarten).

- **Vertraulichkeitsverpflichtung der berechtigten Mitarbeitenden:**
  Schriftliche Verpflichtung aller Zugriffsberechtigten auf Datenschutz und Geheimhaltung.

- **Datenfluss und Speicherung:**
  Alle Daten (Arbeitszeiten, Urlaub, Parkplatzberechtigungen) werden ausschließlich auf internen Servern in Ulm gespeichert. Es erfolgt keine Speicherung in externen Clouds oder bei Drittanbietern.

- **Externe Zugriffe:**
  Externe Dienstleister (z. B. IT-Wartung) erhalten nur temporären Zugriff auf Systeme – ausschließlich mit vorheriger Freigabe durch die Geschäftsführung und unter Einhaltung der Vertraulichkeitsvereinbarungen. Steuerberater erhalten nur anonymisierte Lohnsummen für Abrechnungen.

---
**Stand:** [Datum der Erstellung]
**Verantwortlich:** Datenschutzbeauftragter der APOR GmbH

---
User ID: RIT1851
Mode: ask
Time elapsed: 1279 seconds
Date: 2026-01-25T17:33:33.217Z
```"
"8","RIT1851","chat","```markdown
# Mitarbeiterverwaltung & Parkplatzberechtigung
**Verzeichnis von Verarbeitungstätigkeiten gemäß Artikel 30 DSGVO**

---

## 1. Verantwortliche Stelle und Datenschutzbeauftragte

**Verantwortliche Stelle (Verantwortlicher im Sinne der DSGVO):**
- **Name:** APOR GmbH
- **Anschrift:** Mainstraße 67, 89073 Ulm
- **Kontakt:**
  - E-Mail: mail@apor.eu
  - Telefon: 012345678
- **Vertreter:** A. I.
- **Datenschutzbeauftragter:** A. I.

Wir sind als Verantwortliche für die Verarbeitung personenbezogener Daten im Rahmen der Mitarbeiterverwaltung sowie der Parkplatzberechtigung tätig. Die Einhaltung der datenschutzrechtlichen Vorgaben obliegt uns in vollem Umfang.

---

## 2. Zwecke und Rechtsgrundlagen der Verarbeitung

### 2.1 Zwecke der Verarbeitung
Wir verarbeiten personenbezogene Daten zu folgenden Zwecken:
- Verwaltung von Mitarbeitenden von deren Eintritt bis zum Austritt aus dem Unternehmen, einschließlich:
  - Anlage und Pflege von Mitarbeiterstammdaten,
  - Dokumentation von Arbeitszeiten,
  - Verwaltung von Urlaubs- und Abwesenheitszeiten.
- Verwaltung von Parkplatzberechtigungen für berechtigte Mitarbeitende, um den Zugang zu einem Firmenparkplatz mit Schranke zu ermöglichen. Hierzu wird ein geeignetes Merkmal (z. B. Fahrzeugkennzeichen) zur eindeutigen Zuordnung der Berechtigung hinterlegt.

Die Verarbeitung erfolgt ausschließlich auf intern gehosteten Systemen (Microsoft Office und interne Server) und dient der effizienten Organisation interner Abläufe sowie der Einhaltung betrieblicher Richtlinien.

### 2.2 Rechtsgrundlagen der Verarbeitung
Die Verarbeitung personenbezogener Daten erfolgt auf folgenden Rechtsgrundlagen:
- **Art. 6 Abs. 1 lit. b DSGVO:** Erforderlichkeit zur Erfüllung eines Vertrags (Arbeitsvertrag) oder zur Durchführung vorvertraglicher Maßnahmen.
- **Art. 6 Abs. 1 lit. f DSGVO:** Wahrung berechtigter Interessen, sofern die Interessen oder Grundrechte und Grundfreiheiten der betroffenen Personen nicht überwiegen. Dies umfasst insbesondere die effiziente Verwaltung interner Prozesse sowie die Sicherstellung der betrieblichen Organisation.
- **§ 257 HGB:** Aufbewahrungspflicht für steuerrelevante Unterlagen.
- **§ 147 AO:** Aufbewahrungspflicht für steuerlich relevante Dokumente.

---

## 3. Kategorien personenbezogener Daten und Datenquellen

### 3.1 Kategorien personenbezogener Daten
Im Rahmen der Verarbeitungstätigkeiten erheben und verarbeiten wir folgende Kategorien personenbezogener Daten:

*(Hinweis: Gemäß den bereitgestellten Angaben wurden keine spezifischen Datenkategorien als „true“ markiert. Daher werden keine personenbezogenen Datenkategorien explizit aufgeführt. Sollten im Rahmen der Verarbeitungstätigkeiten dennoch personenbezogene Daten verarbeitet werden, sind diese entsprechend zu ergänzen.)*

### 3.2 Datenquellen
Die personenbezogenen Daten stammen aus folgenden Quellen:
- Microsoft Office 365
- Interne Server

---

## 4. Betroffene Personen und Empfänger

### 4.1 Kategorien betroffener Personen
Die Verarbeitung betrifft folgende Kategorien betroffener Personen:
*(Hinweis: Gemäß den bereitgestellten Angaben wurden keine spezifischen Kategorien betroffener Personen als „true“ markiert. Es werden ausschließlich Mitarbeitende der APOR GmbH verarbeitet.)*

### 4.2 Empfänger der personenbezogenen Daten
Die personenbezogenen Daten werden ausschließlich intern verarbeitet. Eine Weitergabe an externe Empfänger erfolgt nicht, mit Ausnahme von:
- **Behördlichen Anfragen:** Sofern gesetzliche Verpflichtungen dies erfordern (z. B. Finanzbehörden im Rahmen steuerlicher Prüfungen).

Es erfolgt keine Weitergabe an externe Dienstleister (z. B. Schrankenbetreiber oder Cloud-Anbieter).

---

## 5. Löschfristen und Speicherdauer

### 5.1 Löschfristen
Die personenbezogenen Daten werden wie folgt gelöscht:
- **Steuerrelevante Daten:** 10 Jahre nach Beendigung des Arbeitsverhältnisses gemäß § 257 HGB und § 147 AO.
- **Parkplatzberechtigungen (z. B. Fahrzeugkennzeichen):** Unverzüglich mit Austritt des Mitarbeitenden oder bei Änderung der Berechtigung.

### 5.2 Ausnahmen von Löschfristen
Sofern gesetzliche Aufbewahrungspflichten über die regulären Löschfristen hinaus bestehen, werden die Daten entsprechend länger gespeichert.

---

## 6. Technische und organisatorische Maßnahmen (TOM)

Zur Gewährleistung der Sicherheit und des Schutzes personenbezogener Daten haben wir folgende technische und organisatorische Maßnahmen implementiert:

### 6.1 Zugangskontrollen
- Rollenbasierte Zugriffsbeschränkung nach dem Need-to-know-Prinzip.
- Passwortschutz mit Mindestanforderungen (z. B. Komplexität, regelmäßige Änderung).
- Mehrfaktor-Authentifizierung (MFA) für den Zugriff auf sensible Daten.

### 6.2 Datenverschlüsselung
- Verschlüsselung von Daten im Ruhezustand (z. B. auf Servern und Backups).
- Verschlüsselung bei der Datenübertragung (z. B. TLS/VPN).
- Verschlüsselte Backups zur Sicherstellung der Datenintegrität.

### 6.3 Physische Sicherheit
- Zutrittskontrolle zum Serverraum und Archiv.
- Sichere Aufbewahrung physischer Datenträger (z. B. in abschließbaren Schränken).

### 6.4 Datenintegrität und Verfügbarkeit
- Regelmäßige Backups mit Wiederherstellungstests.
- Protokollierung von Zugriffen auf personenbezogene Daten.

### 6.5 Organisatorische Maßnahmen
- Verpflichtung der Mitarbeitenden zur Vertraulichkeit.
- Regelmäßige Schulungen zur Einhaltung der Datenschutzrichtlinien.
- Richtlinien zur Datenlöschung und -sperrung.

### 6.6 Besondere Maßnahmen für Parkplatzberechtigungen
- Getrennte Speicherung von Fahrzeugkennzeichen.
- Automatisierte Löschung bei Austritt des Mitarbeitenden oder Änderung der Berechtigung.

---
**Stand:** [Datum der Erstellung]
**Verantwortlich:** A. I. (Datenschutzbeauftragter der APOR GmbH)

---
User ID: RIT1851
Mode: chat
Time elapsed: 2001 seconds
Date: 2026-01-25T18:12:10.851Z
```"
"9","IAR1116","ask","```markdown
# Mitarbeiterverwaltung (Arbeitszeit/Urlaub) & Parkplatzberechtigung
**Verzeichnis von Verarbeitungstätigkeiten gemäß Art. 30 DSGVO**

---

## 1. Verantwortliche Stelle und Kontaktdaten

Wir, die **APOR GmbH**, fungieren als verantwortliche Stelle für die Verarbeitung personenbezogener Daten im Rahmen der Mitarbeiterverwaltung sowie der Parkplatzberechtigung.

- **Name der Organisation:** APOR GmbH
- **Rolle:** Verantwortlicher (Art. 4 Nr. 7 DSGVO)
- **Anschrift:** Mainstraße 67, 89073 Ulm
- **E-Mail:** mail@apor.eu
- **Telefon:** 012345678
- **Vertreter der verantwortlichen Stelle:** A. I. (ai@apor.eu)
- **Datenschutzbeauftragter:** A. I. (ai@apor.eu)

---

## 2. Zwecke der Verarbeitung und Rechtsgrundlagen

### 2.1 Zwecke der Verarbeitung
Wir verarbeiten personenbezogene Daten zu folgenden Zwecken:

- **Mitarbeiterverwaltung von Eintritt bis Austritt:**
  - Anlegen und Pflege von Mitarbeiterstammdaten (z. B. Name, Kontaktdaten, Vertragsinformationen) zur Erfüllung arbeitsvertraglicher Pflichten.
  - Dokumentation von Arbeitszeiten und Abwesenheiten (Urlaub, Dienstreisen) zur Personalplanung, Gehaltsabrechnung und Einhaltung gesetzlicher Vorgaben (z. B. Arbeitszeitgesetz).

- **Parkplatzverwaltung:**
  - Zuweisung und Verwaltung von Parkplatzberechtigungen für berechtigte Mitarbeiter:innen durch Hinterlegung eines Identifikationsmerkmals (z. B. Fahrzeugkennzeichen) zur Steuerung der Schrankenanlage und effizienten Nutzung der betrieblichen Infrastruktur.

- **Rechtliche Compliance:**
  - Erfüllung gesetzlicher Aufbewahrungspflichten (z. B. nach HGB oder AO) für steuer- und arbeitsrechtlich relevante Daten.
  - **Hinweis:** Medizinische Daten (z. B. Krankentage) werden für diese Zwecke nicht verarbeitet.

### 2.2 Rechtsgrundlagen der Verarbeitung
Die Verarbeitung erfolgt auf Grundlage folgender Rechtsnormen:

- **Art. 6 Abs. 1 lit. b DSGVO** (Vertragserfüllung):
  - Für die Mitarbeiterverwaltung zur Erfüllung arbeitsvertraglicher Pflichten.
- **Art. 6 Abs. 1 lit. c DSGVO** (Rechtliche Verpflichtung):
  - Zur Einhaltung gesetzlicher Aufbewahrungspflichten (z. B. HGB § 257, AO § 147).
- **Art. 6 Abs. 1 lit. f DSGVO** (Berechtigtes Interesse):
  - Für die Parkplatzverwaltung zur effizienten Nutzung der betrieblichen Infrastruktur.
  - **Alternativ:** § 26 BDSG, sofern die Parkplatzberechtigung arbeitsvertraglich geregelt ist.

---

## 3. Kategorien personenbezogener Daten und Datenquellen

### 3.1 Verarbeitete Datenkategorien
Wir verarbeiten folgende Kategorien personenbezogener Daten:

- **Persönliche Daten:**
  - Name
  - Kontaktdaten (z. B. E-Mail-Adresse, Telefonnummer)
  - Adresse

- **Beschäftigungsdaten:**
  - Arbeitszeiten
  - Urlaubstage und -zeiten
  - Vertragsinformationen
  - Personalnummer

- **Fahrzeugdaten:**
  - Fahrzeugkennzeichen (verschlüsselt gespeichert)

### 3.2 Datenquellen
Die Daten stammen aus folgenden Systemen und Quellen:

- Microsoft Office/Server (z. B. für Stammdaten und Arbeitszeitdokumentation)
- Schranken-Software (für die Parkplatzverwaltung)
- Zeiterfassungssysteme (für Arbeitszeiten und Abwesenheiten)

**Hinweis:** Die Verarbeitung erfolgt ausschließlich auf internen Servern. Es werden keine externen Cloud-Dienste genutzt, sodass keine Datenübermittlung außerhalb der EU/EWR stattfindet.

---

## 4. Betroffene Personen und Empfänger der Daten

### 4.1 Kategorien betroffener Personen
Die Verarbeitung betrifft folgende Personengruppen:

- Mitarbeiter:innen der APOR GmbH

### 4.2 Interne Empfänger der Daten
Die Daten werden an folgende interne Stellen weitergegeben:

- HR-Abteilung
- Vorgesetzte (zur Personalplanung und Arbeitszeitkontrolle)
- IT-Administration (zur Systemwartung und Zugriffssteuerung)
- Facility Management (zur Parkplatzverwaltung)
- Parkplatzverantwortliche (zur Steuerung der Schrankenanlage)

### 4.3 Externe Empfänger der Daten
Daten werden an folgende externe Stellen übermittelt:

- Steuerberater (zur Erfüllung steuerrechtlicher Pflichten)
- Behörden (z. B. Finanzamt, Sozialversicherungsträger)
- Software-Anbieter (sofern für die Schranken-Software oder Zeiterfassungssysteme ein Auftragsverarbeitungsvertrag (AVV) vorliegt)

---

## 5. Löschfristen und Speicherdauer

Wir speichern personenbezogene Daten nur so lange, wie es für die jeweiligen Zwecke erforderlich ist oder gesetzliche Aufbewahrungspflichten bestehen:

- **Arbeitszeit- und Urlaubsdaten:**
  - 3–10 Jahre (je nach gesetzlicher Pflicht, z. B. nach HGB oder AO).
- **Parkplatzberechtigungen (Fahrzeugkennzeichen):**
  - Bis zum Austritt des Mitarbeiters oder kurz danach (z. B. 3 Monate).
- **Stammdaten (z. B. Name, Kontaktdaten):**
  - Können länger gespeichert werden, sofern steuer- oder sozialversicherungsrechtliche Pflichten bestehen.

**Automatisierte Löschung:**
- Fahrzeugkennzeichen werden nach 3 Monaten nach Austritt des Mitarbeiters automatisch gelöscht.
- Zugriffe auf Mitarbeiterdaten werden protokolliert und nach Ablauf der Aufbewahrungsfrist gelöscht.

---

## 6. Technische und organisatorische Maßnahmen (TOM)

Wir haben folgende Maßnahmen implementiert, um die Sicherheit und den Schutz personenbezogener Daten zu gewährleisten:

### 6.1 Technische Maßnahmen
- **Zugriffsbeschränkung:**
  - Nur HR-Mitarbeiter:innen und berechtigte Vorgesetzte dürfen Arbeitszeit- und Urlaubsdaten einsehen (z. B. über rollenbasierte Zugriffskontrollen in Microsoft Office/Server).
- **Verschlüsselung:**
  - Fahrzeugkennzeichen werden in der Schranken-Software verschlüsselt gespeichert (AES-256).
- **Passwortrichtlinien:**
  - Starke Passwörter für HR-Systeme mit regelmäßigen Änderungen.
- **Backups:**
  - Tägliche Sicherungen der Mitarbeiterdaten auf internen Servern (getrennt vom Live-System).

### 6.2 Organisatorische Maßnahmen
- **Schulungen:**
  - Jährliche Datenschutz-Schulungen für HR- und IT-Mitarbeiter:innen (z. B. Umgang mit Fahrzeugkennzeichen).
- **Datenlöschung:**
  - Automatisierte Löschung von Parkplatzberechtigungen bei Austritt (nach 3 Monaten).
- **Protokollierung:**
  - Zugriffe auf Mitarbeiterdaten werden dokumentiert (wer, wann, warum).
- **Anonymisierung:**
  - Fahrzeugkennzeichen werden ausschließlich zur Steuerung der Schrankenanlage genutzt und nicht für andere Zwecke verarbeitet.
- **Physische Sicherheit:**
  - Serverraum mit Zutrittskontrolle (z. B. Schlüsselkarte).

### 6.3 Besonderheiten der Parkplatzverwaltung
- **Verschlüsselung:** Fahrzeugkennzeichen werden ausschließlich verschlüsselt gespeichert.
- **Zweckbindung:** Die Nutzung der Kennzeichen ist auf die Steuerung der Schrankenanlage beschränkt.
- **Löschfrist:** Automatische Löschung nach 3 Monaten bei Austritt des Mitarbeiters.

---

## 7. Auftragsverarbeitung
Falls die Schranken-Software oder Zeiterfassungssysteme von externen Anbietern stammen, liegt ein **Auftragsverarbeitungsvertrag (AVV)** gemäß Art. 28 DSGVO vor. Die Details (z. B. Name des Anbieters, Datum des AVV) sind separat dokumentiert.

---

## 8. Betroffenenrechte
Mitarbeiter:innen können ihre Rechte gemäß Art. 15–22 DSGVO (z. B. Auskunft, Berichtigung, Löschung, Einschränkung der Verarbeitung) gegenüber dem Datenschutzbeauftragten geltend machen:

- **Kontakt:** A. I. (ai@apor.eu)

---

## 9. Änderungen und Aktualisierungen
Dieses Verzeichnis wird regelmäßig überprüft und bei Bedarf aktualisiert. Die aktuelle Version ist stets auf dem Stand der geltenden Datenschutzbestimmungen.

**Stand:** [Datum der Erstellung]
**Verantwortlich:** Datenschutzbeauftragter der APOR GmbH

---
User ID: IAR1116
Mode: ask
Time elapsed: 1021 seconds
Date: 2026-01-26T11:38:50.215Z
```"
"10","IAR1116","form","```markdown
# Mitarbeiterverwaltung (Arbeitszeit/Urlaub) & Parkplatzberechtigung
**Verzeichnis von Verarbeitungstätigkeiten gemäß Art. 30 DSGVO**

---

## 1. Verantwortliche Stelle und Kontaktdaten

Wir, die **APOR GmbH**, fungieren als verantwortliche Stelle (Data Controller) für die Verarbeitung personenbezogener Daten im Rahmen der Mitarbeiterverwaltung (Arbeitszeit/Urlaub) sowie der Parkplatzberechtigung.

**Kontaktdaten:**
- **Name der Organisation:** APOR GmbH
- **Anschrift:** Mainstraße 67, 89073 Ulm
- **E-Mail:** mail@apor.eu
- **Telefon:** 012345678
- **Vertreter:** A. I. (ai@apor.eu)
- **Datenschutzbeauftragter:** A. I. (ai@apor.eu)

---

## 2. Zwecke und Rechtsgrundlagen der Verarbeitung

### 2.1 Verarbeitungszwecke
Wir verarbeiten personenbezogene Daten unserer Mitarbeiter zur:
- Verwaltung von Arbeitszeiten und Urlaubsansprüchen,
- Regelung der Parkplatzberechtigung,
- Erfüllung gesetzlicher Pflichten (z. B. Aufbewahrungspflichten nach § 257 HGB, § 147 AO),
- Sicherstellung der betrieblichen Abläufe und Compliance.

Die Verarbeitung umfasst die Erfassung, Speicherung und Nutzung von Beschäftigtendaten (z. B. Personalnummer, Arbeitszeiten, Urlaubstage) sowie Fahrzeugdaten (z. B. Kennzeichen).

### 2.2 Rechtsgrundlagen
Die Verarbeitung erfolgt auf folgenden Rechtsgrundlagen:
- **Art. 6 Abs. 1 lit. b DSGVO** (Erfüllung eines Vertrags oder vorvertraglicher Maßnahmen),
- **Art. 6 Abs. 1 lit. f DSGVO** (Wahrung berechtigter Interessen, z. B. effiziente Verwaltung),
- **§ 26 BDSG** (Datenverarbeitung für Zwecke des Beschäftigungsverhältnisses).

---

## 3. Kategorien personenbezogener Daten und Datenquellen

### 3.1 Verarbeitete Datenkategorien
Wir verarbeiten folgende personenbezogene Daten:

**Personenbezogene Grunddaten:**
- Nachname
- Vorname
- Adresse
- E-Mail-Adresse

**Beschäftigtendaten:**
- Arbeitszeiten
- Berufliche Position
- Personalnummer
- Unternehmenszugehörigkeit
- Urlaubsanspruch
- Urlaubstage
- Urlaubszeiten
- Vertragsdaten

**Verhaltensdaten:**
- Nutzungsverhalten (z. B. Zugriff auf HR-Systeme)

**Dokumentations- und Aufzeichnungsdaten:**
- Individuelle Dokumentation (z. B. Arbeitszeitnachweise)

**Fahrzeugdaten:**
- Kennzeichen

### 3.2 Datenquellen
Die Daten stammen aus folgenden Quellen:
- Microsoft Office 365
- HR-Software (z. B. internes HR-System)
- Unternehmenssysteme (z. B. ERP-Systeme)
- Spezialisierte Software für Arbeitszeit- und Urlaubsverwaltung sowie Parkplatzberechtigung

---

## 4. Betroffene Personen und Empfänger

### 4.1 Kategorien betroffener Personen
Die Verarbeitung betrifft folgende Personengruppen:
- Interne Mitarbeitergruppen (z. B. Beschäftigte der APOR GmbH)

### 4.2 Interne Empfänger
Daten werden an folgende interne Stellen weitergegeben:
- Geschäftsführung
- Verwaltung (z. B. HR-Abteilung)
- IT-Abteilung
- Rechts- und Compliance-Abteilung
- Berechtigte Personen mit folgenden Rollen:
  - Managementrollen
  - Administrative Rollen
  - Technische Rollen
  - Rechts- und Compliance-Rollen
  - HR- und Recruiting-Rollen

### 4.3 Externe Empfänger (innerhalb der EU)
Daten werden an folgende externe Empfänger übermittelt:
- Behörden (z. B. Finanzamt, Sozialversicherungsträger)
- Software- und Cloud-Anbieter (z. B. für Hosting oder Wartung der HR-Systeme)

---

## 5. Löschfristen und Datenaufbewahrung

### 5.1 Aufbewahrungsfristen
Wir löschen personenbezogene Daten gemäß folgenden Fristen:
- **Arbeitszeit- und Urlaubsdaten:** 6 Jahre nach Beendigung des Beschäftigungsverhältnisses (gemäß § 257 HGB und § 147 AO für steuerrelevante Unterlagen).
- **Parkplatzdaten (Kennzeichen):** 3 Jahre nach Beendigung des Beschäftigungsverhältnisses oder bei Widerruf der Berechtigung.

### 5.2 Ausnahmen
In Einzelfällen können Daten über die regulären Löschfristen hinaus aufbewahrt werden, sofern gesetzliche Aufbewahrungspflichten oder berechtigte Interessen dies erfordern.

### 5.3 Regelmäßige Überprüfung
Wir überprüfen die Löschfristen regelmäßig und passen sie bei Bedarf an. Die Verantwortung für die Einhaltung der Fristen liegt bei der HR-Abteilung.

---

## 6. Technische und organisatorische Maßnahmen (TOM)

Wir haben folgende Maßnahmen implementiert, um die Sicherheit und den Schutz personenbezogener Daten zu gewährleisten:

### 6.1 Zugangskontrolle
- Rollenbasierte Zugriffsrechte (RBAC) für HR- und Parkplatzverwaltung.
- Multi-Faktor-Authentifizierung (MFA) für den Zugriff auf sensible Daten.

### 6.2 Zugriffskontrolle
- Protokollierung aller Zugriffe (Logfiles) mit Zeitstempel, Nutzerkennung und durchgeführter Aktion.
- Regelmäßige Überprüfung der Berechtigungen.

### 6.3 Weitergabekontrolle
- Verschlüsselung (TLS 1.3) bei der Datenübertragung.
- VPN für Remote-Zugriffe.

### 6.4 Eingabekontrolle
- Automatisierte Plausibilitätsprüfungen (z. B. für Arbeitszeiten).
- Manuelle Stichproben zur Qualitätssicherung.

### 6.5 Verfügbarkeit
- Tägliche Backups (verschlüsselt, offline gespeichert).
- Notfallplan für Systemausfälle.

### 6.6 Trennung
- Logische Trennung von HR- und Parkplatzdaten in separaten Datenbanken.

### 6.7 Organisatorische Maßnahmen
- Jährliche Datenschutzschulungen für Mitarbeiter mit Zugriff auf personenbezogene Daten.
- Regelmäßige Audits zur Überprüfung der Compliance.
- DSGVO-konforme Löschkonzepte.

### 6.8 Betroffenenrechte
- Verfahren zur Umsetzung von Auskunfts-, Berichtigungs- und Löschanfragen (z. B. Fristen: 1 Monat gemäß Art. 12 DSGVO).
- Verantwortliche Ansprechpartner für Betroffenenanfragen sind die HR-Abteilung und der Datenschutzbeauftragte.

### 6.9 Risikobewertung
- Dokumentation spezifischer Risiken (z. B. unbefugter Zugriff auf Parkplatzdaten) und Gegenmaßnahmen (z. B. Zugriffsbeschränkungen, Verschlüsselung).
- Datenminimierung: Wir verarbeiten nur die Daten, die für den jeweiligen Zweck erforderlich sind (z. B. E-Mail-Adresse für die Parkplatzverwaltung zur Kommunikation).

### 6.10 Protokollierung
- Umfang der Logfiles: Zugriffszeit, Nutzer, durchgeführte Aktion.
- Aufbewahrungsdauer der Logfiles: 1 Jahr.

---
**Stand:** [Datum einfügen]
**Verantwortlich:** Datenschutzbeauftragter der APOR GmbH

---
User ID: IAR1116
Mode: form
Time elapsed: 203 seconds
Date: 2026-01-26T11:47:02.862Z
```"
"11","IAR1116","chat","```markdown
# Mitarbeiterverwaltung (Arbeitszeit/Urlaub) & Parkplatzberechtigung
**Verzeichnis von Verarbeitungstätigkeiten gemäß Art. 30 DSGVO**

---

## 1. Verantwortliche Stelle und Kontaktdaten

Wir, die **APOR GmbH**, sind als verantwortliche Stelle für die Verarbeitung personenbezogener Daten im Rahmen der Mitarbeiterverwaltung sowie der Parkplatzberechtigung zuständig. Unsere Kontaktdaten lauten wie folgt:

- **Name der verantwortlichen Stelle:** APOR GmbH
- **Anschrift:** Mainstraße 67, 89073 Ulm
- **E-Mail-Adresse:** mail@apor.eu
- **Telefonnummer:** 012345678
- **Vertreter der verantwortlichen Stelle:** A. I. (ai@apor.eu)
- **Datenschutzbeauftragte:r:** A. I. (ai@apor.eu)

---

## 2. Zwecke und Rechtsgrundlagen der Verarbeitung

### 2.1 Zwecke der Verarbeitung
Wir verarbeiten personenbezogene Daten unserer Mitarbeitenden zur ganzheitlichen Verwaltung von deren Beschäftigungsverhältnis – vom Eintritt bis zum Austritt aus dem Unternehmen. Die Verarbeitung dient folgenden Zwecken:

- Erfassung und Pflege von Stammdaten neuer und bestehender Mitarbeitender,
- Dokumentation von Arbeitszeiten sowie Verwaltung von Urlaubs- und Abwesenheitszeiten,
- Zuweisung und Verwaltung von Parkplatzberechtigungen für den firmeneigenen Parkplatz mit Schranke. Hierfür wird ein eindeutiges Merkmal (Fahrzeugkennzeichen) hinterlegt, um die Nutzung zu ermöglichen.

Die Verarbeitung erfolgt ausschließlich auf internen Systemen (Microsoft Office 365 und eigene Server) ohne Nutzung externer Cloud-Dienste. Medizinische Daten oder Krankentage sind nicht Gegenstand dieser Verarbeitungstätigkeit.

### 2.2 Rechtsgrundlagen der Verarbeitung
Die Verarbeitung personenbezogener Daten erfolgt auf folgenden Rechtsgrundlagen gemäß Art. 6 Abs. 1 DSGVO sowie ergänzenden nationalen Vorschriften:

- **Art. 6 Abs. 1 lit. b DSGVO (Vertragserfüllung):**
  Die Verarbeitung ist für die Durchführung des Beschäftigungsverhältnisses erforderlich, insbesondere zur Verwaltung von Arbeitszeiten, Urlaub und Parkplatzberechtigungen.

- **Art. 6 Abs. 1 lit. f DSGVO (Berechtigtes Interesse):**
  Die Verarbeitung dient unserem berechtigten Interesse an einer effizienten Verwaltung der Mitarbeiterressourcen sowie der Sicherstellung einer geordneten Nutzung des firmeneigenen Parkplatzes.

- **§ 26 BDSG (Datenverarbeitung für Zwecke des Beschäftigungsverhältnisses):**
  Die Verarbeitung erfolgt im Rahmen des Beschäftigungsverhältnisses und ist für dessen Durchführung erforderlich.

---

## 3. Kategorien personenbezogener Daten und Datenquellen

### 3.1 Kategorien personenbezogener Daten
Im Rahmen der Mitarbeiterverwaltung und Parkplatzberechtigung verarbeiten wir folgende Kategorien personenbezogener Daten:

- **Arbeitszeitdaten:**
  - Arbeitszeiten
  - Urlaubs- und Abwesenheitszeiten

- **Parkplatzverwaltung:**
  - Fahrzeugkennzeichen

### 3.2 Datenquellen
Die personenbezogenen Daten werden aus folgenden Quellen erhoben und verarbeitet:

- Microsoft Office 365 (interne Systeme)
- Eigene Server (lokal gehostet)

---

## 4. Betroffene Personen und Empfänger:innen der Daten

### 4.1 Kategorien betroffener Personen
Die Verarbeitung betrifft folgende Kategorien betroffener Personen:

- Mitarbeitende der APOR GmbH

### 4.2 Empfänger:innen der Daten
Die personenbezogenen Daten werden ausschließlich an folgende interne Empfänger:innen übermittelt:

- **Personalabteilung (HR):** Zur Verwaltung von Stammdaten, Arbeitszeiten und Urlaub.
- **Verwaltung:** Zur Zuweisung und Verwaltung von Parkplatzberechtigungen.

Externe Empfänger:innen oder Auftragsverarbeiter:innen sind nicht beteiligt. Eine Übermittlung an Dritte außerhalb der APOR GmbH findet nicht statt.

---

## 5. Löschfristen und Speicherdauer

### 5.1 Löschfristen
Die personenbezogenen Daten werden gemäß folgender Regelungen gelöscht:

- **Grundsatz:** Die Daten werden spätestens **3 Monate nach Austritt der Mitarbeitenden** gelöscht.
- **Ausnahmen:** Sofern gesetzliche Aufbewahrungspflichten (z. B. im Rahmen laufender Verfahren) bestehen, erfolgt die Löschung erst nach Ablauf dieser Fristen.

### 5.2 Verfahren zur Löschung
Die Löschung erfolgt entweder automatisiert durch unsere Systeme oder manuell durch die zuständigen Mitarbeitenden. Die Einhaltung der Löschfristen wird regelmäßig überprüft.

---

## 6. Technische und organisatorische Maßnahmen (TOM)

Zur Gewährleistung der Sicherheit und Vertraulichkeit der verarbeiteten personenbezogenen Daten haben wir folgende technische und organisatorische Maßnahmen implementiert:

### 6.1 Zugriffskontrolle
- **Rollenbasierter Zugriff:** Der Zugriff auf personenbezogene Daten erfolgt nach dem **Need-to-know-Prinzip**. Nur berechtigte Personen (z. B. HR, Verwaltung) erhalten Zugang zu den relevanten Daten.
- **Berechtigungskonzept:** Individuelle Zugriffsrechte werden basierend auf der jeweiligen Funktion und Verantwortung vergeben.

### 6.2 Authentifizierung
- **Passwortschutz:** Alle Systeme sind durch starke Passwörter geschützt.
- **Multi-Faktor-Authentifizierung (MFA):** Für sensible Bereiche (z. B. Parkplatzverwaltung) ist eine zusätzliche Authentifizierung mittels MFA erforderlich.

### 6.3 Datenintegrität und Verfügbarkeit
- **Regelmäßige Backups:** Sämtliche Mitarbeiterdaten und Parkplatzberechtigungen werden in regelmäßigen Abständen gesichert, um Datenverlust zu vermeiden.
- **Wiederherstellungsverfahren:** Im Falle eines Datenverlusts können die Daten aus den Backups wiederhergestellt werden.

### 6.4 Physische Sicherheit
- **Zutrittskontrolle:** Der Serverraum und das Archiv sind durch physische Zutrittskontrollen gesichert, um unbefugten Zugang zu verhindern.

### 6.5 Vertraulichkeit
- **Vertraulichkeitsverpflichtung:** Alle berechtigten Mitarbeitenden sind zur Vertraulichkeit im Umgang mit personenbezogenen Daten verpflichtet.
- **Schulungen:** Regelmäßige Sensibilisierungsmaßnahmen zum Datenschutz und zur sicheren Datenverarbeitung werden durchgeführt.

### 6.6 Protokollierung
- **Zugriffsprotokolle:** Zugriffe auf sensible Daten (z. B. Parkplatzberechtigungen) werden dokumentiert, um nachvollziehbar zu machen, wer wann auf welche Daten zugegriffen hat.

### 6.7 Regelmäßige Überprüfung
- **Jährliche Prüfung:** Die technischen und organisatorischen Maßnahmen werden mindestens einmal jährlich überprüft und bei Bedarf angepasst, um die Einhaltung der Compliance-Anforderungen sicherzustellen.

---

## 7. Weitere Informationen

### 7.1 Information der Betroffenen
Mitarbeitende werden bei Eintritt in das Unternehmen über die Verarbeitung ihrer personenbezogenen Daten informiert, insbesondere im Rahmen der Datenschutzbelehrung.

### 7.2 Änderungen der Verarbeitungstätigkeiten
Sollten sich die Zwecke oder Umstände der Verarbeitung ändern, wird dieses Verzeichnis entsprechend aktualisiert.

---
**Stand:** [Datum der Erstellung/letzten Aktualisierung]
**Verantwortlich:** Datenschutzbeauftragte:r der APOR GmbH

---
User ID: IAR1116
Mode: chat
Time elapsed: 396 seconds
Date: 2026-01-26T11:55:08.842Z
```"
"12","TIL1618","chat","```markdown
# Mitarbeiterdatenverwaltung
**Verzeichnis von Verarbeitungstätigkeiten gemäß Artikel 30 DSGVO**

---

## 1. Verantwortliche Stelle und Kontaktdaten

**Verantwortliche Stelle (Verantwortlicher im Sinne der DSGVO):**
- **Name:** APOR GmbH
- **Rolle:** Verantwortlicher für die Datenverarbeitung (Data Controller)
- **Anschrift:** Mainstraße 67, 89073 Ulm
- **E-Mail:** mail@apor.eu
- **Telefon:** 012345678
- **Vertreter der verantwortlichen Stelle:** A. I.
- **Datenschutzbeauftragter (DSB):** A. I.

---

## 2. Zwecke und Rechtsgrundlagen der Verarbeitung

### 2.1 Zwecke der Verarbeitung
Wir verarbeiten personenbezogene Daten unserer Mitarbeitenden, um den gesamten Beschäftigungszyklus – vom Eintritt bis zum Austritt – rechtssicher und effizient zu verwalten. Dies umfasst folgende Zwecke:
- Anlage und Verwaltung von Mitarbeiterstammdaten,
- Dokumentation von Arbeitszeiten,
- Verwaltung von Urlaubs- und Abwesenheitszeiten,
- Verwaltung von Parkplatzberechtigungen für berechtigte Mitarbeitende, einschließlich der Hinterlegung von Zuordnungsmerkmalen (z. B. Fahrzeugkennzeichen).

Die Verarbeitung erfolgt ausschließlich auf intern gehosteten Systemen (Microsoft Office und interne Server) und dient ausschließlich betrieblichen Zwecken. Medizinische Daten oder Krankentage werden in diesem Zusammenhang nicht verarbeitet.

### 2.2 Rechtsgrundlagen der Verarbeitung
Die Verarbeitung personenbezogener Daten erfolgt auf folgenden Rechtsgrundlagen:
- **Art. 6 Abs. 1 lit. a DSGVO** (Einwilligung der betroffenen Person),
- **Art. 6 Abs. 1 lit. b DSGVO** (Erfüllung eines Vertrags oder vorvertraglicher Maßnahmen),
- **Art. 6 Abs. 1 lit. c DSGVO** (Erfüllung einer rechtlichen Verpflichtung),
- **Art. 6 Abs. 1 lit. f DSGVO** (Wahrung berechtigter Interessen des Verantwortlichen oder eines Dritten),
- **§ 26 BDSG** (Datenverarbeitung für Zwecke des Beschäftigungsverhältnisses),
- **§ 257 HGB** (Aufbewahrung von Handelsbüchern, Inventaren, Bilanzen und sonstigen Unterlagen),
- **§ 147 AO** (Aufbewahrung von Unterlagen für steuerliche Zwecke).

---

## 3. Kategorien personenbezogener Daten und Datenquellen

### 3.1 Kategorien personenbezogener Daten
Wir verarbeiten folgende Kategorien personenbezogener Daten unserer Mitarbeitenden:

**Personenbezogene Grunddaten:**
- Nachname
- Vorname
- Anschrift
- Telefonnummer
- E-Mail-Adresse

**Beschäftigungsdaten:**
- Arbeitszeiten
- Berufliche Position
- Personalnummer
- Unternehmenszugehörigkeit
- Urlaubsanspruch
- Urlaubstage
- Urlaubszeiten

**Fahrzeugdaten:**
- Fahrzeugkennzeichen

### 3.2 Datenquellen
Die personenbezogenen Daten werden aus folgenden Quellen erhoben:
- Microsoft Office 365
- Interne Server
- Enterprise-Systeme

---

## 4. Betroffene Personen und Empfänger der Daten

### 4.1 Kategorien betroffener Personen
Die Verarbeitung betrifft folgende Kategorien betroffener Personen:
- Mitarbeitende der APOR GmbH

### 4.2 Empfänger der Daten
Die personenbezogenen Daten werden an folgende Empfänger übermittelt:

**Interne Empfänger:**
- Keine spezifischen internen Empfängerkategorien benannt.

**Externe Empfänger (innerhalb der EU):**
- Steuerberater und Behörden (z. B. Finanzamt, Sozialversicherungsträger) ausschließlich im Rahmen gesetzlicher Pflichten (z. B. nach HGB oder AO).

Externe Dienstleister haben keinen regelmäßigen Zugriff auf die Daten, da alle Systeme intern gehostet werden. Temporäre Zugriffe (z. B. für Wartungsarbeiten) werden vertraglich geregelt und protokolliert.

---

## 5. Aufbewahrungsfristen und Löschung

### 5.1 Aufbewahrungsfristen
Die personenbezogenen Daten werden standardmäßig **drei Monate nach Beendigung des Beschäftigungsverhältnisses** gelöscht, sofern keine gesetzlichen Aufbewahrungspflichten (z. B. nach HGB oder AO) entgegenstehen.

### 5.2 Ausnahmen von der Löschung
Daten, für die gesetzliche Aufbewahrungspflichten bestehen, werden über die reguläre Löschfrist hinaus aufbewahrt.

---

## 6. Technische und organisatorische Maßnahmen (TOM)

Zum Schutz der personenbezogenen Daten haben wir folgende technische und organisatorische Maßnahmen implementiert:

- **Zugriffsbeschränkung:** Zugriff auf personenbezogene Daten erfolgt nach dem Need-to-know-Prinzip. Nur berechtigte Personen erhalten Zugang.
- **Authentifizierung:** Passwortschutz, ggf. mit Multi-Faktor-Authentifizierung für sensible Bereiche.
- **Datenintegrität und -verfügbarkeit:** Regelmäßige Backups zur Sicherung der Daten.
- **Physische Sicherheit:** Zutrittskontrolle zum Serverraum und Archiv, um unbefugten Zugang zu verhindern.
- **Vertraulichkeit:** Alle berechtigten Mitarbeitenden sind auf Vertraulichkeit verpflichtet und werden regelmäßig im Umgang mit personenbezogenen Daten geschult.
- **Löschung:** Daten werden spätestens drei Monate nach Austritt der jeweiligen Person gelöscht, sofern keine gesetzlichen Aufbewahrungspflichten entgegenstehen.

---
**Stand:** [Datum der Erstellung]
**Verantwortlich:** Datenschutzbeauftragter der APOR GmbH

---
User ID: TIL1618
Mode: chat
Time elapsed: 1008 seconds
Date: 2026-01-26T12:39:39.939Z
```"
"13","TIL1618","ask","```markdown
# Mitarbeiterdatenverwaltung
**Verzeichnis von Verarbeitungstätigkeiten gemäß Artikel 30 DSGVO**

---

## 1. Verantwortliche Stelle und Ansprechpartner

**Verantwortliche Stelle (Verantwortlicher im Sinne der DSGVO):**
- **Name:** APOR GmbH
- **Anschrift:** Mainstraße 67, 89073 Ulm
- **E-Mail:** mail@apor.eu
- **Telefon:** 012345678

**Vertreter der verantwortlichen Stelle:**
- A.I.

**Datenschutzbeauftragter (DSB):**
- **Name:** A.I.
- **E-Mail:** ai@apor.eu
- **Telefon:** 012345678

---

## 2. Zweck und Rechtsgrundlage der Verarbeitung

### 2.1 Zweck der Verarbeitung
Wir verarbeiten personenbezogene Daten unserer Mitarbeitenden, um das Arbeitsverhältnis von der Einstellung bis zum Austritt rechtssicher und effizient zu verwalten. Die Verarbeitung umfasst folgende Zwecke:

- Anlegen und Pflege von Mitarbeiterstammdaten (z. B. Kontaktdaten, Vertragsinformationen)
- Dokumentation von Arbeitszeiten, Urlaubs- und Abwesenheitszeiten
- Verwaltung von Parkplatzberechtigungen für den Firmenparkplatz (z. B. Zuordnung von Fahrzeugkennzeichen zur Schrankensteuerung)

Die Verarbeitung dient der Erfüllung arbeitsvertraglicher Pflichten, der betrieblichen Organisation sowie der Einhaltung gesetzlicher Vorgaben (z. B. Arbeitszeitgesetz, Steuerrecht).

### 2.2 Rechtsgrundlage der Verarbeitung
Die Verarbeitung personenbezogener Daten erfolgt auf folgenden Rechtsgrundlagen:

- **Vertragserfüllung (Art. 6 Abs. 1 lit. b DSGVO):**
  Die Verarbeitung ist für die Durchführung des Arbeitsverhältnisses notwendig, z. B. für Stammdaten, Gehaltsabrechnungen oder Arbeitszeitdokumentation.

- **Rechtliche Verpflichtung (Art. 6 Abs. 1 lit. c DSGVO):**
  Daten werden aufgrund gesetzlicher Vorgaben verarbeitet, z. B. die Aufbewahrung von Gehaltsdaten nach § 147 AO (Steuerrecht) oder Arbeitszeitnachweise nach dem Arbeitszeitgesetz.

- **Berechtigtes Interesse (§ 26 BDSG):**
  Die Verwaltung von Beschäftigtendaten, z. B. die Parkplatzverwaltung mit Fahrzeugkennzeichen, erfolgt im berechtigten Interesse des Arbeitgebers.

---

## 3. Kategorien personenbezogener Daten und Datenquellen

### 3.1 Verarbeitete Datenkategorien
Wir verarbeiten folgende personenbezogene Daten unserer Mitarbeitenden:

- **Persönliche Daten:**
  - Name
  - Geburtsdatum
  - Adresse
  - Telefonnummer
  - E-Mail-Adresse
  - Staatsangehörigkeit
  - Familienstand

- **Beschäftigungsdaten:**
  - Arbeitszeiten
  - Urlaubsanspruch
  - Abwesenheitstage (Krankheit, Urlaub, Dienstreisen)
  - Personalnummer
  - Vertragsdaten
  - Position im Unternehmen

- **Finanzielle Daten:**
  - Gehaltsdaten
  - Bankverbindung
  - Steueridentifikationsnummer
  - Steuerklasse

- **Gesundheitsdaten:**
  - Krankmeldungen
  - Sozialversicherungsnummer
  - Gesundheitsdaten (falls relevant, z. B. bei betrieblicher Gesundheitsvorsorge)

- **Rechtliche Daten:**
  - Arbeitsverträge
  - Personalausweiskopien
  - Aufbewahrungspflichtige Dokumente (z. B. nach § 147 AO)

- **Fahrzeugdaten:**
  - Fahrzeugkennzeichen (für die Parkplatzverwaltung)

### 3.2 Datenquellen
Die personenbezogenen Daten der Mitarbeitenden stammen aus folgenden Systemen und Kanälen:

- Microsoft Office 365 (z. B. Outlook für E-Mails, SharePoint für Verträge, Teams für Kommunikation)
- HR-Software (falls genutzt, z. B. für Gehaltsabrechnungen, Arbeitszeitmanagement oder Stammdatenpflege)
- E-Mail-Provider (z. B. für Bewerbungen, interne Dokumente oder Abwesenheitsmeldungen)
- Manuelle Eingaben (z. B. Excel-Listen für Parkplatzzuweisungen oder direkte Datenerfassung in internen Systemen)
- Spezialisierte Tools (z. B. Software für die Parkplatzverwaltung mit Fahrzeugkennzeichen oder Zeiterfassungssysteme)

---

## 4. Betroffene Personen und Empfänger der Daten

### 4.1 Betroffene Personen
Die Verarbeitung betrifft folgende Personengruppen:

- Aktuelle und ehemalige Mitarbeitende der APOR GmbH, einschließlich:
  - Festangestellte
  - Teilzeitkräfte
  - Auszubildende und Praktikant:innen
  - Bewerber:innen (während des Einstellungsprozesses)
  - Ehemalige Mitarbeitende (bis zur Löschung der Daten)

### 4.2 Interne Empfänger
Zugriff auf die Daten haben folgende Abteilungen und Rollen:

- **Personalabteilung (HR):**
  Stammdaten, Verträge, Gehaltsabrechnungen, Arbeitszeiten
- **Vorgesetzte:**
  Arbeitszeiten, Urlaubsplanung, Abwesenheitsmeldungen
- **IT-Abteilung:**
  Technische Wartung der Systeme (ohne inhaltlichen Zugriff)
- **Geschäftsführung:**
  Auswertungen zur Personalstruktur (aggregiert)
- **Buchhaltung:**
  Gehaltsdaten, Steuerinformationen

### 4.3 Externe Empfänger
Daten werden an folgende Dritte übermittelt:

- Finanzamt/Steuerbehörden (Gehaltsdaten, Sozialversicherungsmeldungen)
- Steuerberater:in (Lohnbuchhaltung, Jahresabschlüsse)
- Krankenkassen (Sozialversicherungsdaten)
- Parkplatzverwaltungssystem (Fahrzeugkennzeichen für Schrankensteuerung)

### 4.4 Berechtigte Personen
Folgende Rollen haben Zugriffsrechte auf die Daten:

- **HR-Mitarbeiter:innen:**
  Vollzugriff auf Stamm- und Vertragsdaten
- **HR-Leitung:**
  Freigabe von Gehaltsdaten
- **IT-Administrator:innen:**
  Systemwartung (kein inhaltlicher Zugriff)
- **Vorgesetzte:**
  Leserechte für Team-Arbeitszeiten
- **Buchhaltung:**
  Gehaltsdaten (nur für Abrechnungszwecke)

---

## 5. Speicherfristen und Löschung

Personenbezogene Daten von Mitarbeitenden werden standardmäßig spätestens **3 Monate nach Austritt** gelöscht. Ausnahmen gelten für Daten mit gesetzlicher Aufbewahrungspflicht:

- **Gehaltsdaten:** 10 Jahre nach § 147 AO (Steuerrecht)
- **Arbeitsverträge:** 3 Jahre
- **Arbeitszeitnachweise:** 2 Jahre nach dem Arbeitszeitgesetz

Die Löschung erfolgt automatisiert (z. B. E-Mail-Accounts) oder manuell (z. B. physische Akten) und wird protokolliert.

---

## 6. Technische und organisatorische Maßnahmen (TOM)

Wir setzen folgende Maßnahmen um, um die Sicherheit und Vertraulichkeit der Mitarbeiterdaten gemäß DSGVO zu gewährleisten:

### 6.1 Technische Maßnahmen
- **Zugriffskontrollen:**
  Rollenbasierter Zugriff nach dem Need-to-know-Prinzip (z. B. HR: Stammdaten/Verträge, Vorgesetzte: Arbeitszeiten, IT: nur technische Wartung).
- **Authentifizierung:**
  Starke Passwörter (mindestens 12 Zeichen) und Zwei-Faktor-Authentifizierung (MFA) für alle Microsoft-Office-Accounts.
- **Verschlüsselung:**
  Daten auf Servern und in E-Mails (TLS) verschlüsselt; sensible Dokumente (z. B. Verträge) nur per passwortgeschütztem SharePoint-Link oder verschlüsselter E-Mail (Microsoft Purview).
- **Backups:**
  Tägliche automatische Backups auf separatem Server, monatliche Wiederherstellungstests; Backups physisch getrennt vom Hauptsystem.
- **Firewalls & Virenschutz:**
  Regelmäßige Updates, Malware-Schutz auf allen Geräten.
- **Microsoft Office-Sicherheit:**
  - **SharePoint/OneDrive:** Berechtigungen regelmäßig geprüft, Freigaben nur mit Passwort oder Ablaufdatum.
  - **Teams/Outlook:** Keine Speicherung sensibler Daten in Chats, automatische Löschung von E-Mails nach 5 Jahren.

### 6.2 Organisatorische Maßnahmen
- **Berechtigungskonzept:**
  Schriftliche Regelung, wer auf welche Daten zugreifen darf (z. B. HR: Gehaltsdaten, IT: keine Inhaltszugriffe).
- **Schulungen:**
  Jährliche DSGVO-Schulungen für HR, IT und Führungskräfte.
- **Vertraulichkeitsvereinbarungen:**
  Alle Mitarbeiter mit Datenzugriff unterzeichnen eine Verpflichtungserklärung.
- **Physische Sicherheit:**
  Serverraum nur für IT-Admins zugänglich, abschließbare Schränke für physische Backups.
- **Notfallplan:**
  Meldung von Datenlecks an den DPO innerhalb von 24 Stunden.

---
**Stand:** [Datum der letzten Aktualisierung]
**Verantwortlich:** Datenschutzbeauftragter der APOR GmbH

---
User ID: TIL1618
Mode: ask
Time elapsed: 1214 seconds
Date: 2026-01-26T13:01:28.649Z
```"
"14","TIL1618","form","```markdown
# Mitarbeiterdatenverwaltung
**Verzeichnis von Verarbeitungstätigkeiten gemäß Artikel 30 DSGVO**

---

## 1. Verantwortliche Stelle und Kontaktdaten

Als verantwortliche Stelle im Sinne der Datenschutz-Grundverordnung (DSGVO) verarbeiten wir personenbezogene Daten im Rahmen unserer betrieblichen Tätigkeiten. Die folgenden Angaben dienen der Identifikation und Kontaktaufnahme:

- **Name der verantwortlichen Stelle**: APOR GmbH
- **Rolle**: Verantwortlicher (Data Controller) und Datenschutzbeauftragter (DPO)
- **Anschrift**: Mainstraße 67, 89073 Ulm
- **E-Mail-Adresse**: mail@apor.eu
- **Telefonnummer**: 012345678
- **Vertreter der verantwortlichen Stelle**: A. I.
- **Datenschutzbeauftragter (DSB)**: A. I.

---

## 2. Zwecke und Rechtsgrundlagen der Verarbeitung

### 2.1 Zwecke der Verarbeitung
Wir verarbeiten personenbezogene Daten unserer Mitarbeiterinnen und Mitarbeiter ausschließlich zur Erfüllung arbeitsvertraglicher, gesetzlicher und betrieblicher Pflichten. Die Verarbeitung dient insbesondere folgenden Zwecken:

- Personalverwaltung und -organisation
- Gehaltsabrechnung und Lohnbuchhaltung
- Sozialversicherungsmeldungen und Steuerangelegenheiten
- Arbeitszeitmanagement und Urlaubsplanung
- Einhaltung gesetzlicher Aufbewahrungspflichten gemäß Handelsgesetzbuch (HGB), Abgabenordnung (AO) und Bundesdatenschutzgesetz (BDSG)
- Wahrung berechtigter Interessen des Unternehmens im Rahmen des Beschäftigungsverhältnisses

Die Datenverarbeitung erfolgt ausschließlich zur ordnungsgemäßen Durchführung des Beschäftigungsverhältnisses und zur Erfüllung rechtlicher Verpflichtungen.

### 2.2 Rechtsgrundlagen der Verarbeitung
Die Verarbeitung personenbezogener Daten erfolgt auf folgenden Rechtsgrundlagen:

- **Einwilligung der betroffenen Person** (Art. 6 Abs. 1 lit. a DSGVO)
- **Erfüllung eines Vertrags oder vorvertraglicher Maßnahmen** (Art. 6 Abs. 1 lit. b DSGVO)
- **Erfüllung einer rechtlichen Verpflichtung** (Art. 6 Abs. 1 lit. c DSGVO)
- **Verarbeitung für Zwecke des Beschäftigungsverhältnisses** (§ 26 BDSG)
- **Verarbeitung besonderer Kategorien personenbezogener Daten im Beschäftigungskontext** (§ 22 BDSG)
- **Aufbewahrungspflichten gemäß HGB** (§ 257 HGB, § 239 Abs. 1 HGB)
- **Steuerrechtliche Aufbewahrungspflichten** (§ 147 AO)

---

## 3. Kategorien personenbezogener Daten und Datenquellen

### 3.1 Kategorien personenbezogener Daten
Wir verarbeiten folgende Kategorien personenbezogener Daten unserer Mitarbeiterinnen und Mitarbeiter:

#### Persönliche Daten
- Nachname
- Vorname
- Geburtsdatum
- Geburtsort
- Geschlecht
- Staatsangehörigkeit
- Anschrift
- Telefonnummer
- E-Mail-Adresse
- Familienstand

#### Beschäftigungsdaten
- Arbeitszeiten
- Berufliche Position
- Personalnummer
- Unternehmenszugehörigkeit
- Urlaubsanspruch
- Urlaubstage
- Urlaubszeiten

#### Finanzdaten
- Gehalt/Lohn
- Bankverbindung
- Steueridentifikationsnummer
- Steuerklasse
- Monatliche Gehälter
- Monatliche Löhne

#### Gesundheitsdaten
- Krankenversicherungsnummer
- Sozialversicherungsnummer
- Krankheitstage
- Versicherungsstatus

#### Rechtliche Daten
- Vertragsdaten
- Ausweisdokumente

#### Dokumentations- und Aufzeichnungsdaten
- Individuelle Dokumentation
- Belege
- Rechnungsdaten

#### Fahrzeugdaten
- Kfz-Kennzeichen

#### Sonstige Daten
- Fähigkeiten und Qualifikationen
- Benutzername
- Arbeitsvertragsdaten
- Sozialversicherungsmeldungen
- Steuerdaten
- Aufbewahrungsfristen gemäß HGB, AO und BDSG

### 3.2 Datenquellen
Die personenbezogenen Daten stammen aus folgenden Quellen:

- Microsoft Office 365
- E-Mail-Anbieter
- Finanzdienstleister
- HR-Software (z. B. SAP SuccessFactors)
- Unternehmenssysteme (ERP, CRM)
- Sicherheits- und Compliance-Systeme
- Dokumentenverarbeitungssysteme
- Personaldatenverwaltungssysteme (z. B. DATEV für Gehaltsabrechnung, spezifische HR-Software der APOR GmbH)

---

## 4. Betroffene Personen und Empfänger der Daten

### 4.1 Kategorien betroffener Personen
Die Verarbeitung personenbezogener Daten betrifft folgende Personengruppen:

- Interne Mitarbeitergruppen (Beschäftigte der APOR GmbH)

### 4.2 Interne Empfängerkategorien
Innerhalb unserer Organisation erhalten folgende Abteilungen und Rollen Zugang zu den personenbezogenen Daten:

- Geschäftsführung
- Verwaltung
- IT-Abteilung
- Finanzabteilung
- Rechts- und Compliance-Abteilung
- Personalabteilung (HR)

### 4.3 Externe Empfängerkategorien (innerhalb der EU)
Personenbezogene Daten werden an folgende externe Empfänger übermittelt:

- Behörden und öffentliche Stellen (z. B. Finanzamt, Sozialversicherungsträger)
- Software- und Cloud-Anbieter (z. B. Microsoft Office 365, DATEV)
- Krankenkassen und Versicherungsträger
- Finanzinstitute (z. B. Banken für Gehaltszahlungen)
- Externe Dienstleister (z. B. Steuerberater, Rechtsanwälte)

### 4.4 Berechtigte Personen
Folgende Rollen innerhalb unserer Organisation sind zur Verarbeitung der personenbezogenen Daten berechtigt:

- Führungskräfte
- Administrative Mitarbeiter
- IT-Mitarbeiter
- Finanzmitarbeiter
- Mitarbeiter der Rechts- und Compliance-Abteilung
- Mitarbeiter der Personalabteilung (HR)

---

## 5. Speicherfristen und Löschung

### 5.1 Speicherfristen
Wir speichern personenbezogene Daten unserer Mitarbeiterinnen und Mitarbeiter gemäß den gesetzlichen Aufbewahrungspflichten und betrieblichen Erfordernissen. Die Speicherfristen richten sich nach folgenden Kriterien:

- **Steuerrelevante Daten**: 10 Jahre nach Beendigung des Beschäftigungsverhältnisses (§ 147 AO)
- **Sonstige Daten**: 3 Monate nach Austritt der jeweiligen Person

### 5.2 Ausnahmen von der Löschung
Daten, die über die gesetzlichen Aufbewahrungspflichten hinaus aufbewahrt werden müssen, werden gesondert dokumentiert und entsprechend geschützt.

---

## 6. Technische und organisatorische Maßnahmen (TOM)

Zur Gewährleistung der Sicherheit und des Schutzes personenbezogener Daten haben wir folgende technische und organisatorische Maßnahmen implementiert:

### 6.1 Zugangskontrolle
- Rollenbasierte Zugriffsrechte (RBAC) für Mitarbeiterdaten
- Multi-Faktor-Authentifizierung (MFA) für alle Systeme
- Regelmäßige Überprüfung und Anpassung der Berechtigungen

### 6.2 Datenträgerverschlüsselung
- Verschlüsselung aller Endgeräte (AES-256)
- Verschlüsselung von Backups

### 6.3 Netzwerksicherheit
- Einsatz von Firewalls und Intrusion-Detection-Systemen (IDS)
- Segmentierte Netzwerke für HR-Daten

### 6.4 Datenminimierung
- Erhebung nur der notwendigen Daten
- Automatisierte Löschfristen gemäß Aufbewahrungspflichten

### 6.5 Protokollierung
- Automatisierte Protokollierung von Zugriffen, Änderungen und Löschungen (SIEM-System)

### 6.6 Schulungen
- Jährliche Datenschutzschulungen für alle Mitarbeiter
- Sensibilisierung für Phishing und Social Engineering

### 6.7 Incident-Response-Plan
- Meldeprozess für Datenpannen (innerhalb von 72 Stunden)
- Regelmäßige Notfallübungen

### 6.8 Auftragsverarbeitung
- Abschluss von Auftragsverarbeitungsverträgen (AV-Verträge) mit allen externen Dienstleistern
- Jährliche Audits der Auftragsverarbeiter

### 6.9 Physischer Schutz
- Zutrittskontrollen zu Serverräumen
- DSGVO-konforme Videoüberwachung

### 6.10 Pseudonymisierung
- Pseudonymisierung personenbezogener Daten, wo möglich (z. B. Gehaltsdaten)

---

## 7. Besondere Hinweise und ergänzende Informationen

### 7.1 Verarbeitung besonderer Kategorien personenbezogener Daten
Falls wir besondere Kategorien personenbezogener Daten (z. B. Gesundheitsdaten, Gewerkschaftszugehörigkeit) verarbeiten, erfolgt dies auf Grundlage von Art. 9 DSGVO und § 22 BDSG. Die Verarbeitung wird gesondert dokumentiert und unterliegt strengsten Sicherheitsmaßnahmen.

### 7.2 Detaillierte Löschfristen
Für einzelne Datenkategorien gelten folgende spezifische Löschfristen:
- **Bewerbungsunterlagen**: 6 Monate nach Abschluss des Bewerbungsverfahrens
- **Arbeitsverträge**: 10 Jahre nach Beendigung des Beschäftigungsverhältnisses
- **Gehaltsdaten**: 10 Jahre nach Beendigung des Beschäftigungsverhältnisses (§ 147 AO)

### 7.3 Datenübermittlungen in Drittländer
Falls personenbezogene Daten in Drittländer übermittelt werden (z. B. bei Nutzung von Cloud-Diensten), erfolgt dies auf Grundlage von Standardvertragsklauseln (SCC) oder einem Angemessenheitsbeschluss der Europäischen Kommission. Die Rechtsgrundlage wird dokumentiert und regelmäßig überprüft.

### 7.4 Betroffenenrechte
Wir haben interne Prozesse zur Bearbeitung von Betroffenenrechten implementiert, darunter:
- Auskunftsrecht (Art. 15 DSGVO)
- Berichtigungsrecht (Art. 16 DSGVO)
- Löschrecht (Art. 17 DSGVO)
- Einschränkungsrecht (Art. 18 DSGVO)
- Widerspruchsrecht (Art. 21 DSGVO)
- Recht auf Datenübertragbarkeit (Art. 20 DSGVO)

### 7.5 Regelmäßige Überprüfung der TOMs und AV-Verträge
Wir führen jährliche Audits unserer technischen und organisatorischen Maßnahmen sowie der Auftragsverarbeitungsverträge durch, um die Einhaltung der DSGVO sicherzustellen.

### 7.6 Datenschutz-Folgenabschätzung (DPIA)
Falls eine systematische Überwachung von Mitarbeitern oder andere risikoreiche Verarbeitungen erfolgen, führen wir eine Datenschutz-Folgenabschätzung (DPIA) gemäß Art. 35 DSGVO durch.

### 7.7 Meldung von Datenschutzverletzungen
Im Falle einer Datenschutzverletzung haben wir einen klaren Meldeprozess implementiert, der die Meldung an die zuständige Aufsichtsbehörde innerhalb von 72 Stunden sowie die Information der betroffenen Personen vorsieht.

---

**Stand**: [Datum der letzten Aktualisierung]
**Verantwortlich**: Datenschutzbeauftragter der APOR GmbH

---
User ID: TIL1618
Mode: form
Time elapsed: 312 seconds
Date: 2026-01-26T13:07:53.800Z
```"
"15","NOC2416","form","```markdown
# Mitarbeiterverwaltung & Parkplatzberechtigungen
**Verzeichnis von Verarbeitungstätigkeiten (VVT) gemäß Artikel 30 DSGVO**

---

## 1. Organisation und Verantwortlicher

**Name des Verantwortlichen:**
APOR GmbH

**Rolle:**
Verantwortlicher (Data Controller)

**Kontaktdaten:**
- **Anschrift:** Mainstraße 67, 89073 Ulm
- **E-Mail:** mail@apor.eu
- **Telefon:** 012345678
- **Vertreter:** ai@apor.eu
- **Datenschutzbeauftragter (DSB):** ai@apor.eu

---

## 2. Zweck und Rechtsgrundlage der Verarbeitung

### Zweck der Verarbeitung
Wir verarbeiten personenbezogene Daten zur Verwaltung unserer Mitarbeiter sowie zur Organisation und Verwaltung von Parkplatzberechtigungen. Dies umfasst:
- Die Erfassung, Speicherung und Nutzung von Mitarbeiterdaten (z. B. Name, Kontaktdaten, Beschäftigungsverhältnis).
- Die Verwaltung von Fahrzeugdaten (z. B. Kennzeichen) zur Zuweisung und Kontrolle von Parkplätzen.
- Die Erfüllung arbeitsvertraglicher Pflichten, die betriebliche Organisation sowie die Sicherstellung eines geordneten Parkplatzmanagements.

### Rechtsgrundlage der Verarbeitung
Die Verarbeitung erfolgt auf Grundlage folgender Rechtsnormen:
- **Art. 6 Abs. 1 lit. b DSGVO:** Erfüllung eines Vertrags (Arbeitsvertrag).
- **§ 26 BDSG:** Datenverarbeitung für Zwecke des Beschäftigungsverhältnisses.
- **Betriebliche Organisation (Parkplatzmanagement):** Erforderlichkeit zur Wahrnehmung berechtigter Interessen im Rahmen der betrieblichen Organisation.

---

## 3. Kategorien personenbezogener Daten und Datenquellen

### Verarbeitete Datenkategorien
Wir verarbeiten folgende personenbezogene Daten:

**Personenbezogene Daten:**
- Nachname
- Vorname
- Anschrift
- Telefonnummer
- E-Mail-Adresse

**Beschäftigungsdaten:**
- Arbeitszeiten
- Berufliche Position
- Personalnummer
- Unternehmenszugehörigkeit
- Urlaubsanspruch
- Urlaubstage
- Urlaubszeiten

**Gesundheitsdaten:**
- Krankenversicherungsnummer
- Sozialversicherungsnummer
- Versicherungsstatus

**Rechtliche Daten:**
- Vertragsdaten

**Fahrzeugdaten:**
- Kennzeichen

### Datenquellen
Die Daten stammen aus folgenden Quellen:
- Microsoft Office 365
- Web- und Intranet-Systeme

---

## 4. Betroffene Personen und Empfänger

### Kategorien betroffener Personen
- Interne Gruppen (Mitarbeiter)

### Interne Empfängerkategorien
Die Daten werden innerhalb unserer Organisation an folgende Bereiche übermittelt:
- Geschäftsführung
- Verwaltung
- Technik
- Finanzen
- Recht und Compliance
- Marketing und Vertrieb
- Logistik und Betrieb

### Berechtigte Personen
Folgende Rollen haben Zugriff auf die verarbeiteten Daten:
- Managementrollen
- Administrative Rollen
- Rechtliche und Compliance-Rollen
- HR- und Recruiting-Rollen

### Externe Empfänger
Es erfolgt keine Übermittlung personenbezogener Daten an externe Empfänger innerhalb oder außerhalb der EU.

---

## 5. Speicherdauer und Löschung

### Speicherdauer
Die personenbezogenen Daten werden **nach Beendigung des Beschäftigungsverhältnisses** gemäß den gesetzlichen Aufbewahrungsfristen und betrieblichen Anforderungen gespeichert.

### Löschkonzept
- Automatisierte Löschroutinen nach Ablauf der gesetzlichen oder vertraglichen Aufbewahrungsfristen.
- Manuelle Überprüfung und Löschung bei Wegfall des Verarbeitungszwecks.
- Keine Speicherung über die gesetzlichen Aufbewahrungspflichten hinaus.

---

## 6. Technische und organisatorische Maßnahmen (TOM)

Zur Gewährleistung der Sicherheit und Vertraulichkeit der verarbeiteten Daten haben wir folgende Maßnahmen implementiert:

1. **Zugriffskontrolle:**
   - Rollenbasierte Zugriffsrechte (RBAC) für Mitarbeiterdaten und Parkplatzberechtigungen.
   - Zugriff nur für autorisierte Personen (z. B. HR, Verwaltung).

2. **Verschlüsselung:**
   - TLS für die Datenübertragung.
   - AES-256 für gespeicherte Daten (z. B. Kennzeichen, Kontaktdaten).

3. **Protokollierung:**
   - Automatisierte Protokollierung von Zugriffen und Änderungen.
   - Regelmäßige Überprüfung der Protokolle.

4. **Physische Sicherheit:**
   - Zutrittskontrolle zu Servern und Büros (z. B. Chipkarten).

5. **Datenminimierung:**
   - Erfassung nur der notwendigen Daten (z. B. Kennzeichen statt Führerschein).

6. **Schulungen:**
   - Jährliche Datenschutzschulungen für alle Mitarbeiter.

7. **Notfallplan:**
   - Backup-Strategie und Incident-Response-Prozess für Datenpannen.

8. **DSGVO-konforme Löschfristen:**
   - Automatisierte Löschung nach Ablauf der Aufbewahrungsfristen (z. B. 10 Jahre für Vertragsdaten).

9. **Anonymisierung:**
   - Pseudonymisierung von Fahrzeugdaten bei Auswertungen.

10. **Drittanbieter:**
    - Vertragliche Vereinbarungen mit Auftragsverarbeitern (AV-Vertrag) zur Sicherstellung der DSGVO-Konformität.

---
**Stand:** [Datum der Erstellung]
**Verantwortlich:** Datenschutzbeauftragter der APOR GmbH

---
User ID: NOC2416
Mode: form
Time elapsed: 509 seconds
Date: 2026-01-26T15:48:25.928Z
```"
"16","NOC2416","ask","```markdown
# Mitarbeiterverwaltung (Arbeitszeit/Urlaub) & Parkplatzberechtigung

## 1. Organisation und Verantwortlicher

Wir, die **APOR GmbH**, agieren als Verantwortlicher gemäß Artikel 4 Nr. 7 DSGVO für die Verarbeitung personenbezogener Daten im Rahmen der Mitarbeiterverwaltung sowie der Parkplatzberechtigung.

- **Name des Verantwortlichen:** APOR GmbH
- **Anschrift:** Mainstraße 67, 89073 Ulm
- **Kontaktdaten:**
  - E-Mail: mail@apor.eu
  - Telefon: 012345678
- **Vertreter:** ai@apor.eu
- **Datenschutzbeauftragte:r:** ai@apor.eu

---

## 2. Zweck und Rechtsgrundlage der Verarbeitung

### 2.1 Zweck der Verarbeitung
Wir verarbeiten personenbezogene Daten zu folgenden Zwecken:
- Anlegen neuer Mitarbeitender
- Dokumentation von Arbeitszeiten
- Verwaltung von Urlaub und Abwesenheiten
- Verwaltung der Parkplatzberechtigung für berechtigte Mitarbeitende auf dem Firmenparkplatz mit Schranke

### 2.2 Rechtsgrundlage der Verarbeitung
Die Verarbeitung erfolgt auf Basis folgender Rechtsgrundlagen:
- **Vertragserfüllung (Art. 6 Abs. 1 lit. b DSGVO):**
  Die Verarbeitung ist erforderlich, um Arbeitsverträge zu erfüllen (z. B. Erfassung von Arbeitszeiten, Verwaltung von Urlaub).
- **Rechtliche Pflicht (Art. 6 Abs. 1 lit. c DSGVO):**
  Gesetzliche Vorgaben wie Aufbewahrungspflichten nach HGB oder AO.
- **Berechtigtes Interesse (Art. 6 Abs. 1 lit. f DSGVO):**
  Beispielsweise für die Parkplatzverwaltung, sofern kein Vertrag vorliegt.
- **§ 26 BDSG:**
  Spezielle Regelung für die Verarbeitung von Beschäftigtendaten in Deutschland.

---

## 3. Kategorien personenbezogener Daten und Datenquellen

### 3.1 Verarbeitete Datenkategorien
Wir verarbeiten folgende personenbezogene Daten:
- Persönliche Daten wie Name, Adresse oder Kontaktdaten (z. B. für die Parkplatzverwaltung)
- Arbeitsbezogene Daten wie Arbeitszeiten, Urlaubstage oder Personalnummer
- Fahrzeugdaten wie Kennzeichen (falls für den Parkplatz relevant)

### 3.2 Datenquellen
Die Daten stammen aus folgenden Quellen:
- Intern gehostetes Microsoft Office
- Interne Server (keine externe Cloud)
- Hinweis: Krankentage oder medizinische Angaben werden im Rahmen dieser Verarbeitung nicht erhoben.

---

## 4. Betroffene Personen und Empfänger

### 4.1 Betroffene Personen
Die Verarbeitung betrifft folgende Personengruppen:
- Mitarbeitende

### 4.2 Empfänger der Daten
Die Daten werden ausschließlich intern verarbeitet. Eine Weitergabe an externe Empfänger erfolgt nicht, sofern keine gesetzliche Verpflichtung besteht.

---

## 5. Speicherfristen und Löschung

### 5.1 Speicherfristen
Wir speichern die Daten für die Dauer der Beschäftigung, um Mitarbeitende vom Eintritt bis zum Austritt zu verwalten.
Gesetzliche Aufbewahrungspflichten (z. B. nach HGB oder AO) bleiben hiervon unberührt.

---

## 6. Technische und organisatorische Maßnahmen (TOM)

Um die Sicherheit und Vertraulichkeit der verarbeiteten Daten zu gewährleisten, haben wir folgende technische und organisatorische Maßnahmen implementiert:
- **Zugriffsbeschränkung nach Rollen (Need-to-know-Prinzip):**
  Nur berechtigte Mitarbeitende erhalten Zugang zu den relevanten Daten.
- **Passwortschutz und Multi-Faktor-Authentifizierung (MFA):**
  Sicherer Zugang zu Systemen durch starke Authentifizierungsmethoden.
- **Regelmäßige Backups:**
  Sicherstellung der Datenverfügbarkeit und Wiederherstellbarkeit.
- **Zutrittskontrolle zu Serverraum und Archiv:**
  Physische Sicherheit der IT-Infrastruktur.
- **Vertraulichkeitsverpflichtung:**
  Alle berechtigten Mitarbeitenden sind zur Vertraulichkeit verpflichtet.

---
User ID: NOC2416
Mode: ask
Time elapsed: 397 seconds
Date: 2026-01-26T15:57:35.155Z
```"
"17","NOC2416","chat","```markdown
# Mitarbeiterverwaltung (Arbeitszeit/Urlaub) & Parkplatzberechtigung
**Verzeichnis von Verarbeitungstätigkeiten (VVT) gemäß Art. 30 DSGVO**

---

## 1. Verantwortlicher und Kontaktdaten

Als Verantwortlicher im Sinne der Datenschutz-Grundverordnung (DSGVO) verarbeiten wir personenbezogene Daten im Rahmen unserer betrieblichen Tätigkeiten. Die folgenden Angaben dienen der Erfüllung unserer Dokumentationspflichten gemäß Art. 30 DSGVO.

- **Name des Verantwortlichen:** APOR GmbH
- **Anschrift:** Mainstraße 67, 89073 Ulm
- **E-Mail-Adresse:** mail@apor.eu
- **Telefonnummer:** 012345678
- **Vertreter des Verantwortlichen:** ai@apor.eu
- **Datenschutzbeauftragter (DSB):** ai@apor.eu

---

## 2. Zwecke und Rechtsgrundlagen der Verarbeitung

### 2.1 Zwecke der Verarbeitung
Wir verarbeiten personenbezogene Daten zu folgenden Zwecken:
- Betriebliche Verwaltung von Arbeitszeiten, Urlaubsansprüchen und Abwesenheiten unserer Mitarbeiter:innen, einschließlich:
  - Erfassung von Arbeitsstunden,
  - Planung von Urlaubstagen,
  - Überstundenmanagement.
- Steuerung und Zuweisung von Parkplatzberechtigungen, einschließlich:
  - Verwaltung von Nutzungsrechten,
  - Kontrolle über Zugangssysteme oder Nummernschilder.
- Einhaltung gesetzlicher Vorgaben (z. B. Arbeitszeitgesetz),
- Ressourcenplanung,
- Sicherstellung eines geordneten Betriebsablaufs.

### 2.2 Rechtsgrundlagen der Verarbeitung
Die Verarbeitung personenbezogener Daten erfolgt auf Grundlage der folgenden Rechtsnormen:
- **Art. 6 Abs. 1 lit. b DSGVO** (Erfüllung eines Vertrags oder vorvertraglicher Maßnahmen),
- **Art. 6 Abs. 1 lit. c DSGVO** (Erfüllung einer rechtlichen Verpflichtung),
- **Art. 6 Abs. 1 lit. f DSGVO** (Wahrung berechtigter Interessen des Verantwortlichen oder eines Dritten),
- **§ 26 BDSG** (Datenverarbeitung für Zwecke des Beschäftigungsverhältnisses).

---

## 3. Kategorien personenbezogener Daten und Datenquellen

### 3.1 Kategorien personenbezogener Daten
Im Rahmen der Mitarbeiterverwaltung (Arbeitszeit/Urlaub) und Parkplatzberechtigung verarbeiten wir folgende Kategorien personenbezogener Daten:
*(Hinweis: Gemäß den bereitgestellten Angaben wurden keine spezifischen Datenkategorien als „true“ markiert. Sollten dennoch Daten verarbeitet werden, sind diese hier zu ergänzen.)*

### 3.2 Datenquellen
Die personenbezogenen Daten stammen aus folgenden Quellen:
- Microsoft Office 365,
- Interne Server.

---

## 4. Betroffene Personen und Empfänger der Daten

### 4.1 Kategorien betroffener Personen
Die Verarbeitung betrifft folgende Personengruppen:
*(Hinweis: Gemäß den bereitgestellten Angaben wurden keine spezifischen Kategorien betroffener Personen als „true“ markiert. Sollten dennoch Daten verarbeitet werden, sind diese hier zu ergänzen.)*

### 4.2 Empfänger der Daten
Die personenbezogenen Daten werden an folgende Empfänger übermittelt:
*(Hinweis: Gemäß den bereitgestellten Angaben wurden keine spezifischen Empfängerkategorien als „true“ markiert. Sollten dennoch Daten an interne oder externe Empfänger übermittelt werden, sind diese hier zu ergänzen.)*

---

## 5. Löschfristen und Aufbewahrungsdauern

Wir löschen personenbezogene Daten gemäß den gesetzlichen Vorgaben und unseren internen Richtlinien. Die konkreten Löschfristen sind wie folgt festgelegt:

- **Löschfrist:** 6 Jahre nach Beendigung des Arbeitsverhältnisses (gemäß § 257 HGB, § 147 AO).
- **Ausnahmen:** Sofern gesetzliche Aufbewahrungspflichten über diese Frist hinaus bestehen, behalten wir die Daten entsprechend länger vor.

---

## 6. Technische und organisatorische Maßnahmen (TOM)

Zum Schutz der verarbeiteten personenbezogenen Daten haben wir folgende technische und organisatorische Maßnahmen implementiert:

- **Zugriffskontrollen:**
  - Rollenbasierte Berechtigungen nach dem Need-to-know-Prinzip, um den Zugriff auf autorisierte Personen zu beschränken.
- **Authentifizierung:**
  - Passwortschutz, ggf. ergänzt durch Mehrfaktor-Authentifizierung (MFA).
- **Datenverfügbarkeit:**
  - Regelmäßige Backups zur Sicherstellung der Datenwiederherstellung.
- **Physische Sicherheit:**
  - Zutrittskontrollen zum Serverraum/Archiv.
- **Vertraulichkeit:**
  - Verpflichtung der berechtigten Mitarbeitenden zur Einhaltung der Vertraulichkeit.

---

## 7. Ergänzende Hinweise

Dieses Verzeichnis von Verarbeitungstätigkeiten wird regelmäßig überprüft und bei Bedarf aktualisiert, um die Einhaltung der datenschutzrechtlichen Anforderungen sicherzustellen. Für Rückfragen stehen wir Ihnen gerne zur Verfügung.

**Stand:** [Datum der Erstellung/letzten Aktualisierung]
**Verantwortlicher:** APOR GmbH

---
User ID: NOC2416
Mode: chat
Time elapsed: 1224 seconds
Date: 2026-01-26T16:20:27.401Z
```"
"18","NUG0102","chat","```markdown
# Verzeichnis von Verarbeitungstätigkeiten (VVT)
**Mitarbeiterverwaltung (Arbeitszeit/Urlaub) & Parkplatzberechtigung**

---

## 1. Verantwortliche Stelle und Kontaktdaten

**Verantwortliche Stelle (Verantwortlicher im Sinne der DSGVO):**
APOR GmbH
**Rolle:** Verantwortlicher
**Anschrift:** Mainstraße 67, 89073 Ulm
**E-Mail:** mail@apor.eu
**Telefon:** 012345678
**Vertreter:** A.I.
**Datenschutzbeauftragter:** A.I.

---

## 2. Zwecke und Rechtsgrundlagen der Verarbeitung

### 2.1 Zwecke der Verarbeitung
Wir verarbeiten personenbezogene Daten zu folgenden Zwecken:

- **Verwaltung von Arbeitszeiten und Urlaub:**
  Erfassung, Dokumentation und Genehmigung von Arbeitszeiten, Überstunden sowie Urlaubsansprüchen unserer Mitarbeiter:innen gemäß gesetzlichen und betrieblichen Vorgaben. Dies umfasst die Planung, Abrechnung und Archivierung von Arbeitszeitdaten sowie die Verwaltung von Urlaubsanträgen und -kontingenten.

- **Organisation von Parkplatzberechtigungen:**
  Verwaltung und Zuweisung unserer firmeneigenen Parkplätze an berechtigte Mitarbeiter:innen. Hierzu gehören die Erfassung von Berechtigungen, die Kontrolle der Nutzung sowie die Dokumentation von Zuweisungen und Änderungen, einschließlich der Hinterlegung von Fahrzeugkennzeichen als Berechtigungsnachweis für den Zugang zum Firmenparkplatz.

- **Compliance und interne Berichterstattung:**
  Sicherstellung der Einhaltung arbeitsrechtlicher, steuerlicher und datenschutzrechtlicher Pflichten (z. B. Nachweispflichten gegenüber Behörden). Zudem erstellen wir interne Berichte für die Personalplanung, das Ressourcenmanagement und betriebliche Entscheidungen.

### 2.2 Rechtsgrundlagen der Verarbeitung
Die Verarbeitung personenbezogener Daten erfolgt auf folgenden Rechtsgrundlagen:

- **Art. 6 Abs. 1 lit. b DSGVO (Vertragserfüllung):**
  Die Verarbeitung ist für die Erfüllung des Arbeitsvertrags mit unseren Mitarbeiter:innen erforderlich, insbesondere zur Verwaltung von Arbeitszeiten, Urlaub und Parkplatzberechtigungen.

- **Art. 6 Abs. 1 lit. f DSGVO (Berechtigtes Interesse):**
  Die Verarbeitung dient unserem berechtigten Interesse an der effizienten Organisation interner Abläufe, der Einhaltung gesetzlicher Pflichten sowie der Sicherstellung eines reibungslosen Betriebs unserer Parkplatzinfrastruktur.

- **§ 26 BDSG (Datenverarbeitung für Zwecke des Beschäftigungsverhältnisses):**
  Die Verarbeitung erfolgt zur Durchführung des Beschäftigungsverhältnisses, einschließlich der Verwaltung von Arbeitszeiten, Urlaub und Parkplatzberechtigungen.

- **§ 257 HGB (Aufbewahrung von Handelsbüchern und Unterlagen):**
  Die Aufbewahrung von Unterlagen erfolgt zur Erfüllung handelsrechtlicher Aufbewahrungspflichten.

- **§ 239 Abs. 1 HGB (Führung der Handelsbücher):**
  Die Dokumentation von Arbeitszeiten und Urlaubsdaten erfolgt im Einklang mit den Anforderungen an die ordnungsgemäße Führung von Handelsbüchern.

---

## 3. Kategorien personenbezogener Daten und Datenquellen

### 3.1 Kategorien personenbezogener Daten
Wir verarbeiten folgende Kategorien personenbezogener Daten:

- **Personenbezogene Daten:**
  - Nachname
  - Vorname
  - Anschrift
  - Telefonnummer
  - E-Mail-Adresse

- **Beschäftigungsdaten:**
  - Arbeitszeiten
  - Berufliche Position
  - Personalnummer
  - Unternehmenszugehörigkeit
  - Urlaubsanspruch
  - Urlaubstage
  - Urlaubszeiten

- **Finanzdaten:**
  - Bankverbindung

- **Dokumentations- und Aufzeichnungsdaten:**
  - Individuelle Dokumentation (z. B. Arbeitszeitnachweise, Urlaubsanträge)

- **Fahrzeugdaten:**
  - Fahrzeugkennzeichen

### 3.2 Datenquellen
Die personenbezogenen Daten stammen aus folgenden Quellen:

- Microsoft Office 365
- Web- und Intranet-Systeme
- HR-Software
- Enterprise-Systeme (z. B. ERP-Systeme)
- Interne Server

---

## 4. Betroffene Personen und Empfänger der Daten

### 4.1 Kategorien betroffener Personen
Die Verarbeitung betrifft folgende Kategorien betroffener Personen:

- Mitarbeiter:innen der APOR GmbH

### 4.2 Empfänger der Daten
Die personenbezogenen Daten werden ausschließlich intern verarbeitet und nicht an externe Empfänger übermittelt. Eine Weitergabe an Dritte erfolgt nur in den gesetzlich vorgesehenen Fällen (z. B. an Behörden auf Anfrage).

---

## 5. Löschfristen und Speicherdauer

Wir löschen personenbezogene Daten unserer Mitarbeiter:innen **drei Monate nach Beendigung des Arbeitsverhältnisses**, sofern keine gesetzlichen Aufbewahrungspflichten entgegenstehen.

---

## 6. Technische und organisatorische Maßnahmen (TOM)

### 6.1 Technische Maßnahmen
Zur Gewährleistung der Sicherheit und des Schutzes personenbezogener Daten haben wir folgende technische Maßnahmen implementiert:

- **Zugriffsbeschränkung nach dem Need-to-know-Prinzip:**
  Der Zugriff auf personenbezogene Daten ist auf berechtigte Mitarbeiter:innen beschränkt, die diese für ihre Aufgaben benötigen.

- **Mehrfaktor-Authentifizierung (MFA):**
  Für den Zugriff auf sensible Systeme und Daten ist eine Mehrfaktor-Authentifizierung erforderlich.

- **Verschlüsselung:**
  Daten werden sowohl bei der Speicherung als auch bei der Übertragung verschlüsselt.

- **Regelmäßige Backups:**
  Automatisierte Backups gewährleisten die Verfügbarkeit und Integrität der Daten.

- **Protokollierung von Zugriffen:**
  Zugriffe auf personenbezogene Daten werden protokolliert, um die Nachvollziehbarkeit zu gewährleisten.

### 6.2 Organisatorische Maßnahmen
Zusätzlich zu den technischen Maßnahmen haben wir folgende organisatorische Maßnahmen umgesetzt:

- **Physische Zutrittskontrolle:**
  Serverräume und Archive sind durch physische Zutrittskontrollen gesichert.

- **Vertraulichkeitsverpflichtung:**
  Alle Mitarbeiter:innen mit Zugriff auf personenbezogene Daten sind zur Vertraulichkeit verpflichtet.

- **Regelmäßige Schulungen:**
  Wir führen regelmäßige Schulungen zu Datenschutz und Informationssicherheit durch.

- **Datenminimierung:**
  Wir erheben und verarbeiten nur die Daten, die für die jeweiligen Zwecke erforderlich sind.

- **Jährliche Überprüfung:**
  Unsere technischen und organisatorischen Maßnahmen werden jährlich überprüft und bei Bedarf angepasst.

---
**Stand:** [Datum der Erstellung]
**Verantwortlich:** Datenschutzbeauftragter der APOR GmbH

---
User ID: NUG0102
Mode: chat
Time elapsed: 1283 seconds
Date: 2026-01-26T17:28:39.030Z
```"
"19","NUG0102","ask","```markdown
# Mitarbeiterverwaltung (Arbeitszeit/Urlaub) & Parkplatzberechtigung
**Verzeichnis von Verarbeitungstätigkeiten gemäß Art. 30 DSGVO**

---

## 1. Verantwortlicher und Kontaktdaten

Wir, die **APOR GmbH**, sind als Verantwortlicher für die Verarbeitung personenbezogener Daten im Rahmen der Mitarbeiterverwaltung (Arbeitszeit/Urlaub) sowie der Parkplatzberechtigung zuständig.

- **Name des Verantwortlichen:** APOR GmbH
- **Anschrift:** Mainstraße 67, 89073 Ulm
- **E-Mail:** mail@apor.eu
- **Telefon:** 012345678
- **Vertreter:** A.I.
- **Datenschutzbeauftragter:** A.I. (ai@apor.eu)

---

## 2. Zwecke und Rechtsgrundlagen der Verarbeitung

### 2.1 Verarbeitungszwecke
Wir verarbeiten personenbezogene Daten unserer Mitarbeitenden zu folgenden Zwecken:

- **Verwaltung des Beschäftigungsverhältnisses:**
  - Anlage und Pflege von Mitarbeiterstammdaten (von Eintritt bis Austritt).
  - Dokumentation von Arbeitszeiten und Verwaltung von Urlaubs- sowie Abwesenheitszeiten.
  - Erfüllung arbeitsrechtlicher Pflichten (z. B. Arbeitszeitgesetz, Bundesurlaubsgesetz, Lohnfortzahlung).
  - Interne Personalplanung und Ressourcensteuerung.

- **Parkplatzverwaltung:**
  - Organisation und Zugriffskontrolle des Firmenparkplatzes mittels Schrankenanlage.
  - Bereitstellung von Parkmöglichkeiten für berechtigte Mitarbeitende.
  - Verhinderung von Missbrauch durch nicht berechtigte Personen.

### 2.2 Rechtsgrundlagen
Die Verarbeitung erfolgt auf folgenden Rechtsgrundlagen:

- **§ 26 BDSG (Beschäftigtendatenschutz):**
  Die Verarbeitung von Mitarbeiterdaten (Stammdaten, Arbeitszeiten, Urlaubs- und Abwesenheitszeiten) ist für die Durchführung des Arbeitsverhältnisses erforderlich.

- **Art. 6 Abs. 1 lit. b DSGVO (Vertragserfüllung):**
  Die Datenverarbeitung ist notwendig, um den Arbeitsvertrag zu erfüllen (z. B. Gehaltsabrechnung auf Basis der Arbeitszeiterfassung).

- **Art. 6 Abs. 1 lit. c DSGVO (Rechtliche Verpflichtung):**
  Die Speicherung von Arbeitszeiten und Urlaubsdaten ist gesetzlich vorgeschrieben (z. B. Arbeitszeitgesetz, Bundesurlaubsgesetz).
  Steuer- und handelsrechtliche Aufbewahrungspflichten (z. B. § 257 HGB, § 147 AO) gelten für Lohnunterlagen.

- **Art. 6 Abs. 1 lit. f DSGVO (Berechtigte Interessen):**
  *Nur für die Parkplatzverwaltung:*
  Die Verarbeitung von Fahrzeugkennzeichen oder RFID-Kartennummern dient der Organisation und Zugriffskontrolle des Firmenparkplatzes.
  Dies ist erforderlich, um eine geordnete Nutzung durch berechtigte Mitarbeitende sicherzustellen und Missbrauch zu verhindern.
  Die Interessen des Unternehmens überwiegen, da keine sensiblen Daten verarbeitet werden und die Maßnahme verhältnismäßig ist.

---

## 3. Kategorien personenbezogener Daten und Datenquellen

### 3.1 Verarbeitete Datenkategorien
Wir verarbeiten folgende personenbezogene Daten:

- **Persönliche Daten:**
  - Name
  - Adresse
  - Telefonnummer
  - E-Mail-Adresse

- **Beschäftigungsdaten:**
  - Arbeitszeiten
  - Urlaubstage
  - Urlaubszeiten
  - Personalnummer
  - Berufliche Position

- **Fahrzeugdaten:**
  - Fahrzeugkennzeichen (zur Steuerung der Parkplatzschranke)

- **Sonstige Daten:**
  - RFID-Kartennummer (falls für Parkplatzzugriff genutzt)

### 3.2 Datenquellen
Die Daten stammen aus folgenden Quellen:

- **Microsoft Office 365 (intern gehostet):**
  - Stammdatenverwaltung (z. B. Excel-Listen)
  - Kommunikation (Outlook)
  - Dokumentation von Arbeitszeiten und Urlaubsanträgen

- **Interne Server/Datenbanken:**
  - HR-Software (z. B. für Arbeitszeiterfassung und Urlaubsplanung)
  - Datenbank für Parkplatzverwaltung (Speicherung von RFID-Kartennummern oder Fahrzeugkennzeichen)

- **E-Mail-System (Outlook/Exchange):**
  - Erfassung von Urlaubsanträgen oder Arbeitszeitkorrekturen per E-Mail

- **Manuelle Erfassung:**
  - Papierformulare (z. B. unterschriebene Arbeitsverträge oder Urlaubsanträge)

- **Sonstige:**
  - Internes Zeiterfassungssystem (z. B. Eigenentwicklung oder Tools wie TimeTac)
  - RFID-Datenbank für die Parkplatzschranke

---

## 4. Betroffene Personen und Empfänger

### 4.1 Betroffene Personen
Die Verarbeitung betrifft folgende Personengruppen:

- Mitarbeitende (inkl. Teilzeitkräfte, Auszubildende, befristet Beschäftigte)

### 4.2 Interne Empfänger
Die Daten werden an folgende interne Stellen weitergegeben:

- Personalabteilung (HR):
  - Verwaltung von Stammdaten, Arbeitszeiten und Urlaub
- Vorgesetzte:
  - Zugriff auf Team-Arbeitszeiten/Urlaub (Genehmigungen)
- IT-Administration:
  - Technische Betreuung der Systeme (Server, Schrankenanlage)
- Facility Management:
  - Verwaltung der Parkplatzberechtigungen (RFID-Karten)

### 4.3 Externe Empfänger
Eine Weitergabe an externe Empfänger erfolgt nur in folgenden Fällen:

- Steuerberater/Buchhaltung (bei externer Vergabe der Lohnabrechnung)
- Behörden (z. B. Finanzamt, Arbeitsinspektion bei Prüfungen)

### 4.4 Berechtigte Personen (Rollen)
Der Zugriff auf die Daten ist folgenden Rollen vorbehalten:

- **HR-Rollen:**
  - Personalreferent:in
  - HR-Leitung
  - Stellvertretung
- **IT-Rollen:**
  - Systemadministrator:in
  - IT-Support
- **Führungsrollen:**
  - Abteilungsleiter:in
  - Teamleitung
- **Facility-Rollen:**
  - Parkplatzkoordinator:in

---

## 5. Speicherfristen und Löschung

### 5.1 Reguläre Speicherfristen
- **Arbeitszeit- und Urlaubsdaten:**
  Löschung aller Daten **3 Monate nach Austritt** des Mitarbeitenden, sofern keine längeren gesetzlichen Aufbewahrungspflichten bestehen (z. B. für Lohnunterlagen gemäß § 257 HGB, § 147 AO).

- **Parkplatzberechtigungen:**
  Löschung der Zuordnung (Fahrzeugkennzeichen/RFID-Kartennummer) **sofort bei Ausscheiden** des Mitarbeitenden.
  Bei vorübergehender Nichtnutzung (z. B. Elternzeit) bleibt die Zuordnung bestehen, wird jedoch deaktiviert.

### 5.2 Besondere Regelungen
- Für Teilzeitkräfte, befristet Beschäftigte oder Mitarbeitende in Elternzeit gelten dieselben Löschfristen.
- Externe Dienstleister (z. B. Wartung der Schrankenanlage) unterliegen einem **Auftragsverarbeitungsvertrag (AVV)**.
- Zugriffsprotokolle der Schrankenanlage werden nach **30 Tagen** gelöscht.

---

## 6. Technische und organisatorische Maßnahmen (TOM)

### 6.1 Technische Maßnahmen
Wir haben folgende technische Sicherheitsvorkehrungen implementiert:

- **Zugriffsbeschränkung:**
  - Rollenbasierter Zugriff („Need-to-know-Prinzip“) über das interne Active Directory.
  - Nur berechtigte Personen (z. B. HR, Vorgesetzte) haben Zugang zu Arbeitszeit-, Urlaubs- und Parkplatzdaten.
  - Multi-Faktor-Authentifizierung (MFA) für sensible Daten (z. B. Personalakten).

- **Passwortschutz:**
  - Starke Passwörter für alle Systeme (Microsoft Office, interne Server).
  - Durchsetzung von Passwortrichtlinien (Mindestlänge, regelmäßige Änderung).

- **Datenverschlüsselung:**
  - Verschlüsselung von Daten auf Servern und Backups (z. B. BitLocker für lokale Laufwerke).

- **Backups:**
  - Tägliche automatische Backups der HR-Daten auf separaten, verschlüsselten Servern.
  - Monatliche Integritätsprüfung der Backups.

- **Physische Sicherheit:**
  - Serverraum nur mit Schlüsselkarte zugänglich.
  - Archivunterlagen in abschließbaren Schränken.

- **Parkplatzverwaltung:**
  - Steuerung der Schrankenanlage über RFID-Karten.
  - Karten werden nur an berechtigte Mitarbeitende ausgegeben und bei Ausscheiden eingezogen.

### 6.2 Organisatorische Maßnahmen
Wir setzen folgende organisatorische Maßnahmen um:

- **Vertraulichkeitsverpflichtung:**
  - Alle Mitarbeitenden mit Zugriff auf personenbezogene Daten unterzeichnen eine Vertraulichkeitserklärung.
  - Jährliche Schulungen zum Datenschutz.

- **Protokollierung:**
  - Automatische Protokollierung von Zugriffen auf Arbeitszeit- und Urlaubsdaten (z. B. über Windows Event Logs).
  - Speicherung der Protokolle für **6 Monate**.

- **Datenlöschung:**
  - Sichere Löschung alter Hardware (z. B. Festplatten) vor Entsorgung (z. B. mit Tools wie DBAN).

- **Manuelle Prozesse:**
  - Manuelle Urlaubsanträge (z. B. per E-Mail) werden nach Genehmigung in die HR-Software übertragen und anschließend gelöscht.

### 6.3 Besondere Sicherheitsmaßnahmen für die Parkplatzverwaltung
- Die Parkplatzdatenbank ist durch **rollenbasierte Zugriffskontrollen** geschützt (nur HR und Facility Management).
- RFID-Karten enthalten **keine personenbezogenen Daten**, sondern nur eine eindeutige Kartennummer, die mit der HR-Datenbank verknüpft ist.
- Krankheitstage oder medizinische Daten werden **nicht** in dieser Verarbeitung erfasst.

---
**Stand:** [Datum der Erstellung]
**Verantwortlich:** Datenschutzbeauftragter der APOR GmbH

---
User ID: NUG0102
Mode: ask
Time elapsed: 1050 seconds
Date: 2026-01-26T17:49:51.376Z
```"
"20","IHL0436","chat","```markdown
# Parkplatzberechtigung
**Verzeichnis von Verarbeitungstätigkeiten gemäß Artikel 30 DSGVO**

---

## 1. Verantwortliche Stelle und Kontaktdaten

Als verantwortliche Stelle im Sinne der Datenschutz-Grundverordnung (DSGVO) verarbeiten wir personenbezogene Daten im Rahmen der Verwaltung und Kontrolle von Parkplatzberechtigungen. Nachfolgend sind unsere Kontaktdaten sowie die des Datenschutzbeauftragten aufgeführt:

- **Name der verantwortlichen Stelle:** APOR GmbH
- **Rolle:** Verantwortlicher (Data Controller) und Datenschutzbeauftragter (DSB)
- **Anschrift:** Mainstraße 67
- **E-Mail-Adresse:** ai@apor.eu
- **Telefonnummer:** 012345678
- **Vertreter der verantwortlichen Stelle:** A.I.
- **Datenschutzbeauftragter:** A.I., erreichbar unter ai@apor.eu

---

## 2. Zwecke und Rechtsgrundlagen der Verarbeitung

### 2.1 Zwecke der Verarbeitung
Wir verarbeiten personenbezogene Daten ausschließlich für folgende Zwecke:
- Verwaltung und Kontrolle von Parkplatzberechtigungen für Mitarbeiter, Besucher und externe Dienstleister der APOR GmbH.
- Zuweisung von Stellplätzen auf unserem Firmengelände.
- Überprüfung von Zugangsberechtigungen, insbesondere durch die Hinterlegung und Abgleich von Fahrzeugkennzeichen.
- Sicherstellung eines geordneten und sicheren Parkplatzmanagements.
- Gewährleistung der Einhaltung interner Richtlinien sowie gesetzlicher Vorgaben.

Die Daten werden **ausschließlich** für diese Zwecke verarbeitet und nicht für andere, nicht damit im Zusammenhang stehende Tätigkeiten genutzt.

### 2.2 Rechtsgrundlage der Verarbeitung
Die Verarbeitung personenbezogener Daten erfolgt auf Grundlage von:
- **Art. 6 Abs. 1 lit. f DSGVO (Berechtigtes Interesse):**
  Unser berechtigtes Interesse besteht in der effizienten und sicheren Verwaltung unserer Parkplatzressourcen sowie in der Gewährleistung eines reibungslosen Betriebsablaufs. Dieses Interesse überwiegt die Interessen, Grundrechte oder Grundfreiheiten der betroffenen Personen, da die Verarbeitung auf das notwendige Maß beschränkt ist und angemessene Schutzmaßnahmen getroffen wurden.

Eine Einwilligung der betroffenen Personen (Art. 6 Abs. 1 lit. a DSGVO) wird nicht eingeholt, da die Verarbeitung auf dem berechtigten Interesse beruht und keine sensiblen Datenkategorien betroffen sind.

---

## 3. Kategorien personenbezogener Daten und Datenquellen

### 3.1 Verarbeitete Datenkategorien
Im Rahmen der Parkplatzverwaltung verarbeiten wir folgende personenbezogene Daten:
- **Fahrzeugdaten:**
  - Fahrzeugkennzeichen
- **Kontaktdaten:**
  - Telefonnummern
  - E-Mail-Adressen

Weitere personenbezogene Daten, wie Name, Geburtsdatum oder Adresse, werden **nicht** verarbeitet.

### 3.2 Datenquellen
Die personenbezogenen Daten stammen aus folgenden Quellen:
- Microsoft Office 365
- Interne Server

Daten werden nicht aus externen Quellen wie Cloud-Diensten, HR-Software oder anderen Drittanbietern bezogen.

---

## 4. Betroffene Personen und Empfänger der Daten

### 4.1 Kategorien betroffener Personen
Die Verarbeitung betrifft folgende Personengruppen:
- Mitarbeiter der APOR GmbH
- Besucher der APOR GmbH
- Externe Dienstleister der APOR GmbH

### 4.2 Empfänger der Daten
Die personenbezogenen Daten werden **nicht** an interne oder externe Empfänger weitergegeben, sofern keine gesetzliche Verpflichtung besteht (z. B. behördliche Anfragen). Eine Übermittlung an Dritte erfolgt ausschließlich in folgenden Fällen:
- Bei Vorliegen einer gesetzlichen Verpflichtung (z. B. Auskunftsersuchen von Behörden).
- Im Rahmen der Erfüllung vertraglicher oder rechtlicher Pflichten.

Es erfolgt **keine** regelmäßige Weitergabe an:
- Interne Abteilungen wie Management, Verwaltung, Technik oder Finanzen.
- Externe Empfänger wie Behörden, Dienstleister oder Geschäftspartner, sofern nicht gesetzlich vorgeschrieben.

---

## 5. Löschfristen und Speicherdauer

### 5.1 Löschfristen
Die personenbezogenen Daten werden **spätestens 3 Monate nach Austritt der jeweiligen Person** gelöscht. Dies gilt für alle betroffenen Personengruppen (Mitarbeiter, Besucher, externe Dienstleister).

### 5.2 Ausnahmen von der Löschfrist
In Ausnahmefällen können Daten über die reguläre Löschfrist hinaus gespeichert werden, sofern:
- Gesetzliche Aufbewahrungspflichten (z. B. steuer- oder handelsrechtliche Vorgaben) dies erfordern.
- Die Speicherung zur Geltendmachung, Ausübung oder Verteidigung von Rechtsansprüchen notwendig ist.

Ein gesondertes Löschkonzept existiert derzeit nicht.

---

## 6. Technische und organisatorische Maßnahmen (TOM)

Zur Gewährleistung der Sicherheit und Vertraulichkeit der verarbeiteten personenbezogenen Daten haben wir folgende technische und organisatorische Maßnahmen implementiert:

### 6.1 Zugriffskontrolle
- **Rollenbasierte Zugriffsbeschränkung:** Der Zugriff auf die Parkplatzdaten erfolgt nach dem **Need-to-know-Prinzip**. Nur autorisierte Mitarbeiter erhalten Zugang zu den relevanten Systemen.
- **Passwortschutz:** Alle Systeme, die Parkplatzberechtigungsdaten verarbeiten, sind passwortgeschützt. Für sensible Bereiche wird optional eine **Multi-Faktor-Authentifizierung (MFA)** eingesetzt.
- **Physische Sicherheit:** Der Serverraum und Archive sind durch physische Zutrittskontrollen gesichert, um unbefugten Zugang zu verhindern.

### 6.2 Datensicherheit
- **Verschlüsselung:** Daten auf internen Servern werden verschlüsselt (z. B. Festplatten- oder Datenbankverschlüsselung).
- **Netzwerksegmentierung:** Die Parkplatzdaten sind durch Netzwerksegmentierung von anderen Systemen isoliert, um den Zugriff zu beschränken.
- **Regelmäßige Backups:** Es werden regelmäßige Backups der Parkplatzdaten durchgeführt, um Datenverlust zu verhindern.

### 6.3 Organisatorische Maßnahmen
- **Vertraulichkeitsverpflichtung:** Alle Mitarbeiter mit Zugriff auf die Daten sind zur Vertraulichkeit verpflichtet.
- **Sicherheitsupdates:** Alle internen Systeme werden regelmäßig aktualisiert, um Sicherheitslücken zu schließen.
- **Dokumentation:** Die Verarbeitungstätigkeiten werden gemäß Artikel 30 DSGVO dokumentiert und regelmäßig überprüft.

---

## 7. Weitere Informationen

### 7.1 Automatisierte Entscheidungsfindung
Es werden **keine automatisierten Entscheidungen** im Sinne von Artikel 22 DSGVO getroffen. Alle Entscheidungen über Parkplatzberechtigungen erfolgen manuell durch autorisierte Mitarbeiter.

### 7.2 Datenübermittlung in Drittländer
Eine Übermittlung personenbezogener Daten in Drittländer (außerhalb der EU/EWR) findet **nicht** statt.

### 7.3 Änderungen des Verzeichnisses
Dieses Verzeichnis wird regelmäßig überprüft und bei Bedarf aktualisiert. Änderungen werden dokumentiert und den zuständigen Stellen mitgeteilt.

---

**Stand:** [Datum der Erstellung]
**Verantwortlich:** APOR GmbH, vertreten durch A.I. (Datenschutzbeauftragter)
**Kontakt:** ai@apor.eu

---
User ID: IHL0436
Mode: chat
Time elapsed: 898 seconds
Date: 2026-01-26T17:54:50.142Z
```"
"21","NUG0102","form","```markdown
# Mitarbeiterverwaltung (Arbeitszeit/Urlaub) & Parkplatzberechtigung
**Verzeichnis von Verarbeitungstätigkeiten gemäß Artikel 30 DSGVO**

---

## 1. Organisation und Verantwortlicher

**Name des Verantwortlichen:**
APOR GmbH

**Rolle:**
Verantwortlicher (Data Controller)

**Anschrift:**
Mainstraße 67, 89073 Ulm

**Kontaktdaten:**
- E-Mail: mail@apor.eu
- Telefon: 012345678

**Vertreter des Verantwortlichen:**
A.I.

**Datenschutzbeauftragter:**
A.I.
E-Mail: ai@apor.eu

---

## 2. Zweck und Rechtsgrundlage der Verarbeitung

### Zweck der Verarbeitung
Wir verarbeiten personenbezogene Daten zur Verwaltung von Arbeitszeiten, Urlaubsansprüchen sowie zur Regelung der Parkplatzberechtigung für unsere Mitarbeiter. Dies umfasst:
- Die Erfassung, Speicherung und Nutzung von Beschäftigtendaten (z. B. Arbeitszeiten, Urlaubstage, Fahrzeugkennzeichen).
- Die Erfüllung arbeitsvertraglicher Pflichten.
- Die Organisation betrieblicher Abläufe.
- Die Gewährleistung der Compliance mit gesetzlichen Vorgaben (z. B. Arbeitszeitgesetz, Datenschutz).
Die Datenverarbeitung dient ausschließlich internen Zwecken.

### Rechtsgrundlage der Verarbeitung
Die Verarbeitung erfolgt auf Grundlage folgender Rechtsnormen:
- **Art. 6 Abs. 1 lit. b DSGVO** (Erfüllung eines Vertrags oder vorvertraglicher Maßnahmen).
- **Art. 6 Abs. 1 lit. f DSGVO** (Wahrung berechtigter Interessen, sofern keine überwiegenden Interessen oder Grundrechte der betroffenen Personen entgegenstehen).
- **§ 26 BDSG** (Datenverarbeitung für Zwecke des Beschäftigungsverhältnisses).
- **Arbeitszeitgesetz (ArbZG), § 16 ArbZG** (Aufzeichnungspflichten).

---

## 3. Kategorien personenbezogener Daten und Datenquellen

### Verarbeitete Datenkategorien
Wir verarbeiten folgende personenbezogene Daten:

**Personenbezogene Daten:**
- Nachname
- Vorname
- Anschrift
- Telefonnummer
- E-Mail-Adresse

**Beschäftigtendaten:**
- Arbeitszeiten
- Berufliche Position
- Personalnummer
- Unternehmenszugehörigkeit
- Urlaubsanspruch
- Urlaubstage
- Urlaubszeiten
- Krankheitstage

**Vertragsdaten:**
- Vertragsdaten

**Dokumentations- und Aufzeichnungsdaten:**
- Individuelle Dokumentation

**Fahrzeugdaten:**
- Fahrzeugkennzeichen

**Sonstige Daten:**
- Benutzername

### Datenquellen
Die Daten stammen aus folgenden Quellen:
- Microsoft Office 365
- HR-Software (z. B. SAP SuccessFactors, Personio)
- Enterprise-Systeme (z. B. interne Lösungen oder individuelle Datenbanken)
- Spezialisierte Mitarbeiterverwaltungssoftware für Arbeitszeiten, Urlaub und Parkplatzberechtigungen

---

## 4. Betroffene Personen und Empfänger

### Kategorien betroffener Personen
Die Verarbeitung betrifft folgende Personengruppen:
- Interne Gruppen (Mitarbeiter der APOR GmbH)

### Empfängerkategorien
**Interne Empfänger:**
- Geschäftsführung
- Verwaltung
- Technische Abteilungen
- Rechts- und Compliance-Abteilungen
- Logistik und Betrieb
- HR- und Recruiting-Abteilungen

**Externe Empfänger innerhalb der EU:**
- Behörden (z. B. Finanzamt, Sozialversicherungsträger)
- Software- und Cloud-Anbieter (z. B. Microsoft Office 365, HR-Software-Anbieter)

---

## 5. Speicherfristen und Löschung

### Speicherfristen
Wir speichern die personenbezogenen Daten gemäß folgender Regelungen:
- Alle in diesem Zusammenhang gespeicherten Informationen werden spätestens **3 Monate nach Austritt der jeweiligen Person** gelöscht.
- Es gilt ein **spezielles Löschkonzept**, das die Einhaltung der gesetzlichen Aufbewahrungsfristen sicherstellt.

---

## 6. Technische und organisatorische Maßnahmen (TOM)

Zur Gewährleistung der Sicherheit und des Schutzes personenbezogener Daten haben wir folgende Maßnahmen implementiert:

- **Zugriffsbeschränkung nach dem Need-to-know-Prinzip:** Nur berechtigte Mitarbeiter haben Zugang zu den relevanten Daten.
- **Passwortschutz und Multi-Faktor-Authentifizierung (MFA):** Sichere Anmeldung für alle Systeme.
- **Regelmäßige Backups:** Sicherstellung der Datenverfügbarkeit und Wiederherstellbarkeit.
- **Zutrittskontrolle:** Physische Sicherung des Serverraums und der Archivbereiche.
- **Vertraulichkeitsverpflichtung:** Alle berechtigten Mitarbeiter sind zur Vertraulichkeit verpflichtet.
- **Dokumentation und Protokollierung:** Nachvollziehbarkeit aller Zugriffe und Änderungen.

---
**Stand:** [Datum der Erstellung]
**Verantwortlich:** Datenschutzbeauftragter der APOR GmbH

---
User ID: NUG0102
Mode: form
Time elapsed: 409 seconds
Date: 2026-01-26T18:01:38.466Z
```"
"22","IHL0436","form","```markdown
# Parkplatzberechtigung
**Verzeichnis von Verarbeitungstätigkeiten gemäß Artikel 30 DSGVO**

---

## 1. Verantwortliche Stelle und Kontaktdaten

Wir, die **APOR GmbH**, fungieren als datenschutzrechtlich Verantwortliche im Sinne der DSGVO für die Verarbeitung personenbezogener Daten im Rahmen der Parkplatzberechtigung für unseren Firmenparkplatz.

- **Name der verantwortlichen Stelle:** APOR GmbH
- **Anschrift:** Mainstraße 67, 89073 Ulm
- **E-Mail-Adresse:** ai@apor.eu
- **Telefonnummer:** 01234 5678
- **Vertreter der verantwortlichen Stelle:** A.I.
- **Datenschutzbeauftragter:** A. I. (ai@apor.eu)

---

## 2. Zwecke und Rechtsgrundlagen der Verarbeitung

### 2.1 Zwecke der Verarbeitung
Wir verarbeiten personenbezogene Daten zum Zweck der **Parkplatzberechtigung für unseren Firmenparkplatz mit Schranke**. Dies ermöglicht berechtigten Mitarbeitenden die Nutzung des Parkplatzes und gewährleistet eine sichere sowie effiziente Zugriffskontrolle.

### 2.2 Rechtsgrundlagen der Verarbeitung
Die Verarbeitung erfolgt auf Grundlage folgender Rechtsnormen der DSGVO:

- **Art. 6 Abs. 1 lit. a DSGVO (Einwilligung):**
  Die betroffenen Personen haben in die Verarbeitung ihrer personenbezogenen Daten für den genannten Zweck eingewilligt.
- **Art. 6 Abs. 1 lit. f DSGVO (Berechtigtes Interesse):**
  Die Verarbeitung ist zur Wahrung unserer berechtigten Interessen erforderlich, insbesondere zur Sicherstellung einer geordneten und sicheren Nutzung des Firmenparkplatzes sowie zur Vermeidung von Missbrauch.

---

## 3. Kategorien personenbezogener Daten und Datenquellen

### 3.1 Verarbeitete Datenkategorien
Im Rahmen der Parkplatzberechtigung verarbeiten wir folgende personenbezogene Daten:

- **E-Mail-Adresse**
- **Personalnummer**
- **Kennzeichen des Fahrzeugs**
- **Führerscheindaten**

### 3.2 Datenquellen
Die personenbezogenen Daten stammen aus folgenden Quellen:

- Microsoft Office 365
- Interne Server

---

## 4. Betroffene Personen und Empfänger der Daten

### 4.1 Kategorien betroffener Personen
Die Verarbeitung betrifft folgende Personengruppen:

- **Interne Gruppen** (z. B. Mitarbeitende der APOR GmbH)

### 4.2 Interne Empfänger der Daten
Innerhalb unserer Organisation erhalten folgende Bereiche und Rollen Zugriff auf die personenbezogenen Daten:

- **Management**
- **Verwaltung**
- **Technischer Bereich**
- **Finanzabteilung**
- **Recht und Compliance**
- **Marketing und Vertrieb**
- **Logistik und Betrieb**

Zudem sind folgende autorisierte Personenkreise berechtigt, auf die Daten zuzugreifen:

- **Führungsrollen**
- **Administrative Rollen**
- **Technische Rollen**
- **Finanzrollen**
- **Rechtliche und Compliance-Rollen**
- **Marketing- und Vertriebsrollen**
- **Gesundheitsbezogene Rollen**
- **HR- und Rekrutierungsrollen**
- **Sonstige Rollen**

### 4.3 Externe Empfänger der Daten
Es erfolgt **keine Weitergabe personenbezogener Daten an externe Empfänger** innerhalb oder außerhalb der Europäischen Union.

---

## 5. Löschfristen und Speicherdauer

Wir speichern die im Rahmen der Parkplatzberechtigung verarbeiteten personenbezogenen Daten **für einen Zeitraum von maximal drei Monaten nach Austritt der jeweiligen Person** aus unserem Unternehmen. Eine längere Speicherung erfolgt nicht, sofern keine gesetzlichen Aufbewahrungspflichten entgegenstehen.

- **Löschfrist:**
  Alle in diesem Zusammenhang gespeicherten Informationen werden spätestens **3 Monate nach Austritt der jeweiligen Person** gelöscht.

---

## 6. Technische und organisatorische Maßnahmen (TOM)

Zur Gewährleistung der Sicherheit und Vertraulichkeit der verarbeiteten personenbezogenen Daten haben wir folgende technische und organisatorische Maßnahmen implementiert:

- **Zugriffsbeschränkung nach dem Need-to-know-Prinzip:**
  Der Zugriff auf personenbezogene Daten ist ausschließlich denjenigen Mitarbeitenden gestattet, die diese für die Erfüllung ihrer Aufgaben benötigen.
- **Passwortschutz und Multi-Faktor-Authentifizierung (MFA):**
  Sensible Systeme und Datenbanken sind durch starke Passwörter und, wo möglich, durch MFA geschützt.
- **Regelmäßige Backups:**
  Wir führen regelmäßige Sicherungen der Daten durch, um deren Verfügbarkeit und Integrität zu gewährleisten.
- **Zutrittskontrolle zu Serverräumen und Archiven:**
  Der physische Zugang zu Serverräumen und Archiven ist streng reglementiert und wird nur autorisierten Personen gewährt.
- **Vertraulichkeitsverpflichtung der Mitarbeitenden:**
  Alle Mitarbeitenden, die Zugang zu personenbezogenen Daten haben, sind zur Vertraulichkeit verpflichtet und wurden entsprechend geschult.

---
**Stand:** [Datum der Erstellung/letzten Aktualisierung]
**Verantwortlich:** Datenschutzbeauftragter der APOR GmbH

---
User ID: IHL0436
Mode: form
Time elapsed: 312 seconds
Date: 2026-01-26T18:02:36.133Z
```"
"23","IHL0436","ask","```markdown
# Parkplatzberechtigung
**Verzeichnis von Verarbeitungstätigkeiten gemäß Art. 30 DSGVO**

---

## 1. Verantwortliche Stelle und Kontaktdaten

Als verantwortliche Stelle im Sinne der Datenschutz-Grundverordnung (DSGVO) verarbeiten wir personenbezogene Daten im Rahmen der Verwaltung von Parkplatzberechtigungen. Unsere Kontaktdaten sowie die des Datenschutzbeauftragten lauten wie folgt:

- **Name der verantwortlichen Stelle:** APOR GmbH
- **Rolle:** Verantwortlicher (Data Controller) und Datenschutzbeauftragter (DPO)
- **Anschrift:** Mainstraße 67
- **E-Mail:** mail@apor.eu
- **Telefon:** 012345678
- **Vertreter der verantwortlichen Stelle:** A.I.
- **Datenschutzbeauftragter:** A. I., ai@apor.eu

---

## 2. Zweck und Rechtsgrundlage der Verarbeitung

### 2.1 Zweck der Verarbeitung
Wir verarbeiten personenbezogene Daten zur effizienten Nutzung begrenzter Parkkapazitäten sowie zur Einhaltung betrieblicher Sicherheitsvorschriften. Dies umfasst insbesondere:
- Die Zuweisung und Verwaltung von Stellplätzen für Mitarbeiterfahrzeuge.
- Die Vermeidung von Überbelegung und unbefugter Nutzung der Parkflächen.
- Die Sicherstellung der betrieblichen Sicherheit durch Zuordnung von Fahrzeugen zu berechtigten Personen.

### 2.2 Rechtsgrundlage der Verarbeitung
Die Verarbeitung erfolgt auf Grundlage von **Art. 6 Abs. 1 lit. f DSGVO (berechtigtes Interesse)**. Unsere Interessenabwägung stellt sich wie folgt dar:

- **Interesse der APOR GmbH:**
  Die Verarbeitung ist notwendig, um betriebliche Abläufe zu optimieren und Sicherheitsstandards einzuhalten. Die begrenzten Parkkapazitäten erfordern eine strukturierte Verwaltung, um Konflikte zu vermeiden und die Sicherheit auf dem Firmengelände zu gewährleisten.

- **Interessen der betroffenen Personen:**
  Die Erfassung von Kennzeichen ist auf das Notwendigste beschränkt und erfolgt ohne Erhebung sensibler Daten (z. B. Gesundheitsdaten oder Verhaltensprofile). Die Daten werden ausschließlich intern gespeichert und nur befugten Personen (z. B. Personalabteilung, Sicherheitsdienst) zugänglich gemacht.

- **Ergebnis der Abwägung:**
  Die Interessen der APOR GmbH überwiegen, da die Verarbeitung verhältnismäßig ist und keine schwerwiegenden Eingriffe in die Privatsphäre der Mitarbeiter darstellt. Die Maßnahmen sind auf das erforderliche Minimum beschränkt und unterliegen strengen technischen und organisatorischen Schutzvorkehrungen.

---

## 3. Kategorien personenbezogener Daten und Datenquellen

### 3.1 Verarbeitete Datenkategorien
Im Rahmen der Parkplatzverwaltung verarbeiten wir folgende personenbezogene Daten:
- Kennzeichen der Fahrzeuge (zur Zuordnung und Zugangskontrolle).
- Name oder Personalnummer der Mitarbeiter (zur Identifikation des Fahrzeughalters).
- Zugangsdaten (z. B. RFID-Chip-Nummer oder Schranken-Code, sofern genutzt).
- Fahrzeugtyp (nur falls für Stellplatzzuweisung relevant, z. B. bei Behindertenparkplätzen).

Besondere Kategorien personenbezogener Daten (z. B. Gesundheitsdaten) werden nicht verarbeitet.

### 3.2 Datenquellen
Die personenbezogenen Daten stammen aus folgenden internen Quellen:
- Intern gehostete Microsoft Office-Anwendungen (z. B. Excel-Listen mit Kennzeichen und Mitarbeiterzuordnungen).
- Firmeneigene Server (Datenbanken für Parkplatzzuweisungen und Schrankensysteme).
- Manuelle Erfassung (z. B. Anträge per E-Mail oder Papierformulare an die Personalabteilung).
- Sicherheitssysteme (z. B. RFID-Zugangskontrollen oder Kameraprotokolle, sofern diese Daten speichern).

---

## 4. Betroffene Personen und Empfänger der Daten

### 4.1 Kategorien betroffener Personen
Die Verarbeitung betrifft ausschließlich **Mitarbeiter der APOR GmbH**, deren Fahrzeuge für die Nutzung der betrieblichen Parkplätze registriert sind.

### 4.2 Empfänger der Daten
Die Verarbeitung der Parkplatzdaten erfolgt ausschließlich durch folgende interne Rollen:
- **Personalabteilung:** Erfassung und Verwaltung von Kennzeichen, Zuweisung von Parkplätzen, Bearbeitung von Anträgen.
- **Sicherheitsdienst:** Zugriff auf Kameraprotokolle oder Schrankenlogs (z. B. bei Sicherheitsvorfällen), Kontrolle der Parkplatznutzung.
- **IT-Administration:** Wartung der Datenbanken (z. B. Excel-Listen, firmeneigene Server) und Schrankensysteme (RFID, digitale Schranken).
- **Facility Management:** Organisation der Parkplatzvergabe (z. B. bei Kapazitätsengpässen).

Externe Empfänger:
- **Externe Dienstleister (nur mit Vertrag zur Auftragsverarbeitung):**
  Wartungsfirmen für Schranken/Kameras oder Sicherheitsdienste (z. B. Nachtwachen).

Daten werden nicht an Dritte außerhalb der EU übermittelt.

---

## 5. Aufbewahrungsfristen und Löschung

### 5.1 Aufbewahrungsfristen
Die personenbezogenen Daten (z. B. Kennzeichen, Zugriffsdaten) werden **während des Beschäftigungsverhältnisses** gespeichert. Spätestens **3 Monate nach Austritt des Mitarbeiters** werden alle Daten vollständig gelöscht, es sei denn, gesetzliche Pflichten (z. B. steuerrechtliche Aufbewahrungsfristen) erfordern eine längere Speicherung.

### 5.2 Löschprozess
- **Digitale Daten** (Excel-Listen, Datenbanken) werden automatisiert oder manuell entfernt.
- **Physische Unterlagen** (z. B. Anträge) werden datenschutzkonform vernichtet.
- Bei **Widerruf der Einwilligung** erfolgt die Löschung unverzüglich.

---

## 6. Technische und organisatorische Maßnahmen (TOM)

Zur Sicherstellung des Schutzes personenbezogener Daten im Rahmen der Parkplatzverwaltung setzen wir folgende Maßnahmen um:

### 6.1 Technische Maßnahmen
- **Zugriffsbeschränkung:** Datenzugriff erfolgt ausschließlich nach dem **Need-to-know-Prinzip** (z. B. Personalabteilung, Sicherheitsdienst).
- **Authentifizierung:** Passwortgeschützter Zugang mit **Multi-Faktor-Authentifizierung (MFA)** über Azure AD.
- **Datenverschlüsselung:** Verschlüsselung von Kennzeichen und anderen Daten sowohl **bei der Übertragung** als auch **bei der Speicherung**.
- **Backups:** Regelmäßige, verschlüsselte Backups (z. B. wöchentlich) in gesicherten Cloud-Speichern.

### 6.2 Organisatorische Maßnahmen
- **Zutrittskontrolle:** Physische Zugangsbeschränkung zu Serverräumen und Archiven (nur autorisierte Personen).
- **Vertraulichkeitsverpflichtung:** Schriftliche Verpflichtung aller berechtigten Mitarbeiter zur Einhaltung der Datenschutzrichtlinien.
- **Überprüfung:** Jährliche Audits zur Wirksamkeit der Maßnahmen.

### 6.3 Spezifische Maßnahmen für Parkplätze
- **Bei Einsatz von Kameras:** Zugriffsbeschränkung auf Aufnahmen (nur für Sicherheitsbeauftragte).
- **Bei digitalen Schranken:** Protokollierung von Zugriffen (z. B. via RFID-Chip).

---
User ID: IHL0436
Mode: ask
Time elapsed: 766 seconds
Date: 2026-01-26T18:17:12.235Z
```"
"24","NNL2811","form","```markdown
# Mitarbeiterverwaltung & Parkplatzberechtigung
**Verzeichnis von Verarbeitungstätigkeiten gemäß Artikel 30 DSGVO**

---

## 1. Verantwortlicher und Organisation

Wir, die **APOR GmbH**, sind als Verantwortlicher im Sinne der Datenschutz-Grundverordnung (DSGVO) für die Verarbeitung personenbezogener Daten im Rahmen der Mitarbeiterverwaltung und Parkplatzberechtigung zuständig.

- **Name des Verantwortlichen:** APOR GmbH
- **Anschrift:** Mainstraße 67, 89073 Ulm
- **Kontaktdaten:**
  - E-Mail: mail@apor.eu
  - Telefon: 012345678
- **Vertreter:** A.I.
- **Datenschutzbeauftragter:** A.I. (ai@apor.eu)

---

## 2. Zwecke und Rechtsgrundlagen der Verarbeitung

### 2.1 Verarbeitungszwecke
Wir verarbeiten personenbezogene Daten zu folgenden Zwecken:
- Anlegen und Verwaltung von Mitarbeiterdaten
- Dokumentation von Arbeitszeiten
- Verwaltung von Urlaub und Abwesenheiten
- Verwaltung der Parkplatzberechtigung für Mitarbeiter

### 2.2 Rechtsgrundlagen
Die Verarbeitung erfolgt auf Grundlage der folgenden Rechtsnormen:
- **Art. 6 Abs. 1 lit. b DSGVO** (Erfüllung eines Vertrags oder vorvertraglicher Maßnahmen)
- **§ 26 BDSG** (Datenverarbeitung für Zwecke des Beschäftigungsverhältnisses)
- **Arbeitsvertragliche Pflichten** (z. B. Parkplatzverwaltung als Nebenpflicht des Beschäftigungsverhältnisses)

---

## 3. Kategorien personenbezogener Daten und Datenquellen

### 3.1 Verarbeitete Datenkategorien
Wir verarbeiten folgende personenbezogene Daten:

#### Personenbezogene Daten:
- Nachname
- Vorname
- Geburtsdatum
- Geburtsort
- Geschlecht
- Staatsangehörigkeit
- Anschrift
- Telefonnummer
- E-Mail-Adresse
- Familienstand

#### Beschäftigungsdaten:
- Arbeitszeiten
- Berufliche Position
- Personalnummer
- Unternehmenszugehörigkeit
- Urlaubsanspruch
- Urlaubstage
- Urlaubszeiten
- Krankheitstage

#### Vertrags- und Rechtsdaten:
- Vertragsdaten

#### Fahrzeugdaten:
- Fahrzeugkennzeichen (für Parkplatzberechtigung)

#### Sonstige Dokumentation:
- Individuelle Dokumentation

### 3.2 Datenquellen
Die Daten stammen aus folgenden Quellen:
- HR-Software (intern genutzt)
- Manuelle Erfassung durch Mitarbeiter oder Vorgesetzte
- Fahrzeugkennzeichen (für Parkplatzverwaltung)

---

## 4. Betroffene Personen und Empfänger

### 4.1 Kategorien betroffener Personen
Die Verarbeitung betrifft folgende Personengruppen:
- Interne Mitarbeitergruppen (Beschäftigte der APOR GmbH)

### 4.2 Interne Empfänger
Die Daten werden innerhalb unserer Organisation an folgende Bereiche und Rollen weitergegeben:
- **Bereiche:**
  - Geschäftsführung
  - Verwaltung
  - Technik
  - Recht und Compliance
  - Logistik und Betrieb
- **Berechtigte Personen:**
  - Führungskräfte
  - Administrative Mitarbeiter
  - Technische Mitarbeiter
  - Mitarbeiter aus Recht und Compliance
  - HR- und Personalverantwortliche

### 4.3 Externe Empfänger
Es erfolgt **keine** Weitergabe personenbezogener Daten an externe Empfänger innerhalb oder außerhalb der EU.

---

## 5. Speicherfristen und Löschung

### 5.1 Speicherfristen
Wir speichern personenbezogene Daten für folgende Zeiträume:
- **Allgemeine Mitarbeiterdaten:** 3 Monate nach Austritt des Mitarbeiters
- **Vertragsrelevante Unterlagen:** 6 Jahre nach Beendigung des Beschäftigungsverhältnisses (gemäß § 257 HGB und § 147 AO)
- **Fahrzeugkennzeichen für Parkplatzberechtigung:** Unverzüglich nach Beendigung des Beschäftigungsverhältnisses, sofern keine anderweitige Rechtsgrundlage besteht

### 5.2 Ausnahmen von Löschfristen
In Einzelfällen können Daten über die regulären Speicherfristen hinaus aufbewahrt werden, sofern gesetzliche Aufbewahrungspflichten oder berechtigte Interessen dies erfordern.

---

## 6. Technische und organisatorische Maßnahmen (TOM)

Um die Sicherheit und Vertraulichkeit der verarbeiteten Daten zu gewährleisten, haben wir folgende Maßnahmen implementiert:

- **Internes Hosting:** Nutzung von Microsoft Office und internen Servern (keine externe Cloud)
- **Zugriffskontrolle:**
  - Rollenbasierte Zugriffsbeschränkungen
  - Passwortschutz für Systeme und Daten
- **Physische Sicherheit:**
  - Zutrittskontrolle zum Serverraum und Archiv
  - Vertraulichkeitsverpflichtung für berechtigte Mitarbeiter
- **Datenintegrität und Verfügbarkeit:**
  - Regelmäßige Backups
- **Löschfristen:**
  - Automatisierte Löschung von Daten spätestens 3 Monate nach Austritt eines Mitarbeiters

---
User ID: NNL2811
Mode: form
Time elapsed: 795 seconds
Date: 2026-01-27T10:29:03.924Z
```"
"25","AAL1220","form","```markdown
# Mitarbeiterverwaltung (Arbeitszeit/Urlaub) & Parkplatzberechtigung
**Verzeichnis von Verarbeitungstätigkeiten gemäß Artikel 30 DSGVO**

---

## 1. Verantwortliche Stelle und Kontaktdaten

**Verantwortliche Stelle (Verantwortlicher im Sinne der DSGVO):**
APOR GmbH

**Anschrift:**
Mainstraße 67, 89073 Ulm

**Kontaktdaten:**
- E-Mail: mail@apor.eu
- Telefon: 012345678

**Vertreter der verantwortlichen Stelle:**
A. I. (ai@apor.eu)

**Datenschutzbeauftragter:**
A. I. (ai@apor.eu)

---

## 2. Zwecke und Rechtsgrundlagen der Verarbeitung

### 2.1 Zwecke der Verarbeitung
Wir verarbeiten personenbezogene Daten unserer Mitarbeitenden zur Verwaltung des Beschäftigungsverhältnisses, insbesondere zur:
- Erfassung und Verwaltung von Arbeitszeiten und Urlaubsansprüchen,
- Steuerung der Parkplatzberechtigungen für den Firmenparkplatz,
- Zuweisung von Parkplätzen durch Erfassung und Speicherung von Fahrzeugkennzeichen,
- Einhaltung arbeitsrechtlicher und betrieblicher Pflichten,
- Gewährleistung eines reibungslosen Betriebsablaufs.

Gesundheitsdaten werden **nicht** verarbeitet.

### 2.2 Rechtsgrundlagen der Verarbeitung
Die Verarbeitung erfolgt auf Grundlage folgender Rechtsnormen:
- **§ 26 Bundesdatenschutzgesetz (BDSG):**
  Verarbeitung personenbezogener Daten für Zwecke des Beschäftigungsverhältnisses, einschließlich der Erfüllung arbeitsvertraglicher Pflichten.
- **Artikel 6 Absatz 1 Buchstabe b DSGVO:**
  Verarbeitung zur Erfüllung eines Vertrags (Beschäftigungsverhältnis) oder zur Durchführung vorvertraglicher Maßnahmen.
- **Betriebliche Vereinbarungen:**
  Spezifische Regelungen zur Arbeitszeiterfassung und Parkplatzverwaltung, die im Rahmen der betrieblichen Mitbestimmung getroffen wurden.

---

## 3. Kategorien personenbezogener Daten und Datenquellen

### 3.1 Verarbeitete Datenkategorien

#### Personenbezogene Daten:
- Nachname
- Vorname
- Geburtsdatum
- Geschlecht
- Anschrift
- Telefonnummer
- E-Mail-Adresse

#### Beschäftigungsdaten:
- Arbeitszeiten
- Berufliche Position
- Personalnummer
- Unternehmenszugehörigkeit
- Urlaubsanspruch
- Urlaubstage
- Urlaubszeiten
- Vertragsdaten

#### Dokumentations- und Aufzeichnungsdaten:
- Individuelle Dokumentation (z. B. Arbeitszeitnachweise, Urlaubsanträge)

#### Fahrzeugdaten:
- Fahrzeugkennzeichen
- Parkplatzberechtigungsdaten

### 3.2 Datenquellen
Die personenbezogenen Daten werden aus folgenden Quellen erhoben:
- E-Mail-Systeme der APOR GmbH
- Spezifische HR-Software für Arbeitszeit- und Urlaubsverwaltung
- Unternehmensinterne Systeme (z. B. ERP-Systeme)
- Manuelle Eingaben durch Personalverantwortliche (z. B. Erfassung von Fahrzeugkennzeichen)

---

## 4. Betroffene Personen und Empfänger der Daten

### 4.1 Kategorien betroffener Personen
- Mitarbeitende der APOR GmbH
- Interne Gruppen (z. B. Abteilungen, Teams)

### 4.2 Interne Empfänger der Daten
Die Daten werden an folgende interne Stellen übermittelt:
- Geschäftsführung
- Verwaltung
- Personalabteilung (HR)
- IT-Abteilung
- Rechts- und Compliance-Abteilung
- Facility Management
- Parkplatzverantwortliche
- Personalverantwortliche für Arbeitszeit- und Urlaubsverwaltung

### 4.3 Externe Empfänger der Daten (innerhalb der EU)
- Software- und Cloud-Anbieter (z. B. für die Bereitstellung der HR-Software)

---

## 5. Löschfristen und Speicherdauer

### 5.1 Reguläre Löschfristen
- **Parkplatzdaten (Fahrzeugkennzeichen):**
  Löschung **drei Monate nach Beendigung des Beschäftigungsverhältnisses**.
- **Arbeitszeit- und Urlaubsdaten:**
  Aufbewahrung für **10 Jahre nach Beendigung des Beschäftigungsverhältnisses** gemäß § 257 Handelsgesetzbuch (HGB) und § 147 Abgabenordnung (AO) aufgrund steuerrechtlicher Aufbewahrungspflichten.

### 5.2 Ausnahmen von den Löschfristen
Falls gesetzliche Aufbewahrungspflichten über die regulären Fristen hinaus bestehen, werden die Daten entsprechend länger gespeichert.

---

## 6. Technische und organisatorische Maßnahmen (TOM)

Zur Gewährleistung der Sicherheit und des Schutzes personenbezogener Daten haben wir folgende Maßnahmen implementiert:

### 6.1 Zugangskontrolle
- Rollenbasierte Zugriffskontrolle (RBAC) mit minimalen Berechtigungen.
- Mehrfaktorauthentifizierung (MFA) für alle Systeme.
- Regelmäßige Überprüfung und Anpassung der Zugriffsrechte.

### 6.2 Verschlüsselung
- Verschlüsselung von Datenbanken mit AES-256.
- Nutzung von TLS 1.3 für die Datenübertragung.
- Verschlüsselte Backups.

### 6.3 Protokollierung
- Automatisierte Protokollierung aller Zugriffe (wer, wann, was).
- Monatliche Auswertung der Protokolle.

### 6.4 Datentrennung
- Separate Datenbanken für HR-Daten und Parkplatzdaten.
- Keine Verknüpfung der Daten ohne rechtliche Grundlage.

### 6.5 Löschkonzept
- Automatisierte Löschung nach Ablauf der Aufbewahrungsfristen.
- Sofortige Löschung von Parkplatzdaten bei Austritt eines Mitarbeitenden.

### 6.6 Schulungen
- Jährliche DSGVO-Schulungen für HR- und Personalverantwortliche.

### 6.7 Physische Sicherheit
- Zutrittskontrolle zu Serverräumen mittels Biometrie und Schlüsselkarten.

### 6.8 Auftragsverarbeitungsverträge (AV-Verträge)
- Regelmäßige Prüfung aller externen Dienstleister (z. B. Cloud-Hosting-Anbieter).

### 6.9 Audits
- Jährliche Penetrationstests und DSGVO-Compliance-Checks.

### 6.10 Datenminimierung
- Regelmäßige Prüfung der Erforderlichkeit aller Datenfelder (z. B. Geburtsdatum).

### 6.11 Datenflüsse
- Dokumentation der Datenflüsse zwischen HR-Software und Parkplatzverwaltungssystem (z. B. Schnittstellen, manuelle Übertragungen).

### 6.12 Einwilligungen und Betriebsvereinbarungen
- Falls Parkplatzdaten für zusätzliche Zwecke (z. B. Zutrittskontrolle) genutzt werden, ist eine separate Einwilligung gemäß Artikel 6 Absatz 1 Buchstabe a DSGVO oder eine Betriebsvereinbarung erforderlich.

### 6.13 Drittlandtransfers
- Prüfung, ob Cloud-Dienste genutzt werden, die Daten in Drittländer übermitteln. Gegebenenfalls Implementierung von Standardvertragsklauseln.

### 6.14 Meldung von Datenschutzvorfällen
- Klare Prozesse für die Meldung von Datenschutzvorfällen (z. B. unbefugter Zugriff auf Parkplatzdaten).

### 6.15 Betroffenenrechte
- Definition konkreter Fristen und Verfahren für Anfragen von Betroffenen (z. B. Löschung von Fahrzeugdaten).

### 6.16 Regelmäßige Überprüfung
- Jährliche Evaluierung der Erforderlichkeit aller Datenkategorien (z. B. Geburtsdatum).

---
User ID: AAL1220
Mode: form
Time elapsed: 418 seconds
Date: 2026-01-27T11:29:22.441Z
```"
"26","AAL1220","chat","```markdown
# Verzeichnis von Verarbeitungstätigkeiten (VVT)
**Mitarbeiterverwaltung (Arbeitszeit/Urlaub) & Parkplatzberechtigung**

---

## 1. Verantwortliche Stelle und Kontaktdaten

**Verantwortliche Stelle (Verantwortlicher im Sinne der DSGVO):**
- **Name:** APOR GmbH
- **Anschrift:** Mainstraße 67, 89073 Ulm
- **E-Mail:** mail@apor.eu
- **Telefon:** 012345678

**Vertreter des Verantwortlichen:**
- **Name:** A. I.
- **E-Mail:** ai@apor.eu

**Datenschutzbeauftragter (DSB):**
- **Name:** A. I.
- **E-Mail:** ai@apor.eu

---

## 2. Zwecke und Rechtsgrundlagen der Verarbeitung

### 2.1 Zwecke der Verarbeitung
Wir verarbeiten personenbezogene Daten unserer Mitarbeitenden, um den gesamten Beschäftigungszyklus – vom Eintritt bis zum Austritt – rechtssicher und effizient zu verwalten. Dies umfasst insbesondere:

- Die Anlage und Pflege von **Mitarbeiterstammdaten** (z. B. Kontaktdaten, Vertragsinformationen).
- Die **Dokumentation von Arbeitszeiten** (z. B. Erfassung, Überwachung der Einhaltung des Arbeitszeitgesetzes).
- Die **Verwaltung von Urlaubs- und Abwesenheitszeiten** (z. B. Antragstellung, Genehmigung, Resturlaubsberechnung).
- Die **Zuweisung und Verwaltung von Parkplatzberechtigungen** für unseren firmeneigenen Parkplatz mit Schrankenanlage. Hierfür wird ein individuelles Zuordnungsmerkmal (z. B. Fahrzeugkennzeichen) hinterlegt, um die Nutzung durch berechtigte Mitarbeitende zu ermöglichen.

Die Verarbeitung erfolgt ausschließlich auf internen Systemen (Microsoft Office, eigene Server) und dient der Erfüllung **vertraglicher, gesetzlicher und betrieblicher Pflichten** (z. B. Arbeitszeitnachweise, Urlaubsregelungen). **Gesundheitsdaten oder medizinische Angaben werden in diesem Zusammenhang nicht verarbeitet.**

### 2.2 Rechtsgrundlagen der Verarbeitung
Die Verarbeitung personenbezogener Daten erfolgt auf Grundlage folgender Rechtsvorschriften:
- **§ 26 Abs. 1 Bundesdatenschutzgesetz (BDSG):** Verarbeitung für Zwecke des Beschäftigungsverhältnisses.
- **Art. 6 Abs. 1 lit. c DSGVO:** Erfüllung einer rechtlichen Verpflichtung (z. B. Arbeitszeitdokumentation gemäß Arbeitszeitgesetz).
- **Art. 6 Abs. 1 lit. b DSGVO:** Erfüllung eines Vertrags (z. B. Arbeitsvertrag, Parkplatznutzungsvereinbarung).

---

## 3. Kategorien personenbezogener Daten und Datenquellen

### 3.1 Kategorien personenbezogener Daten
Wir verarbeiten folgende Kategorien personenbezogener Daten:

**Personenbezogene Grunddaten:**
- Nachname
- Vorname
- Anschrift
- Telefonnummer
- E-Mail-Adresse
- Familienstand

**Beschäftigungsbezogene Daten:**
- Arbeitszeiten
- Berufliche Position
- Personalnummer
- Unternehmenszugehörigkeit
- Urlaubsanspruch
- Urlaubstage
- Urlaubszeiten

**Fahrzeugbezogene Daten:**
- Fahrzeugkennzeichen

### 3.2 Datenquellen
Die personenbezogenen Daten werden aus folgenden Quellen erhoben:
- Microsoft Office 365
- Eigene Server (intern)

---

## 4. Betroffene Personen und Empfänger

### 4.1 Kategorien betroffener Personen
Die Verarbeitung betrifft ausschließlich:
- **Mitarbeitende der APOR GmbH**

### 4.2 Empfänger der Daten
Die personenbezogenen Daten werden ausschließlich intern verarbeitet und nicht an externe Empfänger übermittelt. Zugriff auf die Daten haben nur berechtigte Mitarbeitende nach dem **Need-to-know-Prinzip**.

---

## 5. Löschfristen und Speicherdauer

Die personenbezogenen Daten werden **spätestens drei Monate nach Beendigung des Beschäftigungsverhältnisses gelöscht**, sofern keine gesetzlichen Aufbewahrungspflichten (z. B. nach Handelsgesetzbuch oder Abgabenordnung) entgegenstehen.

**Ausnahmen:**
- Daten, für die gesetzliche Aufbewahrungspflichten bestehen, werden über die reguläre Löschfrist hinaus gespeichert und erst nach Ablauf dieser Fristen gelöscht.

---

## 6. Technische und organisatorische Maßnahmen (TOM)

Zur Sicherstellung der Vertraulichkeit, Integrität und Verfügbarkeit der personenbezogenen Daten haben wir folgende technische und organisatorische Maßnahmen implementiert:

- **Zugriffsbeschränkungen:** Zugriff auf personenbezogene Daten erfolgt ausschließlich nach dem **Need-to-know-Prinzip**.
- **Authentifizierung:** Passwortgeschützte Systeme mit optionaler **Multi-Faktor-Authentifizierung (MFA)**.
- **Physische Sicherheit:** Zutrittskontrolle zum Serverraum und Archiv.
- **Datenbackups:** Regelmäßige Sicherungskopien der Daten.
- **Vertraulichkeitsverpflichtungen:** Alle berechtigten Mitarbeitenden sind zur Vertraulichkeit verpflichtet.
- **Löschkonzept:** Automatisierte oder manuelle Löschung der Daten **spätestens drei Monate nach Austritt**, sofern keine gesetzlichen Aufbewahrungspflichten bestehen.

---
**Stand:** [Datum der Erstellung]
**Verantwortlich:** Datenschutzbeauftragter der APOR GmbH

---
User ID: AAL1220
Mode: chat
Time elapsed: 581 seconds
Date: 2026-01-27T11:41:04.317Z
```"
"27","AAL1220","ask","```markdown
# Mitarbeiterverwaltung (Arbeitszeit/Urlaub) & Parkplatzberechtigung
**Verzeichnis von Verarbeitungstätigkeiten gemäß Art. 30 DSGVO**

---

## 1. Organisation und Verantwortliche
Als verantwortliche Stelle im Sinne der DSGVO verarbeiten wir personenbezogene Daten im Rahmen unserer betrieblichen Prozesse. Die folgenden Angaben dokumentieren unsere Verarbeitungstätigkeiten gemäß den gesetzlichen Anforderungen.

- **Name der verantwortlichen Stelle:** APOR GmbH
- **Rolle:** Verantwortlicher (Data Controller)
- **Anschrift:** Mainstraße 67, 89073 Ulm
- **E-Mail:** mail@apor.eu
- **Telefon:** 012345678
- **Vertreter der verantwortlichen Stelle:** A. I. (ai@apor.eu)
- **Datenschutzbeauftragter:** A. I. (ai@apor.eu)

---

## 2. Zweck und Rechtsgrundlage der Verarbeitung
Wir verarbeiten personenbezogene Daten unserer Mitarbeitenden zu folgenden Zwecken:

- **Mitarbeiterverwaltung:** Gewährleistung der administrativen Prozesse vom Eintritt bis zum Austritt von Mitarbeitenden, einschließlich der Anlage neuer Personalakten, Dokumentation von Arbeitszeiten sowie Verwaltung von Urlaubs- und Abwesenheitszeiten.
- **Parkplatzverwaltung:** Verwaltung von Parkplatzberechtigungen für den Firmenparkplatz. Hierzu wird ein Merkmal (z. B. Fahrzeugkennzeichen) hinterlegt, um berechtigten Mitarbeitenden die Nutzung der Schrankenanlage zu ermöglichen.
- **Erfüllung gesetzlicher Pflichten:** Einhaltung gesetzlicher Vorgaben, insbesondere der Arbeitszeiterfassung nach dem Arbeitszeitgesetz (ArbZG), sowie betriebliche Abläufe.

Die Verarbeitung erfolgt auf folgenden Rechtsgrundlagen:

- **§ 26 BDSG (Beschäftigtendatenschutz):**
  Diese Rechtsgrundlage deckt alle typischen HR-Prozesse ab, einschließlich Einstellung, Arbeitszeiterfassung und Urlaubsverwaltung.
- **Art. 6 Abs. 1 lit. b DSGVO (Vertragserfüllung):**
  Verarbeitung von Daten, die direkt mit dem Arbeitsvertrag zusammenhängen, z. B.:
  - Dokumentation von Arbeitszeiten (vertragliche Pflicht)
  - Verwaltung von Urlaubsansprüchen (Teil des Arbeitsverhältnisses)
- **Art. 6 Abs. 1 lit. c DSGVO (Rechtliche Verpflichtung):**
  Verarbeitung von Daten aufgrund gesetzlicher Vorgaben, z. B.:
  - Arbeitszeiterfassung nach § 16 ArbZG (Aufbewahrungspflicht von 2 Jahren)
  - Aufbewahrung von Personalakten gemäß § 257 HGB
- **Art. 6 Abs. 1 lit. f DSGVO (Berechtigtes Interesse):**
  Verarbeitung von Fahrzeugkennzeichen zur Verwaltung der Parkplatzberechtigungen. Hierzu haben wir eine Interessenabwägung durchgeführt und dokumentiert, dass unser betriebliches Interesse (z. B. Sicherheit und effiziente Nutzung des Parkplatzes) die Interessen der Mitarbeitenden überwiegt.

---

## 3. Kategorien personenbezogener Daten und Datenquellen
### 3.1 Kategorien personenbezogener Daten
Wir verarbeiten folgende Kategorien personenbezogener Daten:

- **Persönliche Daten (Grunddaten):**
  - Nachname, Vorname
  - Adresse (für Arbeitsverträge und steuerliche Zwecke)
  - Telefonnummer und E-Mail-Adresse (für Kontaktzwecke)
  - Personalnummer (falls genutzt)

- **Beschäftigtendaten (Arbeitszeit/Urlaub):**
  - Dokumentation der Arbeitszeiten (gemäß ArbZG)
  - Urlaubsanspruch und -tage (zur Verwaltung)
  - Berufliche Position (z. B. „Buchhalter:in“)

- **Finanzdaten (falls relevant):**
  - Bankverbindung (nur bei Gehaltsüberweisungen)
  - Steueridentifikationsnummer (für Lohnabrechnung)

- **Fahrzeugdaten (Parkplatzverwaltung):**
  - Fahrzeugkennzeichen (zur Steuerung der Schrankenanlage)

- **Vertragsdaten (rechtliche Pflichten):**
  - Arbeitsverträge (z. B. Kopien in der Personalakte)

### 3.2 Datenquellen
Die personenbezogenen Daten stammen aus folgenden Quellen:

- Interne Server (z. B. für Arbeitszeitdaten, Urlaubsanträge, Fahrzeugkennzeichen)
- Lokal gehostete Microsoft-Office-Anwendungen (z. B. Excel-Listen oder Outlook für Urlaubsanträge)
- HR-Software (falls vorhanden, z. B. für digitale Personalakten oder Zeiterfassung)
- Schrankenanlagen-Software (für die Parkplatzverwaltung mit Kennzeichen)
- E-Mail-System (falls Daten per E-Mail erfasst werden, z. B. Urlaubsanträge)

---

## 4. Betroffene Personen und Empfänger der Daten
### 4.1 Betroffene Personen
Die Verarbeitung betrifft folgende Personengruppen:

- Alle Mitarbeitenden (Festanstellungen, Teilzeit, Auszubildende, befristete Verträge)
- Ehemalige Mitarbeitende (bis zu 3 Monate nach Austritt, z. B. für Aufbewahrungspflichten)

### 4.2 Empfänger der Daten
#### Interne Empfänger:
- **HR/Personalabteilung:** Vollzugriff auf Arbeitszeiten, Urlaubsdaten und Stammdaten (z. B. Adresse).
- **IT-Administration:** Zugriff auf Systeme (z. B. Schrankenanlage), jedoch nicht auf Inhalte wie Urlaubsdaten.
- **Parkplatzverwaltung:** Ausschließlich Zugriff auf Fahrzeugkennzeichen (keine anderen Daten).
- **Buchhaltung:** Zugriff auf Finanzdaten (z. B. Bankverbindungen), sofern Gehaltsdaten verarbeitet werden.
- **Geschäftsführung:** Zugriff nur bei berechtigtem Interesse (z. B. Berichte zu Arbeitszeiten).

#### Externe Empfänger:
- **Steuerberater:in:** Falls Lohnabrechnungen extern erstellt werden.
- **Behörden:** Finanzamt (bei Prüfungen), Berufsgenossenschaft (für Unfallmeldungen).
- **Dienstleister:** IT-Support für die Schrankenanlage (falls extern).

#### Berechtigte Personen (konkrete Rollen):
- **HR-Sachbearbeiter:in:** Darf Urlaub eintragen, jedoch keine Fahrzeugkennzeichen ändern.
- **IT-Administrator:in:** Darf Schranken-Software warten, jedoch keine Arbeitszeiten einsehen.
- **Parkplatzverantwortliche:r:** Darf ausschließlich Fahrzeugkennzeichen verwalten.

---

## 5. Speicherfristen und Löschung
Wir löschen personenbezogene Daten gemäß den folgenden Regelungen:

- Alle im Zusammenhang mit der Mitarbeiterverwaltung und Parkplatzberechtigung gespeicherten Informationen werden **spätestens 3 Monate nach Austritt der jeweiligen Person gelöscht**.
- Ausnahmen gelten für Daten, die aufgrund gesetzlicher Aufbewahrungspflichten länger gespeichert werden müssen (z. B. Arbeitszeitdaten nach § 16 ArbZG für 2 Jahre oder Personalakten nach § 257 HGB).

---

## 6. Technische und organisatorische Maßnahmen (TOM)
Um die Sicherheit und Vertraulichkeit der verarbeiteten Daten zu gewährleisten, haben wir folgende Maßnahmen implementiert:

### 6.1 Technische Maßnahmen
- **Verschlüsselung:**
  - Fahrzeugkennzeichen und Arbeitszeitdaten werden verschlüsselt gespeichert (z. B. mit BitLocker für Server oder EFS für Dateien).
- **Zugriffskontrolle:**
  - Nutzung von Active Directory oder ähnlichen Systemen zur Verwaltung von Rollen und Berechtigungen (z. B. nur HR darf Urlaubsdaten ändern).
- **Backups:**
  - Automatisierte, verschlüsselte Backups unserer internen Server (z. B. wöchentlich mit Test-Wiederherstellungen).
- **Firewall & Updates:**
  - Regelmäßige Sicherheitsupdates für Server und Arbeitsplätze sowie Firewall-Regeln für interne Systeme.

### 6.2 Organisatorische Maßnahmen
- **Schulungen:**
  - Jährliche Datenschutz-Schulungen für HR und Verwaltung (z. B. Umgang mit Fahrzeugkennzeichen, Löschfristen).
- **Dokumentation:**
  - Klare Richtlinien, wer auf welche Daten zugreifen darf (z. B. „Nur Parkplatzverwaltung darf Kennzeichen sehen“).
- **Löschkonzept:**
  - Automatisierte Löschung nach 3 Monaten (z. B. via Skript oder HR-Software).
- **Zutrittskontrolle:**
  - Serverraum ist nur für IT-Personal zugänglich (z. B. mit Schlüsselkarte).

### 6.3 Parkplatzspezifische Maßnahmen
- **Fahrzeugkennzeichen:**
  - Es werden nur die notwendigen Daten gespeichert (z. B. nur das Kennzeichen, nicht das Fahrzeugmodell).
- **Schranken-System:**
  - Regelmäßige Prüfung der DSGVO-Konformität der Schranken-Software (z. B. keine unnötige Protokollierung).

---
**Ende des Verzeichnisses**
*Stand: [Datum einfügen]*
*Verantwortlich: Datenschutzbeauftragter der APOR GmbH*

---
User ID: AAL1220
Mode: ask
Time elapsed: 697 seconds
Date: 2026-01-27T11:55:53.036Z
```"
"28","thg1620","chat","```markdown
# Mitarbeiterverwaltung - Arbeitszeit, Urlaub und Parkplatzberechtigung

## 1. Organisation und Verantwortliche Stelle

**Verantwortlicher (Data Controller):**
- **Name:** APOR GmbH
- **Rolle:** Verantwortliche Stelle gemäß Art. 4 Nr. 7 DSGVO
- **Anschrift:** Mainstraße 67, 89073 Ulm
- **E-Mail:** mail@apor.eu
- **Telefon:** 012345678

**Vertreter des Verantwortlichen:**
- **Name:** A. I.
- **E-Mail:** ai@apor.eu

**Datenschutzbeauftragter (DSB):**
- **Name:** A. I.
- **E-Mail:** ai@apor.eu

Wir, die APOR GmbH, sind als verantwortliche Stelle für die Verarbeitung personenbezogener Daten unserer Mitarbeiter:innen im Rahmen der Mitarbeiterverwaltung zuständig. Unsere Tätigkeit umfasst die Erfassung, Speicherung und Verwaltung von Daten zur Arbeitszeit, Urlaubsplanung sowie Parkplatzzuweisung. Die Einhaltung der datenschutzrechtlichen Vorgaben der DSGVO sowie weiterer relevanter Gesetze (z. B. ArbZG, BUrlG) ist für uns von höchster Priorität.

---

## 2. Zweck und Rechtsgrundlage der Verarbeitung

### Zweck der Verarbeitung
Wir verarbeiten personenbezogene Daten unserer Mitarbeiter:innen ausschließlich zur Erfüllung arbeitsvertraglicher, gesetzlicher und betrieblicher Pflichten. Die Verarbeitungszwecke umfassen im Einzelnen:

- Die Anlage und Verwaltung von Mitarbeiterstammdaten (z. B. Kontaktdaten, Vertragsinformationen) zur ordnungsgemäßen Einstellung und Verwaltung neuer Mitarbeiter:innen.
- Die Erfassung und Verwaltung von Arbeitszeiten (z. B. Beginn/Ende der Arbeitszeit, Überstunden, Pausen) zur Einhaltung des Arbeitszeitgesetzes (ArbZG) und zur korrekten Abrechnung.
- Die Verwaltung von Urlaubsansprüchen (Genehmigung, Dokumentation, Resturlaub) gemäß Bundesurlaubsgesetz (BUrlG) und internen Richtlinien.
- Die Zuweisung und Verwaltung von Parkplatzberechtigungen, einschließlich der Erfassung von Fahrzeugkennzeichen, um eine geregelte und nachvollziehbare Nutzung der betrieblichen Parkflächen zu gewährleisten.
- Die Sicherstellung der Compliance mit arbeitsrechtlichen Vorgaben (z. B. Nachweispflichten bei Arbeitszeiten, Urlaubsanträgen) sowie die Bereitstellung von Daten für interne Audits oder behördliche Anfragen.

Die Verarbeitung erfolgt stets im erforderlichen Umfang und dient der effizienten Organisation des Betriebsablaufs sowie der Wahrung der Rechte und Pflichten aller Beteiligten.

### Rechtsgrundlage der Verarbeitung
Die Verarbeitung personenbezogener Daten erfolgt auf folgenden Rechtsgrundlagen gemäß Art. 6 Abs. 1 DSGVO sowie weiterer relevanter Gesetze:

- **Art. 6 Abs. 1 lit. b DSGVO (Vertragserfüllung):**
  Die Verarbeitung ist für die Erfüllung des Arbeitsvertrags oder zur Durchführung vorvertraglicher Maßnahmen erforderlich.
- **Art. 6 Abs. 1 lit. c DSGVO (Rechtliche Verpflichtung):**
  Die Verarbeitung ist zur Erfüllung einer rechtlichen Verpflichtung erforderlich, der wir unterliegen (z. B. Arbeitszeitgesetz, Bundesurlaubsgesetz, Handelsgesetzbuch).
- **Art. 6 Abs. 1 lit. f DSGVO (Berechtigtes Interesse):**
  Die Verarbeitung erfolgt zur Wahrung unserer berechtigten Interessen, sofern diese nicht durch die Interessen oder Grundrechte und Grundfreiheiten der betroffenen Personen überwiegen. Dies umfasst insbesondere die effiziente Verwaltung von Arbeitszeiten, Urlaub und Parkplatznutzung sowie die Sicherstellung der betrieblichen Organisation.
- **§ 257 HGB (Handelsgesetzbuch):**
  Aufbewahrungspflicht für steuerrelevante Unterlagen (z. B. Arbeitsverträge, Gehaltsabrechnungen) für die Dauer von 10 Jahren.
- **§ 147 AO (Abgabenordnung):**
  Aufbewahrungspflicht für steuerrelevante Unterlagen zur Erfüllung steuerrechtlicher Vorgaben.

---

## 3. Kategorien personenbezogener Daten und Datenquellen

### Kategorien personenbezogener Daten
Wir verarbeiten folgende Kategorien personenbezogener Daten unserer Mitarbeiter:innen:

**Personenbezogene Grunddaten:**
- Nachname
- Vorname
- Geburtsdatum
- Staatsangehörigkeit
- Anschrift
- Telefonnummer
- E-Mail-Adresse

**Beschäftigungsdaten:**
- Arbeitszeiten (Beginn/Ende, Überstunden, Pausen)
- Berufliche Position
- Personalnummer
- Urlaubsanspruch
- Urlaubstage
- Urlaubszeiten

**Finanzdaten:**
- Bankverbindung

**Vertrags- und Rechtsdaten:**
- Vertragsdaten (z. B. Arbeitsvertrag, Zusatzvereinbarungen)

**Fahrzeugdaten:**
- Fahrzeugkennzeichen (im Rahmen der Parkplatzverwaltung)

### Datenquellen
Die personenbezogenen Daten werden ausschließlich von den betroffenen Mitarbeiter:innen selbst oder im Rahmen der arbeitsvertraglichen Beziehung erhoben. Eine automatisierte Datenerfassung durch Drittanbieter oder externe Systeme findet nicht statt. Die Parkplatzverwaltung erfolgt manuell ohne den Einsatz digitaler Tools oder automatisierter Systeme.

Die Speicherung der Daten erfolgt ausschließlich auf unseren internen Servern, die durch die beschriebenen technischen und organisatorischen Maßnahmen geschützt sind.

---

## 4. Betroffene Personen und Empfänger der Daten

### Betroffene Personen
Die Verarbeitung personenbezogener Daten betrifft ausschließlich unsere Mitarbeiter:innen.

### Empfänger der Daten
Die personenbezogenen Daten werden nur an folgende interne Stellen weitergegeben, sofern dies für die Erfüllung der genannten Zwecke erforderlich ist:

- **Personalabteilung (HR):** Verwaltung der Mitarbeiterstammdaten, Arbeitszeiten, Urlaub und Parkplatzberechtigungen.
- **Vorgesetzte:** Zugriff auf Arbeitszeiten und Urlaubsdaten ihrer Teammitglieder zur Planung und Organisation.
- **Geschäftsführung:** Zugriff auf aggregierte Daten zur betrieblichen Steuerung und Compliance.
- **IT-Administration:** Technische Verwaltung und Sicherung der Daten auf internen Servern.

Eine Weitergabe personenbezogener Daten an externe Empfänger (z. B. Behörden, Dienstleister) erfolgt nur, wenn dies gesetzlich vorgeschrieben ist (z. B. bei Anfragen von Finanzbehörden) oder im Rahmen der Erfüllung arbeitsvertraglicher Pflichten (z. B. Übermittlung von Bankdaten an die Hausbank zur Gehaltszahlung).

Drittanbieter sind nicht in die Verarbeitung der Mitarbeiterdaten eingebunden, was die Kontrolle über die Datenverarbeitung sicherstellt.

---

## 5. Speicherfristen und Löschung

### Speicherfristen
Wir speichern personenbezogene Daten unserer Mitarbeiter:innen nur so lange, wie dies für die Erfüllung der genannten Zwecke oder aufgrund gesetzlicher Aufbewahrungspflichten erforderlich ist.

- **Reguläre Löschfrist:**
  Die Daten werden spätestens **3 Monate nach Austritt des Mitarbeitenden** gelöscht, sofern keine gesetzlichen Aufbewahrungspflichten entgegenstehen.

- **Gesetzliche Aufbewahrungspflichten:**
  Für steuerrelevante Unterlagen (z. B. Arbeitsverträge, Gehaltsabrechnungen) gelten die gesetzlichen Aufbewahrungsfristen von **10 Jahren** gemäß § 257 HGB und § 147 AO.

### Löschverfahren
Die Löschung der Daten erfolgt automatisiert nach Ablauf der Speicherfristen. Für Daten, die aufgrund gesetzlicher Aufbewahrungspflichten länger gespeichert werden müssen, gelten besondere Schutzmaßnahmen (z. B. Zugriffsbeschränkungen, Protokollierung).

---

## 6. Technische und organisatorische Maßnahmen (TOM)

Zur Gewährleistung der Sicherheit und Vertraulichkeit der verarbeiteten personenbezogenen Daten haben wir folgende technische und organisatorische Maßnahmen implementiert:

1. **Zugriffsbeschränkung nach dem Need-to-know-Prinzip:**
   Der Zugriff auf personenbezogene Daten ist auf berechtigte Personen (HR, Vorgesetzte, IT-Administration) beschränkt und erfolgt nur im erforderlichen Umfang.

2. **Passwortschutz und Multi-Faktor-Authentifizierung (MFA):**
   Alle Systeme, die sensible Daten enthalten, sind durch starke Passwörter und MFA geschützt.

3. **Regelmäßige, verschlüsselte Backups:**
   Es werden regelmäßige Backups der Daten erstellt, die verschlüsselt gespeichert und durch Testwiederherstellungen überprüft werden.

4. **Physische Zutrittskontrolle:**
   Serverräume und Archive sind durch Schlüsselkarten und Alarmanlagen gesichert.

5. **Vertraulichkeitsverpflichtung:**
   Alle berechtigten Mitarbeiter:innen sind schriftlich zur Vertraulichkeit verpflichtet.

6. **Verschlüsselung sensibler Daten:**
   Daten werden sowohl bei der Übertragung als auch bei der Speicherung verschlüsselt.

7. **Protokollierung von Zugriffen:**
   Zugriffe auf personenbezogene Daten werden protokolliert, um die Nachvollziehbarkeit zu gewährleisten.

8. **Jährliche Datenschutzschulungen:**
   Alle Mitarbeiter:innen erhalten regelmäßige Schulungen zum Datenschutz und zur sicheren Datenverarbeitung.

9. **Automatisierte Löschung:**
   Daten werden spätestens 3 Monate nach Austritt des Mitarbeitenden automatisch gelöscht.

10. **Notfallplan für Datenvorfälle:**
    Ein Notfallplan für den Umgang mit Datenpannen (z. B. Cyberangriffe) ist implementiert.

11. **Exklusive Speicherung auf internen Servern:**
    Die Daten werden ausschließlich auf internen Servern gespeichert, um die Kontrolle zu wahren und externe Risiken zu minimieren.

Durch diese Maßnahmen stellen wir sicher, dass die Verarbeitung personenbezogener Daten im Einklang mit den Anforderungen der DSGVO und weiterer relevanter Gesetze erfolgt.

---
User ID: thg1620
Mode: chat
Time elapsed: 3001 seconds
Date: 2026-01-29T10:14:55.657Z
```"
"29","IOL1223","ask","```markdown
# Mitarbeiterdatenverarbeitung

## 1. Verantwortliche Stelle und Kontaktdaten

Wir, die **APOR GmbH**, fungieren als Verantwortlicher gemäß Artikel 4 Nr. 7 DSGVO für die Verarbeitung personenbezogener Daten unserer Mitarbeitenden. Nachfolgend sind unsere Kontaktdaten sowie die des Datenschutzbeauftragten aufgeführt:

- **Name der verantwortlichen Stelle:** APOR GmbH
- **Anschrift:** Mainstraße 67, 89073 Ulm
- **E-Mail-Adresse:** mail@apor.eu
- **Telefonnummer:** 012345678
- **Vertreter der verantwortlichen Stelle:** A. I. (ai@apor.eu)
- **Datenschutzbeauftragter:** A. I. (ai@apor.eu)

---

## 2. Zwecke und Rechtsgrundlagen der Verarbeitung

### 2.1 Verarbeitungszwecke
Wir verarbeiten personenbezogene Daten unserer Mitarbeitenden ausschließlich zum Zweck der **Verwaltung der Mitarbeitenden vom Eintritt bis zum Austritt**. Dies umfasst insbesondere:
- Die Abwicklung von Arbeitsverträgen,
- Die Erfüllung gesetzlicher Pflichten (z. B. Lohnabrechnung, Sozialversicherung),
- Die Organisation interner Prozesse (z. B. Urlaubsplanung, Arbeitszeiterfassung),
- Die Gewährleistung der betrieblichen Sicherheit und Compliance.

### 2.2 Rechtsgrundlagen
Die Verarbeitung erfolgt auf Grundlage von:
- **§ 26 Bundesdatenschutzgesetz (BDSG)** als klassische Rechtsgrundlage für die Verarbeitung von Beschäftigtendaten.

---

## 3. Kategorien personenbezogener Daten und Datenquellen

### 3.1 Verarbeitete Datenkategorien
Wir verarbeiten folgende personenbezogene Daten unserer Mitarbeitenden:
- Personenbezogene Daten

### 3.2 Datenquellen
Die personenbezogenen Daten stammen aus:
- Intern gehostetem Microsoft Office sowie internen Servern (keine externe Cloud).

---

## 4. Betroffene Personen und Empfänger der Daten

### 4.1 Kategorien betroffener Personen
Die Verarbeitung betrifft ausschließlich:
- Mitarbeiter

### 4.2 Empfänger der Daten
#### 4.2.1 Interne Empfänger
Die Daten werden innerhalb unseres Unternehmens an folgende Bereiche weitergegeben:
- Keine spezifischen internen Empfängerkategorien angegeben.

#### 4.2.2 Externe Empfänger
Es erfolgt keine Weitergabe personenbezogener Daten an externe Empfänger, sofern nicht gesetzliche Pflichten (z. B. Sozialversicherungsträger, Finanzbehörden) dies erfordern.

---

## 5. Löschfristen und Aufbewahrungsdauern

Wir löschen personenbezogene Daten unserer Mitarbeitenden **drei Monate nach Austritt der jeweiligen Person**, sofern keine gesetzlichen Aufbewahrungspflichten (z. B. nach Handels- oder Steuerrecht) entgegenstehen.

Krankentage oder medizinische Angaben werden im Rahmen dieser Verarbeitung nicht erhoben oder verarbeitet.

---

## 6. Technische und organisatorische Maßnahmen (TOM)

Zur Gewährleistung der Sicherheit und Vertraulichkeit der verarbeiteten Daten haben wir folgende Maßnahmen implementiert:

- **Zugriffsbeschränkung nach dem Need-to-know-Prinzip:** Nur autorisierte Personen erhalten Zugang zu personenbezogenen Daten.
- **Passwortschutz und Multi-Faktor-Authentifizierung (MFA):** Alle Systeme sind durch starke Authentifizierungsmechanismen geschützt.
- **Regelmäßige Backups:** Daten werden in festgelegten Intervallen gesichert, um Datenverlust zu vermeiden.
- **Zutrittskontrolle zu Serverräumen und Archiven:** Physische Zugangskontrollen schützen vor unbefugtem Zutritt.
- **Vertraulichkeitsverpflichtung:** Alle Mitarbeitenden sind zur Wahrung der Vertraulichkeit personenbezogener Daten verpflichtet.

---
*Dieses Verzeichnis wird regelmäßig überprüft und bei Bedarf aktualisiert, um die Einhaltung der DSGVO und anderer datenschutzrechtlicher Vorschriften sicherzustellen.*

---
User ID: IOL1223
Mode: ask
Time elapsed: 2954 seconds
Date: 2026-01-29T10:19:33.777Z
```"
"30","IOL1223","ask","```markdown
# Mitarbeiterdatenverarbeitung

## 1. Verantwortliche Stelle und Kontaktdaten

Wir, die **APOR GmbH**, fungieren als Verantwortlicher gemäß Artikel 4 Nr. 7 DSGVO für die Verarbeitung personenbezogener Daten unserer Mitarbeitenden. Nachfolgend sind unsere Kontaktdaten sowie die des Datenschutzbeauftragten aufgeführt:

- **Name der verantwortlichen Stelle:** APOR GmbH
- **Anschrift:** Mainstraße 67, 89073 Ulm
- **E-Mail-Adresse:** mail@apor.eu
- **Telefonnummer:** 012345678
- **Vertreter der verantwortlichen Stelle:** A. I. (ai@apor.eu)
- **Datenschutzbeauftragter:** A. I. (ai@apor.eu)

---

## 2. Zwecke und Rechtsgrundlagen der Verarbeitung

### 2.1 Verarbeitungszwecke
Wir verarbeiten personenbezogene Daten unserer Mitarbeitenden ausschließlich zum Zweck der **Verwaltung der Mitarbeitenden vom Eintritt bis zum Austritt**. Dies umfasst insbesondere:
- Die Abwicklung von Arbeitsverträgen,
- Die Erfüllung gesetzlicher Pflichten (z. B. Lohnabrechnung, Sozialversicherung),
- Die Organisation interner Prozesse (z. B. Urlaubsplanung, Arbeitszeiterfassung),
- Die Gewährleistung der betrieblichen Sicherheit und Compliance.

### 2.2 Rechtsgrundlagen
Die Verarbeitung erfolgt auf Grundlage von:
- **§ 26 Bundesdatenschutzgesetz (BDSG)** als klassische Rechtsgrundlage für die Verarbeitung von Beschäftigtendaten.

---

## 3. Kategorien personenbezogener Daten und Datenquellen

### 3.1 Verarbeitete Datenkategorien
Wir verarbeiten folgende personenbezogene Daten unserer Mitarbeitenden:
- Personenbezogene Daten

### 3.2 Datenquellen
Die personenbezogenen Daten stammen aus:
- Intern gehostetem Microsoft Office sowie internen Servern (keine externe Cloud).

---

## 4. Betroffene Personen und Empfänger der Daten

### 4.1 Kategorien betroffener Personen
Die Verarbeitung betrifft ausschließlich:
- Mitarbeiter

### 4.2 Empfänger der Daten
#### 4.2.1 Interne Empfänger
Die Daten werden innerhalb unseres Unternehmens an folgende Bereiche weitergegeben:
- Keine spezifischen internen Empfängerkategorien angegeben.

#### 4.2.2 Externe Empfänger
Es erfolgt keine Weitergabe personenbezogener Daten an externe Empfänger, sofern nicht gesetzliche Pflichten (z. B. Sozialversicherungsträger, Finanzbehörden) dies erfordern.

---

## 5. Löschfristen und Aufbewahrungsdauern

Wir löschen personenbezogene Daten unserer Mitarbeitenden **drei Monate nach Austritt der jeweiligen Person**, sofern keine gesetzlichen Aufbewahrungspflichten (z. B. nach Handels- oder Steuerrecht) entgegenstehen.

Krankentage oder medizinische Angaben werden im Rahmen dieser Verarbeitung nicht erhoben oder verarbeitet.

---

## 6. Technische und organisatorische Maßnahmen (TOM)

Zur Gewährleistung der Sicherheit und Vertraulichkeit der verarbeiteten Daten haben wir folgende Maßnahmen implementiert:

- **Zugriffsbeschränkung nach dem Need-to-know-Prinzip:** Nur autorisierte Personen erhalten Zugang zu personenbezogenen Daten.
- **Passwortschutz und Multi-Faktor-Authentifizierung (MFA):** Alle Systeme sind durch starke Authentifizierungsmechanismen geschützt.
- **Regelmäßige Backups:** Daten werden in festgelegten Intervallen gesichert, um Datenverlust zu vermeiden.
- **Zutrittskontrolle zu Serverräumen und Archiven:** Physische Zugangskontrollen schützen vor unbefugtem Zutritt.
- **Vertraulichkeitsverpflichtung:** Alle Mitarbeitenden sind zur Wahrung der Vertraulichkeit personenbezogener Daten verpflichtet.

---
*Dieses Verzeichnis wird regelmäßig überprüft und bei Bedarf aktualisiert, um die Einhaltung der DSGVO und anderer datenschutzrechtlicher Vorschriften sicherzustellen.*

---
User ID: IOL1223
Mode: ask
Time elapsed: 3099 seconds
Date: 2026-01-29T10:21:58.823Z
```"
"31","IOL1223","form","```markdown
# Mitarbeiterdatenverarbeitung

## 1. Organisation und Verantwortlicher

Wir, die **APOR GmbH**, sind als Verantwortlicher für die Verarbeitung personenbezogener Daten unserer Mitarbeitenden zuständig. Die folgenden Angaben dienen der Erfüllung unserer Dokumentationspflichten gemäß Artikel 30 DSGVO.

- **Name des Verantwortlichen:** APOR GmbH
- **Anschrift:** Mainstraße 67, 89073 Ulm
- **Kontakt:**
  - E-Mail: mail@apor.eu
  - Telefon: 012345678
- **Vertreter des Verantwortlichen:** A. I. (ai@apor.eu)
- **Datenschutzbeauftragter:** A. I. (ai@apor.eu)

---

## 2. Zweck und Rechtsgrundlage der Verarbeitung

### Zweck der Verarbeitung
Wir verarbeiten personenbezogene Daten unserer Mitarbeitenden zur Verwaltung des gesamten Beschäftigungsverhältnisses – vom Eintritt bis zum Austritt. Dies umfasst unter anderem:
- Die Abwicklung arbeitsvertraglicher Pflichten,
- Die Erfüllung gesetzlicher und steuerrechtlicher Anforderungen,
- Die Verwaltung von Sozialversicherungs- und Krankenkassendaten,
- Die Personalplanung und -entwicklung.

### Rechtsgrundlage der Verarbeitung
Die Verarbeitung erfolgt auf Grundlage folgender Rechtsnormen:
- **Art. 6 Abs. 1 lit. b DSGVO** (Erfüllung eines Vertrags oder vorvertraglicher Maßnahmen)
- **§ 26 BDSG** (Datenverarbeitung für Zwecke des Beschäftigungsverhältnisses)
- **§ 257 HGB** (Aufbewahrung von Handelsbüchern und Unterlagen)
- **§ 239 Abs. 1 HGB** (Führung der Handelsbücher)
- **§ 147 AO** (Aufbewahrungspflichten für steuerrelevante Unterlagen)

Zusätzlich können folgende Rechtsgrundlagen potenziell relevant sein, werden jedoch aktuell nicht aktiv genutzt:
- **§ 28b IfSG** (Verarbeitung von Gesundheitsdaten im Rahmen von Pandemie-Maßnahmen, z. B. Impfstatus)
- Arbeitsrechtliche Pflichten (z. B. **§ 2 NachwG**, **§ 106 GewO**)

---

## 3. Kategorien personenbezogener Daten und Datenquellen

### Verarbeitete Datenkategorien
Wir verarbeiten folgende personenbezogene Daten unserer Mitarbeitenden, Bewerber und ehemaligen Beschäftigten:

#### Personenbezogene Grunddaten
- Nachname
- Vorname
- Geburtsdatum
- Geburtsort
- Geschlecht
- Staatsangehörigkeit
- Anschrift
- Telefonnummer
- E-Mail-Adresse
- Familienstand

#### Beschäftigungsdaten
- Arbeitszeiten
- Berufliche Position
- Personalnummer
- Unternehmenszugehörigkeit
- Urlaubsanspruch
- Urlaubstage
- Urlaubszeiten

#### Finanzdaten
- Gehalt/Lohn
- Bankverbindung
- Steueridentifikationsnummer
- Steuerklasse
- Monatliche Gehaltszahlungen

#### Gesundheitsdaten
- Krankenversicherungsnummer
- Sozialversicherungsnummer
- Krankheitstage
- Versicherungsstatus

*Hinweis: Medizinische Angaben oder detaillierte Gesundheitsdaten (z. B. Diagnosen) werden nicht verarbeitet.*

#### Rechtliche Daten
- Vertragsdaten
- Ausweisdokumente (z. B. Personalausweis, Reisepass)

#### Qualifikationsdaten
- Fähigkeiten und Kompetenzen

#### Sonstige Unterlagen
- Bewerbungsunterlagen
- Arbeitsverträge
- Personalakten
- Zeugnisse

### Datenquellen
Die Daten werden ausschließlich aus folgenden Quellen erhoben:
- **Microsoft Office 365** (z. B. für E-Mail-Kommunikation, Dokumentenmanagement)

---

## 4. Betroffene Personen und Empfänger der Daten

### Kategorien betroffener Personen
Wir verarbeiten Daten folgender Personengruppen:
- Mitarbeitende
- Bewerber
- Ehemalige Mitarbeitende

### Interne Empfänger
Die Daten werden innerhalb unseres Unternehmens an folgende Abteilungen und Rollen weitergegeben:
- **Geschäftsführung**
- **Verwaltung**
- **Finanzabteilung**
- **Recht und Compliance**
- **Personalabteilung (HR)**

### Externe Empfänger (innerhalb der EU)
Daten werden an folgende externe Empfänger übermittelt:
- **Behörden** (z. B. Finanzamt, Sozialversicherungsträger)
- **Krankenkassen und Versicherungsträger**
- **Finanzinstitute** (z. B. Banken für Gehaltszahlungen)

---

## 5. Speicherfristen und Löschung

### Speicherfristen
Wir speichern personenbezogene Daten unserer Mitarbeitenden für die Dauer des Beschäftigungsverhältnisses sowie darüber hinaus, sofern gesetzliche Aufbewahrungspflichten bestehen.

- **Nach Beendigung des Beschäftigungsverhältnisses:** Grundsätzlich **3 Monate**, sofern keine längeren gesetzlichen Fristen gelten (z. B. nach **§ 257 HGB**, **§ 147 AO**).
- **Bewerbungsunterlagen:** Werden nach Abschluss des Bewerbungsverfahrens gelöscht, sofern keine Einwilligung zur weiteren Speicherung vorliegt.

*Hinweis: Krankentage oder medizinische Angaben unterliegen keinen gesonderten Speicherfristen, da diese Daten nicht verarbeitet werden.*

---

## 6. Technische und organisatorische Maßnahmen (TOM)

Wir haben folgende Maßnahmen implementiert, um die Sicherheit und Vertraulichkeit der verarbeiteten Daten zu gewährleisten:

- **Zugriffsbeschränkung:** Rollenbasierter Zugriff nach dem Need-to-know-Prinzip.
- **Authentifizierung:** Passwortschutz, ggf. Multi-Faktor-Authentifizierung (MFA).
- **Physische Sicherheit:** Zutrittskontrolle zu Serverräumen und Archiven.
- **Datenintegrität:** Regelmäßige Backups zur Sicherung der Daten.
- **Vertraulichkeit:** Verpflichtung der Mitarbeitenden zur Wahrung der Vertraulichkeit.
- **Dokumentation:** Protokollierung von Zugriffen und Änderungen, soweit technisch möglich.

Diese Maßnahmen entsprechen den Anforderungen der DSGVO und dienen dem Schutz personenbezogener Daten vor unbefugtem Zugriff, Verlust oder Missbrauch.

---
User ID: IOL1223
Mode: form
Time elapsed: 1073 seconds
Date: 2026-01-29T10:45:57.513Z
```"
"32","thg1620","ask","```markdown
# Mitarbeiterverwaltung - Arbeitszeit, Urlaub, Parkplatzverwaltung

## 1. Verantwortliche Stelle und Angaben zum Datenschutzbeauftragten

Wir, die **APOR GmbH**, fungieren als Verantwortliche im Sinne der Datenschutz-Grundverordnung (DSGVO) für die Verarbeitung personenbezogener Daten im Rahmen der Mitarbeiterverwaltung, einschließlich Arbeitszeit-, Urlaubs- und Parkplatzverwaltung.

- **Name der verantwortlichen Stelle:** APOR GmbH
- **Anschrift:** Mainstraße 67, 89073 Ulm
- **Kontakt:**
  - E-Mail: mail@apor.eu
  - Telefon: 012345678
- **Vertreter der verantwortlichen Stelle:** A. I. (ai@apor.eu)
- **Datenschutzbeauftragter:** A. I. (ai@apor.eu)

---

## 2. Zwecke und Rechtsgrundlagen der Verarbeitung

Zum gegenwärtigen Zeitpunkt liegen keine spezifischen Angaben zu den Zwecken der Datenverarbeitung vor.

Die Rechtsgrundlagen für die Verarbeitung personenbezogener Daten wurden nicht näher definiert.

---

## 3. Kategorien personenbezogener Daten und Datenquellen

### Verarbeitete Datenkategorien
Zum gegenwärtigen Zeitpunkt liegen keine spezifischen Angaben zu den verarbeiteten Datenkategorien vor.

### Datenquellen
Zum gegenwärtigen Zeitpunkt liegen keine spezifischen Angaben zu den verwendeten Datenquellen vor.

---

## 4. Betroffene Personen und Empfänger der Daten

### Betroffene Personen
Zum gegenwärtigen Zeitpunkt liegen keine spezifischen Angaben zu den Kategorien betroffener Personen vor.

### Empfänger der Daten
#### Interne Empfänger
Zum gegenwärtigen Zeitpunkt liegen keine spezifischen Angaben zu internen Empfängerkategorien vor.

#### Externe Empfänger (innerhalb der EU)
Zum gegenwärtigen Zeitpunkt liegen keine spezifischen Angaben zu externen Empfängerkategorien innerhalb der EU vor.

#### Berechtigte Personen
Zum gegenwärtigen Zeitpunkt liegen keine spezifischen Angaben zu berechtigten Personen oder Rollen vor.

---

## 5. Aufbewahrungsfristen und Löschung

Zum gegenwärtigen Zeitpunkt liegen keine spezifischen Angaben zu Aufbewahrungsfristen oder Löschkonzepten vor.

---

## 6. Technische und organisatorische Maßnahmen (TOM)

Zum gegenwärtigen Zeitpunkt liegen keine spezifischen Angaben zu den implementierten technischen und organisatorischen Maßnahmen zum Schutz personenbezogener Daten vor.

---
User ID: thg1620
Mode: ask
Time elapsed: 2344 seconds
Date: 2026-01-29T10:59:52.659Z
```"
"33","thg1620","ask","```markdown
# Mitarbeiterverwaltung - Arbeitszeit, Urlaub, Parkplatzverwaltung

## 1. Verantwortliche Stelle und Kontaktdaten

**Verantwortliche Stelle (Verantwortlicher im Sinne der DSGVO):**
- **Name:** APOR GmbH
- **Anschrift:** Mainstraße 67, 89073 Ulm
- **E-Mail:** mail@apor.eu
- **Telefon:** 012345678

**Vertreter des Verantwortlichen:**
- **Name:** A. I.
- **E-Mail:** ai@apor.eu

**Datenschutzbeauftragter:**
- **Name:** A. I.
- **E-Mail:** ai@apor.eu

Als Verantwortliche im Sinne der DSGVO sind wir für die Verarbeitung personenbezogener Daten unserer Mitarbeitenden zuständig. Unsere Rolle umfasst die Einhaltung der datenschutzrechtlichen Vorgaben sowie die Umsetzung geeigneter technischer und organisatorischer Maßnahmen zum Schutz der verarbeiteten Daten.

---

## 2. Zwecke und Rechtsgrundlagen der Verarbeitung

### Zwecke der Verarbeitung
Wir verarbeiten personenbezogene Daten unserer Mitarbeitenden zu folgenden Zwecken:

- **Verwaltung des Beschäftigungsverhältnisses:**
  - Anlegen neuer Mitarbeitender
  - Dokumentation von Arbeitszeiten gemäß § 16 Abs. 2 ArbZG
  - Verwaltung von Urlaub und Abwesenheiten zur Erfüllung arbeitsrechtlicher Pflichten und zur Personalplanung

- **Bereitstellung von Serviceleistungen:**
  - Verwaltung von Parkplatzberechtigungen für berechtigte Mitarbeitende durch Speicherung des Fahrzeugkennzeichens
  - Technische Umsetzung der Schrankenöffnung und Zuordnung der Berechtigung

### Rechtsgrundlagen der Verarbeitung
Die Verarbeitung personenbezogener Daten erfolgt auf Basis folgender Rechtsgrundlagen:

- **Arbeitszeit, Urlaub, Gehaltsabrechnung:**
  - **Art. 6 Abs. 1 lit. b DSGVO** (Erfüllung des Arbeitsvertrags)
  - **§ 257 HGB / § 147 AO** (steuerliche Aufbewahrungspflichten)
  - **§ 26 BDSG** (Datenverarbeitung für Beschäftigungszwecke)

- **Parkplatzverwaltung:**
  - **Art. 6 Abs. 1 lit. a DSGVO** (Einwilligung der betroffenen Person)

---

## 3. Kategorien personenbezogener Daten und Datenquellen

### Kategorien personenbezogener Daten
Wir verarbeiten folgende Kategorien personenbezogener Daten:

- **Personenbezogene Daten:**
  - Nachname
  - Vorname
  - Geburtsdatum
  - Staatsangehörigkeit
  - Anschrift
  - Telefonnummer
  - E-Mail-Adresse
  - Familienstand

- **Beschäftigungsdaten:**
  - Arbeitszeiten
  - Berufliche Position
  - Personalnummer
  - Urlaubsanspruch
  - Urlaubstage
  - Urlaubszeiten

- **Finanzdaten:**
  - Bankverbindung

- **Vertragsdaten:**
  - Vertragsdaten

- **Fahrzeugdaten:**
  - Fahrzeugkennzeichen

### Datenquellen
Die personenbezogenen Daten stammen aus folgenden Quellen:

- Interne Server und Datenbanken
- Erfassung über Excel
- E-Mail-Provider Outlook

---

## 4. Betroffene Personen und Empfänger der Daten

### Betroffene Personen
Die Verarbeitung personenbezogener Daten betrifft folgende Kategorien von Personen:

- Interne Gruppen (Mitarbeiter:innen, inkl. Teilzeitkräfte, Aushilfen)

### Empfänger der Daten
Die personenbezogenen Daten werden an folgende interne und externe Empfänger übermittelt:

- **Interne Empfänger:**
  - Personalabteilung (HR) → Verwaltung von Stammdaten, Arbeitszeiten, Urlaub
  - Vorgesetzte → Technisch/Logistik (für Planung, jedoch nur Zugriff auf Teamdaten)
  - Geschäftsführung → Management (für aggregierte Daten)
  - IT-Administration → Technisch (für Systemwartung)

- **Externe Empfänger (falls zutreffend):**
  - Parkplatzverwaltung-Dienstleister → Serviceprovider (falls extern)
  - Steuerberater → Finanzinstitute (für Lohnbuchhaltung)

### Berechtigte Personen
Der Zugriff auf die personenbezogenen Daten ist folgenden Rollen vorbehalten:

- HR-Mitarbeiter:innen → HR-Rollen
- IT-Administratoren → Technische Rollen

---

## 5. Aufbewahrungsfristen und Löschung

### Aufbewahrungsfristen
Wir halten uns an folgende gesetzliche Aufbewahrungsfristen:

- **Lohnunterlagen & Sozialversicherung:**
  - 6 Jahre nach Ablauf des Kalenderjahres (§ 41 EStG, § 28f SGB IV)
  - Betrifft: Gehaltsabrechnungen, Sozialversicherungsnachweise

- **Arbeitszeitnachweise:**
  - 2 Jahre (§ 16 ArbZG)
  - Betrifft: Stundenzettel, Zeiterfassung

- **Steuerrelevante Unterlagen:**
  - 10 Jahre (§ 147 AO)
  - Betrifft: Lohnsteuerunterlagen, Reisekostenabrechnungen

- **Urlaubsd

---
User ID: thg1620
Mode: ask
Time elapsed: 2726 seconds
Date: 2026-01-29T11:06:14.903Z
```"
"34","thg1620","form","```markdown
# Mitarbeiterverwaltung (Arbeitszeit/Urlaub) & Parkplatzberechtigung

## 1. Verantwortliche Stelle und Kontaktdaten

**Verantwortlicher im Sinne der DSGVO (Art. 4 Nr. 7 DSGVO):**
Wir, die APOR GmbH, sind als datenschutzrechtlich Verantwortliche für die Verarbeitung personenbezogener Daten im Rahmen der Mitarbeiterverwaltung (Arbeitszeit, Urlaub) sowie der Parkplatzberechtigung zuständig.

**Kontaktdaten:**
- **Firmenname:** APOR GmbH
- **Anschrift:** Mainstraße 67, 89073 Ulm
- **E-Mail:** mail@apor.eu
- **Telefon:** 012345678
- **Vertreter:** A. I. (ai@apor.eu)
- **Datenschutzbeauftragter:** A. I. (ai@apor.eu)

---

## 2. Zwecke und Rechtsgrundlagen der Verarbeitung

### 2.1 Verarbeitungszwecke
Wir verarbeiten personenbezogene Daten unserer Mitarbeiter zu folgenden Zwecken:
- Verwaltung von Arbeitszeiten, Überstunden und Urlaubsansprüchen gemäß arbeitsvertraglichen und gesetzlichen Pflichten.
- Regelung und Verwaltung von Parkplatzberechtigungen für Mitarbeiter, einschließlich der Zuordnung von Fahrzeugkennzeichen.
- Erfüllung gesetzlicher Aufbewahrungspflichten (z. B. nach HGB, AO, ArbZG).
- Interne betriebliche Organisation und Planung.
- Sicherstellung der Einhaltung arbeitsrechtlicher und datenschutzrechtlicher Vorgaben.

### 2.2 Rechtsgrundlagen der Verarbeitung
Die Verarbeitung personenbezogener Daten erfolgt auf folgenden Rechtsgrundlagen:
- **Art. 6 Abs. 1 lit. b DSGVO:** Erfüllung des Arbeitsvertrags und vorvertraglicher Maßnahmen.
- **Art. 6 Abs. 1 lit. c DSGVO:** Erfüllung gesetzlicher Verpflichtungen (z. B. Aufbewahrungspflichten nach HGB, AO, ArbZG, BUrlG).
- **Art. 6 Abs. 1 lit. f DSGVO:** Wahrung berechtigter Interessen (z. B. betriebliche Organisation, Sicherheit).
- **§ 26 BDSG:** Verarbeitung von Beschäftigtendaten für Zwecke des Beschäftigungsverhältnisses.
- **§ 257 HGB:** Handelsrechtliche Aufbewahrungspflichten.
- **§ 239 Abs. 1 HGB:** Grundsätze ordnungsmäßiger Buchführung.
- **§ 147 AO:** Steuerrechtliche Aufbewahrungspflichten.
- **ArbZG (Arbeitszeitgesetz):** Erfassung und Dokumentation von Arbeitszeiten.
- **BUrlG (Bundesurlaubsgesetz):** Verwaltung von Urlaubsansprüchen.
- **BetrVG (Betriebsverfassungsgesetz):** Betriebliche Organisation und Mitbestimmung.

---

## 3. Kategorien personenbezogener Daten und Datenquellen

### 3.1 Kategorien personenbezogener Daten
Wir verarbeiten folgende Kategorien personenbezogener Daten unserer Mitarbeiter:

**Personenbezogene Daten:**
- Nachname
- Vorname
- Geburtsdatum
- Geburtsort
- Geschlecht
- Staatsangehörigkeit
- Anschrift
- Telefonnummer
- E-Mail-Adresse

**Beschäftigungsdaten:**
- Arbeitszeiten
- Berufliche Position
- Personalnummer
- Unternehmenszugehörigkeit
- Urlaubsanspruch
- Urlaubstage
- Urlaubszeiten

**Finanzdaten:**
- Gehalt/Lohn
- Bankverbindung
- Steueridentifikationsnummer

**Vertragsdaten:**
- Vertragsdaten (z. B. Arbeitsvertrag, Zusatzvereinbarungen)

**Dokumentations- und Aufzeichnungsdaten:**
- Individuelle Dokumentation (z. B. Arbeitszeitnachweise, Urlaubsanträge)

**Fahrzeugdaten:**
- Fahrzeugkennzeichen (im Zusammenhang mit Parkplatzberechtigungen)

### 3.2 Datenquellen
Die personenbezogenen Daten stammen aus folgenden Quellen:
- Microsoft Office 365 (z. B. E-Mail-Kommunikation, Dokumente)
- E-Mail-Provider (z. B. für interne Kommunikation)
- Spezialisierte HR-Software (z. B. für Arbeitszeit- und Urlaubsverwaltung)
- Enterprise-Systeme (z. B. ERP-Systeme für betriebliche Abläufe)
- Spezialisierte Mitarbeiterverwaltungssoftware für Arbeitszeiten, Urlaub und Parkplatzberechtigungen

---

## 4. Betroffene Personen und Empfänger der Daten

### 4.1 Kategorien betroffener Personen
Die Verarbeitung personenbezogener Daten betrifft folgende Personengruppen:
- Mitarbeiter der APOR GmbH

### 4.2 Interne Empfänger
Folgende interne Stellen oder Personen erhalten Zugang zu den personenbezogenen Daten:
- Geschäftsführung
- Personalabteilung (HR)
- IT-Abteilung
- Facility Management
- Datenschutzbeauftragter
- HR-Manager
- Lohnbuchhalter
- Facility Manager
- IT-Administratoren
- Führungskräfte

### 4.3 Externe Empfänger (innerhalb der EU)
Personenbezogene Daten werden an folgende externe Empfänger übermittelt:
- Finanzbehörden (z. B. für steuerliche Zwecke)
- Sozialversicherungsträger (z. B. Krankenkassen, Rentenversicherung)
- Wirtschaftsprüfer (z. B. für Jahresabschlussprüfungen)
- Externe Lohnbuchhaltungsdienstleister

---

## 5. Löschfristen und Datenaufbewahrung

### 5.1 Aufbewahrungsfristen
Wir halten uns an folgende gesetzliche und betriebliche Aufbewahrungsfristen:
- **Nach Beendigung des Arbeitsverhältnisses:**
  - Allgemeine Aufbewahrungsfrist von **6 Jahren** gemäß § 257 HGB und § 147 AO für steuerrechtliche und handelsrechtliche Unterlagen.
  - **Arbeitszeitdaten** (z. B. Stundenzettel) werden **2 Jahre nach Ablauf des Kalenderjahres der Erfassung** gemäß § 16 Abs. 2 ArbZG aufbewahrt.
  - **Parkplatzberechtigungsdaten** (z. B. Fahrzeugkennzeichen) werden **unverzüglich nach Beendigung des Arbeitsverhältnisses** gelöscht, sofern keine anderweitigen betrieblichen Gründe vorliegen.

### 5.2 Ausnahmen und besondere Löschkonzepte
- Wir behalten uns vor, Daten über die gesetzlichen Aufbewahrungsfristen hinaus zu speichern, sofern dies zur Geltendmachung, Ausübung oder Verteidigung von Rechtsansprüchen erforderlich ist.
- Es existiert ein **spezielles Löschkonzept**, das sicherstellt, dass Daten nach Ablauf der Fristen automatisiert und datenschutzkonform gelöscht werden.

---

## 6. Technische und organisatorische Maßnahmen (TOM)

Zur Gewährleistung der Sicherheit und Vertraulichkeit personenbezogener Daten haben wir folgende technische und organisatorische Maßnahmen implementiert:

### 6.1 Zugriffskontrolle
- **Rollenbasierte Zugriffsrechte (RBAC):** Nur autorisierte Mitarbeiter erhalten Zugang zu relevanten Daten (z. B. HR für Personalakten, Facility Management für Parkplatzdaten).
- **Multi-Faktor-Authentifizierung (MFA):** Für alle Systeme mit Zugriff auf personenbezogene Daten.

### 6.2 Verschlüsselung
- **Datenverschlüsselung:** Alle gespeicherten Daten werden mit **AES-256** verschlüsselt.
- **Datenübertragung:** Nutzung von **TLS 1.3** für sichere Kommunikation.

### 6.3 Protokollierung und Überwachung
- **Automatisierte Protokollierung:** Alle Zugriffe und Änderungen an personenbezogenen Daten werden dokumentiert und regelmäßig überprüft.

### 6.4 Datenminimierung
- **Erfassung nur notwendiger Daten:** Beispielsweise werden Fahrzeugkennzeichen nur für die Parkplatzverwaltung erhoben.

### 6.5 Schulungen
- **Jährliche Datenschutzschulungen:** Alle Mitarbeiter werden regelmäßig zu Datenschutzthemen geschult.

### 6.6 Physische Sicherheit
- **Zutrittskontrollen:** Serverräume sind durch physische Sicherheitsmaßnahmen geschützt.

### 6.7 Backup und Notfallplan
- **Tägliche Backups:** Verschlüsselte Offline-Kopien werden erstellt.
- **Notfallwiederherstellungsplan:** Maßnahmen zur Wiederherstellung von Daten im Falle eines Ausfalls.

### 6.8 Automatisierte Löschung
- **DSGVO-konforme Löschfristen:** Daten werden nach Ablauf der Aufbewahrungsfristen automatisiert gelöscht.

### 6.9 Anonymisierung und Pseudonymisierung
- **Pseudonymisierung sensibler Daten:** Beispielsweise werden Personalnummern pseudonymisiert verarbeitet.

### 6.10 Regelmäßige Audits
- **Interne und externe Sicherheitsüberprüfungen:** Regelmäßige Audits zur Überprüfung der Datensicherheit.

---
**Stand:** [Datum der Erstellung]
**Verantwortlich:** Datenschutzbeauftragter der APOR GmbH

---
User ID: thg1620
Mode: form
Time elapsed: 669 seconds
Date: 2026-01-29T11:20:50.868Z
```"
"35","IOL1223","chat","```markdown
# Mitarbeiterdatenverarbeitung

## 1. Organisation und Verantwortlicher

Wir, die **APOR GmbH**, sind als Verantwortlicher für die Verarbeitung personenbezogener Daten im Rahmen der Mitarbeiterverwaltung tätig. Unsere Kontaktdaten sowie die des Datenschutzbeauftragten sind wie folgt:

- **Name des Verantwortlichen:** APOR GmbH
- **Anschrift:** Mainstraße 67, Ulm
- **E-Mail:** mail@apor.eu
- **Telefon:** 012345678
- **Vertreter:** A. I. (ai@apor.eu)
- **Datenschutzbeauftragter:** A. I. (ai@apor.eu)

## 2. Zweck und Rechtsgrundlage der Verarbeitung

Wir verarbeiten personenbezogene Daten unserer Mitarbeiter zu folgenden Zwecken:
- Verwaltung von Mitarbeiterstammdaten
- Organisation von Arbeitsprozessen
- Unterstützung der Personalentwicklung im Rahmen des Beschäftigungsverhältnisses

Die Rechtsgrundlagen für die Verarbeitung ergeben sich aus:
- **Art. 6 Abs. 1 lit. b DSGVO** (Erfüllung eines Vertrags oder vorvertraglicher Maßnahmen)
- **§ 26 BDSG** (Datenverarbeitung für Zwecke des Beschäftigungsverhältnisses)

## 3. Kategorien personenbezogener Daten und Datenquellen

### Verarbeitete Datenkategorien
Aufgrund der von uns durchgeführten Verarbeitungstätigkeiten werden derzeit keine spezifischen personenbezogenen Datenkategorien erfasst.

### Datenquellen
Die Daten stammen aus folgenden Quellen:
- Microsoft Office 365
- Interne Server

## 4. Betroffene Personen und Empfänger

### Betroffene Personen
Aufgrund der aktuellen Verarbeitungstätigkeiten sind keine spezifischen Kategorien betroffener Personen definiert.

### Empfänger der Daten
Aufgrund der aktuellen Verarbeitungstätigkeiten sind keine spezifischen internen oder externen Empfängerkategorien definiert.

## 5. Speicherdauer und Löschung

Wir speichern personenbezogene Daten für folgende Zeiträume:
- **3 Monate nach Beendigung des Arbeitsverhältnisses**, sofern keine gesetzlichen Aufbewahrungspflichten entgegenstehen.

## 6. Technische und organisatorische Maßnahmen (TOM)

Zum Schutz der verarbeiteten personenbezogenen Daten haben wir folgende Maßnahmen implementiert:
- Zugriffsbeschränkung nach dem Need-to-know-Prinzip für Mitarbeiterdaten
- Passwortschutz mit optionaler Mehrfaktor-Authentifizierung (MFA)
- Regelmäßige Datensicherungen (Backups) zur Wiederherstellung im Notfall
- Physische Zutrittskontrolle zu Serverräumen und Archiven
- Vertraulichkeitsverpflichtungen für alle Mitarbeiter mit Zugriff auf personenbezogene Daten

---
User ID: IOL1223
Mode: chat
Time elapsed: 927 seconds
Date: 2026-01-29T11:32:00.663Z
```"
"36","IOL1223","chat","```markdown
# Mitarbeiterdatenverarbeitung

## 1. Organisation und Verantwortlicher

Wir, die **APOR GmbH**, sind als Verantwortlicher für die Verarbeitung personenbezogener Daten im Rahmen der Mitarbeiterverwaltung tätig. Unsere Kontaktdaten sowie die des Datenschutzbeauftragten sind wie folgt:

- **Name des Verantwortlichen:** APOR GmbH
- **Anschrift:** Mainstraße 67, Ulm
- **E-Mail:** mail@apor.eu
- **Telefon:** 012345678
- **Vertreter:** A. I. (ai@apor.eu)
- **Datenschutzbeauftragter:** A. I. (ai@apor.eu)

## 2. Zweck und Rechtsgrundlage der Verarbeitung

Wir verarbeiten personenbezogene Daten unserer Mitarbeiter zu folgenden Zwecken:
- Verwaltung von Mitarbeiterstammdaten
- Organisation von Arbeitsprozessen
- Unterstützung der Personalentwicklung im Rahmen des Beschäftigungsverhältnisses

Die Rechtsgrundlagen für die Verarbeitung ergeben sich aus:
- **Art. 6 Abs. 1 lit. b DSGVO** (Erfüllung eines Vertrags oder vorvertraglicher Maßnahmen)
- **§ 26 BDSG** (Datenverarbeitung für Zwecke des Beschäftigungsverhältnisses)

## 3. Kategorien personenbezogener Daten und Datenquellen

### Verarbeitete Datenkategorien
Aufgrund der von uns durchgeführten Verarbeitungstätigkeiten werden derzeit keine spezifischen personenbezogenen Datenkategorien erfasst.

### Datenquellen
Die Daten stammen aus folgenden Quellen:
- Microsoft Office 365
- Interne Server

## 4. Betroffene Personen und Empfänger

### Betroffene Personen
Im Rahmen der Mitarbeiterdatenverarbeitung sind keine spezifischen Kategorien betroffener Personen definiert.

### Empfänger der Daten
Derzeit sind keine internen oder externen Empfängerkategorien für die Verarbeitung personenbezogener Daten festgelegt.

## 5. Speicherfristen und Löschung

Wir speichern personenbezogene Daten unserer Mitarbeiter für einen Zeitraum von **3 Monaten nach Beendigung des Arbeitsverhältnisses**, sofern keine gesetzlichen Aufbewahrungspflichten entgegenstehen.

## 6. Technische und organisatorische Maßnahmen (TOM)

Zum Schutz der verarbeiteten personenbezogenen Daten haben wir folgende Maßnahmen implementiert:
- Zugriffsbeschränkung nach dem Need-to-know-Prinzip für Mitarbeiterdaten
- Passwortschutz mit optionaler Mehrfaktor-Authentifizierung (MFA)
- Regelmäßige Datensicherungen (Backups) zur Wiederherstellung im Notfall
- Physische Zutrittskontrolle zu Serverräumen und Archiven
- Vertraulichkeitsverpflichtungen für alle Mitarbeiter mit Zugriff auf personenbezogene Daten

---
User ID: IOL1223
Mode: chat
Time elapsed: 1038 seconds
Date: 2026-01-29T11:33:51.229Z
```"
"37","NAN277","chat","```markdown
# Mitarbeiterverwaltung
**Verzeichnis von Verarbeitungstätigkeiten gemäß Artikel 30 DSGVO**

---

## 1. Verantwortliche Stelle und Kontaktdaten

Als verantwortliche Stelle im Sinne der Datenschutz-Grundverordnung (DSGVO) verarbeiten wir personenbezogene Daten unserer Mitarbeitenden im Rahmen der Personalverwaltung. Die folgenden Angaben dienen der Erfüllung unserer Dokumentationspflichten gemäß Artikel 30 DSGVO.

- **Name der verantwortlichen Stelle:**
  APOR GmbH

- **Rolle:**
  Verantwortlicher (Data Controller) sowie Benennung eines Datenschutzbeauftragten (DPO)

- **Anschrift:**
  Mainstraße 67, 89073 Ulm

- **Kontaktdaten:**
  - E-Mail: mail@apor.eu
  - Telefon: 012345678

- **Vertreter der verantwortlichen Stelle:**
  A. I., ai@apor.eu

- **Datenschutzbeauftragter (DSB):**
  A. I., ai@apor.eu

---

## 2. Zwecke und Rechtsgrundlagen der Verarbeitung

Wir verarbeiten personenbezogene Daten unserer Mitarbeitenden, um die gesamte Personalverwaltung vom Eintritt bis zum Austritt rechtssicher und effizient zu gestalten. Dies umfasst folgende Zwecke:

- Anlage und Verwaltung neuer Mitarbeitender
- Dokumentation von Arbeitszeiten
- Verwaltung von Urlaubs- und Abwesenheitszeiten
- Parkplatzverwaltung für den firmeneigenen Parkplatz mit Schrankenanlage, einschließlich der Hinterlegung von Fahrzeugkennzeichen zur Zuordnung von Berechtigungen

**Rechtsgrundlage der Verarbeitung:**
Die Verarbeitung erfolgt auf Grundlage von **Artikel 6 Absatz 1 Buchstabe b DSGVO** (Erfüllung eines Vertrags oder vorvertraglicher Maßnahmen).

---

## 3. Kategorien personenbezogener Daten und Datenquellen

### Verarbeitete Datenkategorien

#### Personenbezogene Daten
- Nachname
- Vorname
- Geburtsdatum
- Anschrift
- Telefonnummer
- E-Mail-Adresse
- Familienstand
- Religionszugehörigkeit

#### Beschäftigungsdaten
- Arbeitszeiten
- Berufliche Position
- Personalnummer
- Unternehmenszugehörigkeit
- Urlaubsanspruch
- Urlaubstage
- Urlaubszeiten

#### Finanzdaten
- Gehalt/Lohn
- Bankverbindung
- Steueridentifikationsnummer
- Steuerklasse
- Monatliche Gehälter
- Monatliche Löhne

#### Gesundheitsdaten
- Krankenversicherungsnummer
- Sozialversicherungsnummer
- Krankheitstage

#### Fahrzeugdaten
- Fahrzeugkennzeichen

#### Sonstige Daten
- Qualifikationen
- Fähigkeiten

### Datenquellen
Die personenbezogenen Daten werden aus folgenden Quellen erhoben:
- Microsoft Office 365
- Interne Server

---

## 4. Betroffene Personen und Empfänger der Daten

### Betroffene Personen
Die Verarbeitung betrifft ausschließlich unsere **Mitarbeitenden**.

### Empfänger der Daten
Innerhalb unserer Organisation haben ausschließlich berechtigte Personen Zugriff auf die personenbezogenen Daten. Eine Weitergabe an externe Empfänger erfolgt nicht, sofern keine gesetzliche Verpflichtung besteht.

---

## 5. Löschfristen und Speicherdauer

Wir speichern personenbezogene Daten nur so lange, wie dies für die Erfüllung der genannten Zwecke oder aufgrund gesetzlicher Aufbewahrungspflichten erforderlich ist. Die Löschfristen gestalten sich wie folgt:

- **Fahrzeugkennzeichen:**
  Unverzüglich nach Beendigung des Arbeitsverhältnisses

- **Arbeitszeitdokumentation:**
  2 Jahre nach Beendigung des Arbeitsverhältnisses

- **Personalakten:**
  3 Jahre nach Beendigung des Arbeitsverhältnisses

- **Steuerrelevante Daten (Gehaltsdaten, Sozialversicherungsnummern):**
  10 Jahre nach Beendigung des Arbeitsverhältnisses

Sofern gesetzliche Aufbewahrungspflichten über diese Fristen hinaus bestehen, behalten wir die Daten entsprechend länger ein.

---

## 6. Technische und organisatorische Maßnahmen (TOM)

Zum Schutz der verarbeiteten personenbezogenen Daten setzen wir folgende technische und organisatorische Maßnahmen um:

### Zugriffskontrollen
- Rollenbasierter Zugriff auf Daten (z. B. HR-Zugriff auf Gehaltsdaten, berechtigte Personen auf Parkplatzverwaltung)
- Zwei-Faktor-Authentifizierung (2FA) für alle Systeme mit sensiblen Daten
- Regelmäßige Überprüfung und Anpassung von Zugriffsrechten

### Verschlüsselung
- Verschlüsselung aller personenbezogenen Daten in Ruhe (z. B. Server, Datenbanken) und bei der Übertragung (TLS, VPN)
- Zusätzliche starke Verschlüsselung (AES-256) für besonders sensible Daten (z. B. Sozialversicherungsnummern, Gehaltsdaten)

### Physische Sicherheit
- Zugangskontrollen für Büros und Serverräume (Schlüsselkarten, Alarmanlagen)
- Sichere Aufbewahrung physischer Dokumente (abschließbare Schränke)
- Überwachung der Parkplatz-Schrankenanlage (Protokollierung, Wartung)

### Datenintegrität und Verfügbarkeit
- Regelmäßige Backups mit getesteter Wiederherstellungsfunktion
- Redundante Speicherung (z. B. Cloud-Backups mit geografischer Trennung)
- Automatische Protokollierung von Änderungen an kritischen Daten

### Schulungen und Sensibilisierung
- Jährliche Datenschutz-Schulungen für alle Mitarbeitenden (Fokus: Phishing, sichere Passwörter, Umgang mit sensiblen Daten)
- Spezielle Schulungen für HR und Führungskräfte (Zugriffsrechte, Meldepflichten)

### Dokumentation und Compliance
- Klare Verfahrensanweisungen für den Umgang mit Daten (z. B. Anfragen von Mitarbeitenden, Löschung)
- Regelmäßige Risikoanalysen und Anpassung der Maßnahmen
- Protokollierung von Datenpannen und Meldung an die Aufsichtsbehörde innerhalb von 72 Stunden

### Besondere Maßnahmen für die Parkplatzverwaltung
- Fahrzeugkennzeichen werden ausschließlich für den Zweck der Parkplatzverwaltung gespeichert und nach Beendigung des Arbeitsverhältnisses gelöscht
- Zugriff auf die Schrankenanlage nur für berechtigte Personen (Facility Management, IT)

---
User ID: NAN277
Mode: chat
Time elapsed: 657 seconds
Date: 2026-02-02T09:09:13.253Z
```"
"38","NAN277","ask","```markdown
# Mitarbeiterverwaltung
**Verzeichnis von Verarbeitungstätigkeiten gemäß Artikel 30 DSGVO**

---

## 1. Verantwortliche Stelle und Kontaktdaten

Wir, die **APOR GmbH**, fungieren als Verantwortliche im Sinne der Datenschutz-Grundverordnung (DSGVO) für die Verarbeitung personenbezogener Daten unserer Mitarbeitenden. Nachfolgend sind unsere Kontaktdaten sowie die des Datenschutzbeauftragten aufgeführt:

- **Name der verantwortlichen Stelle:** APOR GmbH
- **Anschrift:** Mainstraße 67, 89073 Ulm
- **E-Mail:** mail@apor.eu
- **Telefon:** +49 156 96550
- **Vertreter der verantwortlichen Stelle:** A. I. (ai@apor.eu)
- **Datenschutzbeauftragter:** A. I. (ai@apor.eu)

---

## 2. Zwecke und Rechtsgrundlagen der Verarbeitung

Wir verarbeiten personenbezogene Daten unserer Mitarbeitenden, um die gesamte Personalverwaltung vom Eintritt bis zum Austritt rechtssicher und effizient zu gestalten. Die Verarbeitung erfolgt zu folgenden Zwecken:

- Anlage und Verwaltung neuer Mitarbeitender
- Dokumentation von Arbeitszeiten
- Verwaltung von Urlaubs- und Abwesenheitszeiten
- Parkplatzverwaltung für den firmeneigenen Parkplatz mit Schrankenanlage, einschließlich der Hinterlegung von Fahrzeugkennzeichen zur Zuordnung von Berechtigungen

**Rechtsgrundlage für die Verarbeitung:**
Die Verarbeitung erfolgt auf Grundlage der **Vertragserfüllung** gemäß den arbeitsvertraglichen Pflichten und betrieblichen Erfordernissen.

---

## 3. Kategorien personenbezogener Daten und Datenquellen

### 3.1 Kategorien personenbezogener Daten
Wir verarbeiten folgende Kategorien personenbezogener Daten unserer Mitarbeitenden:

- **Persönliche Daten:**
  - Name
  - Adresse
  - Kontaktdaten (Telefonnummer, E-Mail-Adresse)

- **Beschäftigungsdaten:**
  - Arbeitszeiten
  - Urlaubstage
  - Position im Unternehmen

- **Finanzielle Daten:**
  - Gehaltsabrechnungen
  - Bankverbindungen

- **Gesundheitsdaten (besonders schützenswert):**
  - Krankenversicherungsnummer
  - Krankheitstage

- **Rechtliche Daten:**
  - Arbeitsverträge
  - Ausweiskopien

- **Fahrzeugdaten:**
  - Fahrzeugkennzeichen (für die Parkplatzverwaltung)

### 3.2 Datenquellen
Die personenbezogenen Daten stammen aus folgenden Quellen:
- Microsoft Office 365
- Interne Server

---

## 4. Betroffene Personen und Empfänger der Daten

### 4.1 Betroffene Personen
Die Verarbeitung betrifft ausschließlich unsere **Mitarbeitenden**.

### 4.2 Empfänger der Daten
Innerhalb unserer Organisation haben ausschließlich berechtigte Personen Zugriff auf die personenbezogenen Daten. Eine Weitergabe an externe Empfänger erfolgt nicht, sofern keine gesetzliche Verpflichtung besteht.

---

## 5. Speicherfristen und Löschung

Wir halten uns an folgende Speicherfristen für personenbezogene Daten unserer Mitarbeitenden:

- **Personaldaten (Name, Adresse, Kontaktdaten):**
  Löschung 3 Jahre nach Austritt – außer bei gesetzlichen Pflichten (z. B. Steuerrecht).

- **Arbeitsverträge & Gehaltsabrechnungen:**
  10 Jahre (gemäß § 147 AO für steuerrelevante Unterlagen).

- **Arbeitszeiten & Urlaubsdokumentation:**
  2 Jahre nach Austritt (zur Nachweispflicht bei Streitigkeiten).

- **Fahrzeugkennzeichen (Parkplatzverwaltung):**
  Löschung sofort nach Austritt – es sei denn, es gibt eine betriebliche Notwendigkeit (z. B. laufende Abrechnung).

- **Gesundheitsdaten (Krankenversicherungsnummer, Krankheitstage):**
  Löschung 3 Jahre nach Austritt – aber nur, wenn keine längere Aufbewahrungspflicht besteht (z. B. für Sozialversicherung).

---

## 6. Technische und organisatorische Maßnahmen (TOM)

Um die Sicherheit und den Schutz personenbezogener Daten zu gewährleisten, haben wir folgende technische und organisatorische Maßnahmen implementiert:

### 6.1 Technische Maßnahmen
- **Verschlüsselung:**
  E-Mails mit sensiblen Daten (z. B. Gehaltsabrechnungen) werden verschlüsselt versendet (z. B. mittels Microsoft 365 Message Encryption oder PGP).
- **Zugriffskontrollen:**
  Nur berechtigte Personen (z. B. HR, Buchhaltung) haben Zugriff auf Personaldaten. Wir nutzen rollenbasierte Zugriffsrechte in unserer HR-Software oder Active Directory.
- **Sichere Speicherung:**
  Datenbanken mit Mitarbeiterdaten sind verschlüsselt (z. B. BitLocker für lokale Server oder Azure Disk Encryption in der Cloud).

### 6.2 Organisatorische Maßnahmen
- **Schulungen:**
  Regelmäßige DSGVO-Schulungen für Mitarbeitende, insbesondere für HR und IT (z. B. zu Phishing-Risiken oder sicheren Passwörtern).
- **Datenlöschung:**
  Klare Regeln zur Löschung von Daten (z. B. nach Austritt eines Mitarbeitenden, unter Beachtung gesetzlicher Aufbewahrungsfristen).
- **Parkplatzverwaltung:**
  Fahrzeugkennzeichen werden nur für die Schrankenanlage gespeichert und nach Austritt gelöscht.

---
**Stand:** [Datum der Erstellung]
**Verantwortlich:** Datenschutzbeauftragter der APOR GmbH

---
User ID: NAN277
Mode: ask
Time elapsed: 346 seconds
Date: 2026-02-02T09:17:57.825Z
```"
"39","EII0925","ask","```markdown
# Mitarbeiterverwaltung und Parkplatzberechtigung
**Verzeichnis von Verarbeitungstätigkeiten gemäß Art. 30 DSGVO**

---

## 1. Verantwortliche Stelle und Kontaktdaten

Wir, die **APOR GmbH**, fungieren als datenschutzrechtlich Verantwortliche im Sinne der DSGVO für die im Folgenden beschriebenen Verarbeitungstätigkeiten.

- **Name der verantwortlichen Stelle:** APOR GmbH
- **Anschrift:** Mainstraße 67, 89073 Ulm
- **E-Mail-Adresse:** mail@apor.eu
- **Telefonnummer:** 012345678
- **Vertreter der verantwortlichen Stelle:** A. I. (E-Mail: ai@apor.eu)
- **Datenschutzbeauftragter:** A. I.

---

## 2. Zwecke und Rechtsgrundlagen der Verarbeitung

### 2.1 Zwecke der Verarbeitung
Wir verarbeiten personenbezogene Daten zu folgenden Zwecken:
- Verwaltung von Mitarbeiterdaten zur Erfüllung arbeitsvertraglicher Pflichten, einschließlich Gehaltsabrechnung und Urlaubsplanung.
- Zuweisung und Verwaltung von Parkplatzberechtigungen zur Sicherstellung der betrieblichen Infrastruktur.

### 2.2 Rechtsgrundlagen der Verarbeitung
Die Verarbeitung personenbezogener Daten erfolgt auf Grundlage der folgenden Rechtsgrundlagen:
- **Vertragserfüllung (Art. 6 Abs. 1 lit. b DSGVO):** Wenn die Daten erforderlich sind, um Arbeitsverträge zu erfüllen (z. B. Gehaltsabrechnung, Urlaubsplanung).
- **Rechtliche Verpflichtung (Art. 6 Abs. 1 lit. c DSGVO):** Wenn wir gesetzlich verpflichtet sind, bestimmte Daten zu speichern (z. B. nach HGB oder AO).
- **Berechtigtes Interesse (Art. 6 Abs. 1 lit. f DSGVO):** Wenn die Verarbeitung für betriebliche Zwecke notwendig ist (z. B. Parkplatzverwaltung).
- **§ 26 BDSG:** Speziell für die Verarbeitung von Beschäftigtendaten in Deutschland.

---

## 3. Kategorien personenbezogener Daten und Datenquellen

### 3.1 Kategorien personenbezogener Daten
Wir verarbeiten folgende Kategorien personenbezogener Daten:
- **Fahrzeugdaten:**
  - Fahrzeugkennzeichen (zur Zuordnung von Parkplatzberechtigungen).

### 3.2 Datenquellen
Die personenbezogenen Daten stammen aus folgenden Quellen:
- Intern gehostetes Microsoft Office sowie interne Server (keine externe Cloud).

---

## 4. Betroffene Personen und Empfänger

### 4.1 Kategorien betroffener Personen
Die Verarbeitung betrifft folgende Personengruppen:
- Mitarbeiter / Kollegen.

### 4.2 Empfänger der personenbezogenen Daten
Die personenbezogenen Daten werden an folgende Empfänger übermittelt:
- **Interne Empfänger:**
  - Keine spezifischen internen Empfängerkategorien angegeben.
- **Externe Empfänger:**
  - Keine externen Empfänger angegeben.

---

## 5. Löschfristen und Aufbewahrungsdauern

Wir löschen personenbezogene Daten gemäß folgender Regelungen:
- Alle in diesem Zusammenhang gespeicherten Informationen werden spätestens **3 Monate nach Austritt der jeweiligen Person** gelöscht.

---

## 6. Technische und organisatorische Maßnahmen (TOM)

Wir haben folgende technische und organisatorische Maßnahmen implementiert, um die Sicherheit der Verarbeitung gemäß Art. 32 DSGVO zu gewährleisten:

- **Zugriffsbeschränkung nach dem Need-to-know-Prinzip:** Nur berechtigte Mitarbeitende erhalten Zugang zu den relevanten Daten.
- **Passwortschutz:** Alle Systeme sind durch Passwörter geschützt; wo möglich, wird eine Multi-Faktor-Authentifizierung (MFA) eingesetzt.
- **Regelmäßige Backups:** Daten werden in regelmäßigen Abständen gesichert, um Datenverlust zu vermeiden.
- **Zutrittskontrolle:** Der Zugang zu Serverräumen und Archiven ist physisch beschränkt und überwacht.
- **Vertraulichkeitsverpflichtung:** Berechtigte Mitarbeitende sind zur Vertraulichkeit verpflichtet.

Zusätzlich wird zur Verwaltung der Parkplatzberechtigungen ein geeignetes Merkmal (z. B. Fahrzeugkennzeichen) hinterlegt, um die Zuordnung der Berechtigungen sicherzustellen.

---
**Stand:** [Datum der Erstellung/letzten Aktualisierung]
**Verantwortlich:** Datenschutzbeauftragter der APOR GmbH

---
User ID: EII0925
Mode: ask
Time elapsed: 1045 seconds
Date: 2026-02-02T10:53:35.408Z
```"
"40","AHR0531","chat","```markdown
# Mitarbeiterverwaltung & Parkplatzberechtigung
**Verzeichnis von Verarbeitungstätigkeiten (VVT) gemäß Artikel 30 DSGVO**

---

## 1. Verantwortliche Stelle und Kontaktdaten

Als verantwortliche Stelle im Sinne der Datenschutz-Grundverordnung (DSGVO) verarbeiten wir personenbezogene Daten im Rahmen unserer betrieblichen Tätigkeiten. Die folgenden Angaben dienen der Identifikation und Kontaktaufnahme:

- **Name der verantwortlichen Stelle:** APOR GmbH
- **Rolle:** Verantwortlicher (Data Controller) sowie Benennung des Datenschutzbeauftragten
- **Anschrift:** Mainstraße 67, 89073 Ulm
- **E-Mail-Adresse:** mail@apor.eu
- **Telefonnummer:** 012345678
- **Vertreter der verantwortlichen Stelle:** A.I. (ai@apor.eu)
- **Datenschutzbeauftragter (DSB):** A.I.

---

## 2. Zwecke und Rechtsgrundlagen der Verarbeitung

### 2.1 Zwecke der Verarbeitung
Wir verarbeiten personenbezogene Daten zu folgenden Zwecken:

- Effiziente Verwaltung von Mitarbeiterdaten, einschließlich Stammdaten, Arbeitszeiten und Vertragsinformationen.
- Organisation und Zuweisung von Parkplätzen für Mitarbeiter zur Sicherstellung einer geregelten Nutzung der betrieblichen Parkflächen.
- Verwaltung von Berechtigungen sowie Einhaltung interner Richtlinien und arbeitsrechtlicher Vorgaben.

### 2.2 Rechtsgrundlagen der Verarbeitung
Die Verarbeitung personenbezogener Daten erfolgt auf Grundlage der folgenden Rechtsnormen:

- **Art. 6 Abs. 1 lit. b DSGVO:** Die Verarbeitung ist für die Erfüllung eines Vertrags, dessen Vertragspartei die betroffene Person ist, oder zur Durchführung vorvertraglicher Maßnahmen erforderlich.
- **§ 26 BDSG (Bundesdatenschutzgesetz):** Verarbeitung personenbezogener Daten von Beschäftigten für Zwecke des Beschäftigungsverhältnisses.
- **§ 257 HGB (Handelsgesetzbuch):** Aufbewahrung von Handelsbüchern, Inventaren, Eröffnungsbilanzen, Jahresabschlüssen und Lageberichten.
- **§ 147 AO (Abgabenordnung):** Aufbewahrung von Unterlagen, die für die Besteuerung von Bedeutung sind.

---

## 3. Kategorien personenbezogener Daten und Datenquellen

### 3.1 Kategorien personenbezogener Daten
Im Rahmen der Mitarbeiterverwaltung und Parkplatzberechtigung verarbeiten wir derzeit **keine** der folgenden Kategorien personenbezogener Daten:

*(Anmerkung: Gemäß den bereitgestellten Angaben wurden alle Datenkategorien als „false“ markiert. Sollten zukünftig Daten verarbeitet werden, sind diese entsprechend zu ergänzen.)*

### 3.2 Datenquellen
Die für die Verarbeitung relevanten Daten stammen aus folgenden Quellen:

- **Microsoft Office 365**
- **Interne Server**

---

## 4. Betroffene Personen und Empfänger der Daten

### 4.1 Kategorien betroffener Personen
Derzeit liegen keine spezifischen Kategorien betroffener Personen vor.

### 4.2 Empfänger der Daten
#### 4.2.1 Interne Empfänger
Derzeit liegen keine spezifischen internen Empfängerkategorien vor.

#### 4.2.2 Externe Empfänger (innerhalb der EU)
Derzeit liegen keine spezifischen externen Empfängerkategorien vor.

#### 4.2.3 Berechtigte Personen
Derzeit liegen keine spezifischen Rollen oder Funktionen vor, die Zugriff auf die verarbeiteten Daten haben.

---

## 5. Speicherfristen und Löschung

### 5.1 Speicherfristen
Die personenbezogenen Daten werden **drei Monate nach Austritt des Mitarbeiters** gelöscht, sofern keine gesetzlichen Aufbewahrungspflichten entgegenstehen.

### 5.2 Ausnahmen von der Löschung
Für Daten, die gesetzlichen Aufbewahrungspflichten unterliegen (z. B. gemäß HGB oder AO), gelten verlängerte Speicherfristen. Diese Daten werden erst nach Ablauf der gesetzlichen Fristen gelöscht.

---

## 6. Technische und organisatorische Maßnahmen (TOM)

Zur Gewährleistung der Sicherheit und des Schutzes personenbezogener Daten haben wir folgende technische und organisatorische Maßnahmen implementiert:

### 6.1 Zugriffskontrolle und Berechtigungen
- **Rollenbasierter Zugriff:** Zugriff auf personenbezogene Daten erfolgt nach dem Need-to-Know-Prinzip.
- **Mehrstufige Authentifizierung (MFA):** Alle Systeme, einschließlich des intern gehosteten Microsoft Office, sind durch MFA geschützt.
- **Regelmäßige Überprüfung:** Quartalsweise Überprüfung der Berechtigungen.
- **Protokollierung:** Alle Zugriffe auf sensible Daten (z. B. Parkplatzzuweisungen, Gehaltsdaten) werden protokolliert.

### 6.2 Datensicherheit und Verschlüsselung
- **Verschlüsselung gespeicherter Daten:** AES-256-Verschlüsselung für alle gespeicherten Daten, einschließlich Office-Dateien.
- **Verschlüsselung bei der Übertragung:** Nutzung von TLS 1.2/1.3 für Datenübertragungen.
- **Verschlüsselung spezifischer Daten:** Fahrzeugkennzeichen und Parkplatzdaten werden verschlüsselt gespeichert.
- **Mobile Geräte:** Festplattenverschlüsselung und Remote-Wipe-Funktion für mobile Geräte.

### 6.3 Physische Sicherheit
- **Zutrittskontrolle:** Büros und Serverräume sind durch Schlüsselkarten und Codes geschützt.
- **Sichere Entsorgung:** Dokumente werden durch Schreddern oder in Datenschutz-Containern entsorgt.

### 6.4 Verfügbarkeit und Backups
- **Automatische Backups:** Tägliche automatische Backups mit georedundanter Speicherung, einschließlich Office-Daten.
- **Notfallplan:** Datenwiederherstellung innerhalb von vier Stunden.
- **Testwiederherstellungen:** Monatliche Testwiederherstellungen zur Sicherstellung der Datenintegrität.

### 6.5 Schulungen und Sensibilisierung
- **Jährliche Schulungen:** Alle Mitarbeiter erhalten jährliche Datenschutzschulungen.
- **Vertraulichkeitsvereinbarungen:** Berechtigte Personen unterzeichnen Vertraulichkeitsvereinbarungen.

### 6.6 Technische Schutzmaßnahmen
- **Firewalls und Antivirensoftware:** Aktuelle Firewalls und Echtzeit-Antivirensoftware sind implementiert.
- **Patch-Management:** Automatisches Patch-Management, einschließlich monatlicher Updates für das intern gehostete Microsoft Office.
- **Netzwerksegmentierung:** HR-Systeme und Parkplatzverwaltung sind netzwerktechnisch segmentiert.

### 6.7 Dokumentation und Compliance
- **Schriftliche Dokumentation:** Alle technischen und organisatorischen Maßnahmen sind schriftlich dokumentiert.
- **Datenschutzaudits:** Jährliche interne und externe Datenschutzaudits zur Überprüfung der Compliance.

---
**Ende des Verzeichnisses von Verarbeitungstätigkeiten**

---
User ID: AHR0531
Mode: chat
Time elapsed: 1052 seconds
Date: 2026-02-02T10:53:45.696Z
```"
"41","AHR0531","form","```markdown
# Mitarbeiterverwaltung & Parkplatzberechtigung
**Records of Processing Activities (Verzeichnis von Verarbeitungstätigkeiten) gemäß Artikel 30 DSGVO**

---

## 1. Verantwortliche Stelle und Kontaktdaten

Als verantwortliche Stelle im Sinne der Datenschutz-Grundverordnung (DSGVO) und des Bundesdatenschutzgesetzes (BDSG) verarbeiten wir personenbezogene Daten im Rahmen unserer betrieblichen Tätigkeiten. Die folgenden Angaben dienen der Identifikation und Kontaktaufnahme:

- **Name der verantwortlichen Stelle:** APOR GmbH
- **Rolle:** Verantwortlicher (Data Controller) sowie Datenschutzbeauftragter (DSB)
- **Anschrift:** Mainstraße 67, 89073 Ulm
- **E-Mail-Adresse:** mail@apor.eu
- **Telefonnummer:** 012345678
- **Vertreter der verantwortlichen Stelle:** A.I. (E-Mail: ai@apor.eu)
- **Datenschutzbeauftragter (DSB):** A.I.

---

## 2. Zwecke und Rechtsgrundlagen der Verarbeitung

### 2.1 Zwecke der Verarbeitung
Wir verarbeiten personenbezogene Daten zu folgenden Zwecken:

- Verwaltung von Mitarbeitern der APOR GmbH, einschließlich der Erfassung, Speicherung und Nutzung relevanter Daten zur Sicherstellung einer ordnungsgemäßen betrieblichen Infrastruktur.
- Organisation und Zuweisung von Parkplatzberechtigungen für Mitarbeiter, um die betriebliche Sicherheit und Effizienz zu gewährleisten.
- Einhaltung arbeitsrechtlicher Pflichten gemäß § 26 BDSG sowie interner Richtlinien und Prozesse.
- Gewährleistung der betrieblichen Sicherheit durch die Verwaltung von Fahrzeugdaten (z. B. Kennzeichen) und Zugriffsberechtigungen.

Die Datenverarbeitung erfolgt ausschließlich zu internen Zwecken und im Rahmen des Beschäftigungsverhältnisses.

### 2.2 Rechtsgrundlagen der Verarbeitung
Die Verarbeitung personenbezogener Daten erfolgt auf Grundlage der folgenden Rechtsnormen:

- **Art. 6 Abs. 1 lit. b DSGVO:** Verarbeitung zur Erfüllung eines Vertrags oder zur Durchführung vorvertraglicher Maßnahmen (hier: Beschäftigungsverhältnis).
- **§ 26 BDSG:** Datenverarbeitung für Zwecke des Beschäftigungsverhältnisses, insbesondere zur Verwaltung von Mitarbeitern und Parkplatzberechtigungen.

---

## 3. Kategorien personenbezogener Daten und Datenquellen

### 3.1 Kategorien personenbezogener Daten
Wir verarbeiten die folgenden Kategorien personenbezogener Daten:

**Personenbezogene Grunddaten:**
- Nachname
- Vorname
- Anschrift
- E-Mail-Adresse

**Beschäftigungsdaten:**
- Berufliche Position
- Personalnummer
- Unternehmenszugehörigkeit
- Vertragsdaten

**Fahrzeugdaten:**
- Fahrzeugkennzeichen

### 3.2 Datenquellen
Die personenbezogenen Daten stammen aus folgenden Quellen:

- Microsoft Office 365
- E-Mail-Provider
- Web- und Intranet-Systeme

---

## 4. Betroffene Personen und Empfänger der Daten

### 4.1 Kategorien betroffener Personen
Die Verarbeitung betrifft folgende Kategorien betroffener Personen:

- Interne Gruppen (Mitarbeiter der APOR GmbH)

### 4.2 Empfängerkategorien
Die personenbezogenen Daten werden an folgende interne und externe Empfänger übermittelt:

**Interne Empfänger:**
- Geschäftsführung
- Verwaltung
- Technische Abteilungen
- Rechts- und Compliance-Abteilung
- Logistik und Betrieb

**Externe Empfänger (innerhalb der EU):**
- Software- und Cloud-Anbieter

### 4.3 Berechtigte Personen
Der Zugriff auf die personenbezogenen Daten ist folgenden Rollen vorbehalten:

- Führungskräfte
- Administrative Rollen
- Technische Rollen
- Rechts- und Compliance-Rollen
- Personal- und Rekrutierungsrollen

---

## 5. Löschfristen und Datenaufbewahrung

Wir löschen personenbezogene Daten gemäß den folgenden Regelungen:

- Die Daten werden **3 Monate nach Austritt der jeweiligen Person** gelöscht, sofern keine gesetzlichen Aufbewahrungspflichten entgegenstehen.

---

## 6. Technische und organisatorische Maßnahmen (TOM)

Um die Sicherheit und den Schutz personenbezogener Daten zu gewährleisten, haben wir folgende technische und organisatorische Maßnahmen implementiert:

- **Zugriffsbeschränkung nach dem Need-to-know-Prinzip:** Nur berechtigte Mitarbeiter erhalten Zugang zu personenbezogenen Daten.
- **Passwortschutz und Multi-Faktor-Authentifizierung (MFA):** Sichere Authentifizierung für den Zugriff auf Systeme und Daten.
- **Regelmäßige Backups:** Sicherung der Daten zur Wiederherstellung im Falle eines Datenverlusts.
- **Zutrittskontrolle:** Physische Sicherung von Serverräumen und Archiven.
- **Vertraulichkeitsverpflichtung:** Alle berechtigten Mitarbeiter sind zur Vertraulichkeit verpflichtet.

---
**Ende des Verzeichnisses von Verarbeitungstätigkeiten**

---
User ID: AHR0531
Mode: form
Time elapsed: 251 seconds
Date: 2026-02-02T11:00:15.885Z
```"
"42","EII0925","chat","```markdown
# Verzeichnis von Verarbeitungstätigkeiten (VVT)
**Mitarbeiterverwaltung (Arbeitszeit/Urlaub) & Parkplatzberechtigung**

---

## 1. Verantwortliche Stelle und Kontaktdaten

Als verantwortliche Stelle im Sinne der Datenschutz-Grundverordnung (DSGVO) erheben, verarbeiten und speichern wir personenbezogene Daten im Rahmen unserer betrieblichen Tätigkeiten. Die folgenden Angaben dienen der Identifikation und Kontaktaufnahme:

- **Name der verantwortlichen Stelle:** APOR GmbH
- **Rolle:** Verantwortlicher (Data Controller) sowie Datenschutzbeauftragter (DSB)
- **Anschrift:** Mainstraße 67, 89073 Ulm
- **E-Mail-Adresse:** mail@apor.eu
- **Telefonnummer:** 012345678
- **Vertreter der verantwortlichen Stelle:** A. I., ai@apor.eu
- **Datenschutzbeauftragter (DSB):** A. I., ai@apor.eu

---

## 2. Zwecke und Rechtsgrundlagen der Verarbeitung

### 2.1 Verarbeitungszwecke
Wir verarbeiten personenbezogene Daten unserer Mitarbeitenden zu folgenden Zwecken:

- Erfüllung arbeitsvertraglicher Pflichten, einschließlich:
  - Gehaltsabrechnung
  - Arbeitszeit- und Urlaubsplanung
  - Verwaltung von Arbeitszeiten und Urlaubsansprüchen
- Zuweisung und Verwaltung von Parkplatzberechtigungen zur Sicherstellung der betrieblichen Infrastruktur und geordneten Nutzung der betriebseigenen Parkflächen.

### 2.2 Rechtsgrundlagen der Verarbeitung
Die Verarbeitung personenbezogener Daten erfolgt auf Grundlage der folgenden Rechtsnormen:

- **Art. 6 Abs. 1 lit. b DSGVO:** Verarbeitung zur Erfüllung eines Vertrags (Arbeitsvertrag) oder zur Durchführung vorvertraglicher Maßnahmen.
- **Art. 6 Abs. 1 lit. c DSGVO:** Verarbeitung zur Erfüllung einer rechtlichen Verpflichtung (z. B. steuer- und sozialversicherungsrechtliche Pflichten).
- **Art. 6 Abs. 1 lit. f DSGVO:** Verarbeitung zur Wahrung berechtigter Interessen (z. B. Verwaltung von Parkplatzberechtigungen zur Sicherstellung der betrieblichen Infrastruktur).
- **§ 26 BDSG:** Verarbeitung von Beschäftigtendaten für Zwecke des Beschäftigungsverhältnisses.

---

## 3. Kategorien personenbezogener Daten und Datenquellen

### 3.1 Kategorien personenbezogener Daten
Im Rahmen der genannten Verarbeitungszwecke erheben und verarbeiten wir folgende Kategorien personenbezogener Daten:

- **Keine spezifischen personenbezogenen Datenkategorien angegeben.**

### 3.2 Datenquellen
Die personenbezogenen Daten stammen aus folgenden Quellen:

- Microsoft Office 365
- Interne Server

---

## 4. Betroffene Personen und Empfänger der Daten

### 4.1 Kategorien betroffener Personen
Die Verarbeitung betrifft folgende Personengruppen:

- **Keine spezifischen Kategorien betroffener Personen angegeben.**

### 4.2 Empfängerkategorien
Die personenbezogenen Daten werden an folgende Empfängerkategorien übermittelt:

- **Interne Empfänger:**
  - Keine spezifischen internen Empfängerkategorien angegeben.

- **Externe Empfänger (innerhalb der EU):**
  - Keine spezifischen externen Empfängerkategorien angegeben.

---

## 5. Löschfristen und Aufbewahrungsdauern

Wir löschen personenbezogene Daten unserer Mitarbeitenden gemäß den folgenden Regelungen:

- **Löschfrist nach Beendigung des Beschäftigungsverhältnisses:**
  - Die Daten werden **3 Monate nach Austritt des Mitarbeiters** gelöscht, sofern keine gesetzlichen Aufbewahrungspflichten entgegenstehen.
- **Ausnahmen von der Löschfrist:**
  - Daten, für die gesetzliche Aufbewahrungspflichten bestehen, werden über die genannte Frist hinaus aufbewahrt.

---

## 6. Technische und organisatorische Maßnahmen (TOM)

Zur Gewährleistung eines angemessenen Schutzniveaus für die verarbeiteten personenbezogenen Daten haben wir folgende technische und organisatorische Maßnahmen implementiert:

- **Zugriffsbeschränkung nach dem Need-to-know-Prinzip:**
  - Nur berechtigte Mitarbeitende erhalten Zugang zu den relevanten Daten.
- **Passwortschutz und Multi-Faktor-Authentifizierung (MFA):**
  - Alle Systeme sind durch Passwörter geschützt; wo möglich, wird MFA eingesetzt.
- **Regelmäßige Backups:**
  - Zur Vermeidung von Datenverlust werden regelmäßige Sicherungen durchgeführt.
- **Physische Zutrittskontrolle:**
  - Serverräume und Archive sind durch physische Zutrittskontrollen gesichert.
- **Vertraulichkeitsverpflichtung:**
  - Berechtigte Mitarbeitende sind zur Vertraulichkeit verpflichtet.
- **Sichere Verwaltung von Parkplatzberechtigungen:**
  - Parkplatzberechtigungen werden z. B. durch Fahrzeugkennzeichen als Zuordnungsmerkmal verwaltet.
- **Verschlüsselung:**
  - Daten werden bei Speicherung und Übertragung verschlüsselt.
- **Regelmäßige Schulungen:**
  - Mitarbeitende erhalten regelmäßige Schulungen zum Datenschutz.
- **Protokollierung von Zugriffen:**
  - Zugriffe auf personenbezogene Daten werden protokolliert.
- **Notfallplan für Datenvorfälle:**
  - Ein Notfallplan für den Umgang mit Datenvorfällen ist implementiert.

---
User ID: EII0925
Mode: chat
Time elapsed: 393 seconds
Date: 2026-02-02T11:03:28.147Z
```"
"43","AHR0531","ask","```markdown
# Mitarbeiterverwaltung & Parkplatzberechtigung
**Verzeichnis von Verarbeitungstätigkeiten (VVT) gemäß Art. 30 DSGVO**

---

## 1. Verantwortliche Stelle und Kontaktdaten

Wir, die **APOR GmbH**, fungieren als datenschutzrechtlich Verantwortliche im Sinne der DSGVO für die im Folgenden beschriebenen Verarbeitungstätigkeiten.

- **Name der verantwortlichen Stelle:** APOR GmbH
- **Anschrift:** Mainstraße 67, 89073 Ulm
- **Kontakt:**
  - E-Mail: mail@apor.eu
  - Telefon: 012345678
- **Vertreter der verantwortlichen Stelle:** A. I. (ai@apor.eu)
- **Datenschutzbeauftragter:** A. I.

---

## 2. Zwecke und Rechtsgrundlagen der Verarbeitung

Wir verarbeiten personenbezogene Daten zu folgenden Zwecken:

- Verwaltung von Mitarbeiterdaten zur Lohnabrechnung und Personalplanung
- Zuweisung und Verwaltung von Parkplätzen für Mitarbeiter gemäß betrieblicher Richtlinien
- Erfüllung gesetzlicher Pflichten (z. B. Sozialversicherung, Arbeitsrecht)

Die Verarbeitung erfolgt auf Grundlage der folgenden Rechtsgrundlagen:

- **Vertragserfüllung (Art. 6 Abs. 1 lit. b DSGVO):**
  Verarbeitung zur Erfüllung von Arbeitsverträgen, z. B. für Lohnabrechnung oder Personalverwaltung.
- **Gesetzliche Pflicht (Art. 6 Abs. 1 lit. c DSGVO):**
  Verarbeitung zur Erfüllung gesetzlicher Anforderungen, z. B. im Rahmen der Sozialversicherung oder des Arbeitsrechts.
- **Berechtigtes Interesse (Art. 6 Abs. 1 lit. f DSGVO):**
  Verarbeitung zur Verwaltung von Parkplätzen gemäß betrieblichen Richtlinien.
- **§ 26 BDSG:**
  Spezifische Regelung für die Verarbeitung von Beschäftigtendaten in Deutschland.

---

## 3. Kategorien personenbezogener Daten und Datenquellen

### Verarbeitete Datenkategorien
Wir verarbeiten folgende personenbezogene Daten:

- **Persönliche Identifikationsdaten:**
  - Name
  - Adresse
  - Kontaktdaten (z. B. Telefonnummer, E-Mail-Adresse)
- **Beschäftigtendaten:**
  - Arbeitsvertrag
  - Gehaltsdaten
  - Sozialversicherungsnummer
- **Fahrzeugdaten:**
  - Kennzeichen (falls für die Parkplatzverwaltung relevant)

### Datenquellen
Die Daten stammen aus folgenden Quellen:

- Intern gehostetem Microsoft Office sowie internen Servern (keine externe Cloud).

---

## 4. Betroffene Personen und Empfänger der Daten

### Betroffene Personen
Die Verarbeitung betrifft folgende Personengruppen:

- Mitarbeiter

### Empfänger der Daten
Die Daten werden ausschließlich an folgende interne Empfänger übermittelt:

- Keine spezifischen Empfängerkategorien benannt.

Daten werden nicht an externe Empfänger außerhalb der EU übermittelt.

---

## 5. Löschfristen und Speicherdauer

Wir löschen personenbezogene Daten spätestens **3 Monate nach Austritt der jeweiligen Person**, sofern keine gesetzlichen Aufbewahrungspflichten entgegenstehen.

---

## 6. Technische und organisatorische Maßnahmen (TOM)

Wir haben folgende Maßnahmen implementiert, um die Sicherheit und den Schutz personenbezogener Daten zu gewährleisten:

- **Zugriffsbeschränkung nach dem Need-to-know-Prinzip:**
  Nur berechtigte Mitarbeiter haben Zugang zu personenbezogenen Daten.
- **Passwortschutz und Multi-Faktor-Authentifizierung (MFA):**
  Sicherer Zugang zu Systemen und Daten.
- **Regelmäßige Backups:**
  Sicherstellung der Verfügbarkeit und Integrität der Daten.
- **Zutrittskontrolle zu Serverräumen und Archiven:**
  Physische Sicherheit der Datenverarbeitungssysteme.
- **Vertraulichkeitsverpflichtung:**
  Alle berechtigten Mitarbeiter sind zur Vertraulichkeit verpflichtet.

---
**Stand:** [Datum der Erstellung]
**Verantwortlich:** Datenschutzbeauftragter der APOR GmbH

---
User ID: AHR0531
Mode: ask
Time elapsed: 312 seconds
Date: 2026-02-02T11:08:16.625Z
```"
"44","EII0925","form","```markdown
# Mitarbeiterverwaltung (Arbeitszeit/Urlaub) & Parkplatzberechtigung
**Verzeichnis von Verarbeitungstätigkeiten gemäß Artikel 30 DSGVO**

---

## 1. Verantwortliche Stelle und Kontaktdaten

Wir, die **APOR GmbH**, fungieren als datenschutzrechtlich Verantwortliche für die im Folgenden beschriebenen Verarbeitungstätigkeiten. Unsere Kontaktdaten sowie die unseres Datenschutzbeauftragten lauten wie folgt:

- **Name der verantwortlichen Stelle:** APOR GmbH
- **Anschrift:** Mainstraße 67, 89073 Ulm
- **E-Mail:** mail@apor.eu
- **Telefon:** 012345678
- **Vertreter der verantwortlichen Stelle:** A. I. (ai@apor.eu)
- **Datenschutzbeauftragter:** A. I. (ai@apor.eu)

---

## 2. Zwecke und Rechtsgrundlagen der Verarbeitung

### 2.1 Zwecke der Verarbeitung
Wir verarbeiten personenbezogene Daten unserer Mitarbeitenden zu folgenden Zwecken:
- Verwaltung von Mitarbeiterdaten zur Erfüllung arbeitsvertraglicher Pflichten, einschließlich Gehaltsabrechnung, Arbeitszeit- und Urlaubsplanung.
- Zuweisung und Verwaltung von Parkplatzberechtigungen zur Sicherstellung der betrieblichen Infrastruktur.

### 2.2 Rechtsgrundlagen der Verarbeitung
Die Verarbeitung erfolgt auf Grundlage der folgenden Rechtsnormen:
- **Art. 6 Abs. 1 lit. b DSGVO** (Erfüllung eines Vertrags oder vorvertraglicher Maßnahmen)
- **Art. 6 Abs. 1 lit. c DSGVO** (Erfüllung einer rechtlichen Verpflichtung)
- **Art. 6 Abs. 1 lit. f DSGVO** (Wahrung berechtigter Interessen, sofern keine überwiegenden Interessen der betroffenen Personen entgegenstehen)
- **§ 26 BDSG** (Datenverarbeitung für Zwecke des Beschäftigungsverhältnisses)

---

## 3. Kategorien personenbezogener Daten und Datenquellen

### 3.1 Verarbeitete Datenkategorien
Wir verarbeiten folgende personenbezogene Daten unserer Mitarbeitenden:

**Personenbezogene Grunddaten:**
- Nachname
- Vorname
- Geburtsdatum
- Geschlecht
- Anschrift
- Telefonnummer
- E-Mail-Adresse

**Beschäftigungsdaten:**
- Arbeitszeiten
- Berufliche Position
- Personalnummer
- Unternehmenszugehörigkeit
- Urlaubsanspruch
- Urlaubstage
- Urlaubszeiten

**Finanzdaten:**
- Gehalt/Lohn
- Bankverbindung
- Steueridentifikationsnummer
- Steuerklasse
- Monatliche Gehälter

**Gesundheitsdaten:**
- Krankenversicherungsnummer
- Sozialversicherungsnummer
- Krankheitstage

**Rechtliche Daten:**
- Vertragsdaten
- Ausweisdokumente (z. B. Personalausweis, Reisepass)

**Dokumentations- und Aufzeichnungsdaten:**
- Individuelle Dokumentation (z. B. Arbeitsverträge, Abrechnungsunterlagen)

**Fahrzeugdaten:**
- Fahrzeugkennzeichen (zur Verwaltung der Parkplatzberechtigungen)

### 3.2 Datenquellen
Die Daten stammen aus folgenden Quellen:
- Microsoft Office 365
- HR-Software (z. B. zur Verwaltung von Arbeitszeiten, Urlaub und Gehaltsabrechnungen)

---

## 4. Betroffene Personen und Empfänger der Daten

### 4.1 Betroffene Personen
Die Verarbeitung betrifft folgende Kategorien betroffener Personen:
- **Mitarbeitende** der APOR GmbH

### 4.2 Empfänger der Daten
Die personenbezogenen Daten werden ausschließlich innerhalb unseres Unternehmens verarbeitet. Eine Weitergabe an externe Empfänger erfolgt nur in folgenden Fällen:
- **Externe Dienstleister** (z. B. Parkhausbetreiber), sofern dies für die Verwaltung der Parkplatzberechtigungen erforderlich ist. In diesem Fall wird die Weitergabe auf Grundlage einer vertraglichen Vereinbarung (Auftragsverarbeitungsvertrag gemäß Art. 28 DSGVO) und einer entsprechenden Rechtsgrundlage (z. B. Art. 6 Abs. 1 lit. f DSGVO) vorgenommen.
- **Behördliche Stellen** (z. B. Finanzamt, Sozialversicherungsträger), sofern eine gesetzliche Verpflichtung zur Datenübermittlung besteht.

---

## 5. Speicherfristen und Löschkonzepte

### 5.1 Speicherfristen
Wir speichern personenbezogene Daten unserer Mitarbeitenden für folgende Zeiträume:
- **Steuerrelevante Daten** (z. B. Gehaltsabrechnungen, Sozialversicherungsdaten): 10 Jahre nach Beendigung des Arbeitsverhältnisses.
- **Arbeitszeit- und Urlaubsdaten**: 3 Jahre nach Beendigung des Arbeitsverhältnisses.
- **Parkplatzberechtigungen** (z. B. Fahrzeugkennzeichen): 2 Jahre nach Beendigung des Arbeitsverhältnisses.

### 5.2 Löschkonzept
Nach Ablauf der jeweiligen Speicherfristen werden die Daten unverzüglich und unwiderruflich gelöscht, sofern keine gesetzlichen Aufbewahrungspflichten entgegenstehen. Für steuerrelevante Daten gelten die gesetzlichen Aufbewahrungsfristen gemäß § 147 AO.

---

## 6. Technische und organisatorische Maßnahmen (TOM)

Um die Sicherheit und Vertraulichkeit der verarbeiteten personenbezogenen Daten zu gewährleisten, haben wir folgende technische und organisatorische Maßnahmen implementiert:

### 6.1 Zugriffskontrolle
- **Zugriffsbeschränkung nach dem Need-to-know-Prinzip**: Nur berechtigte Mitarbeitende erhalten Zugang zu den relevanten Daten.
- **Rollenbasierte Zugriffsrechte**: Die Zugriffsrechte werden entsprechend der jeweiligen Aufgaben und Verantwortlichkeiten vergeben.

### 6.2 Authentifizierung und Autorisierung
- **Passwortschutz**: Alle Systeme sind durch sichere Passwörter geschützt.
- **Multi-Faktor-Authentifizierung (MFA)**: Wo möglich, setzen wir MFA ein, um den Zugriff auf sensible Daten zusätzlich abzusichern.

### 6.3 Datensicherung
- **Regelmäßige Backups**: Daten werden in regelmäßigen Abständen gesichert, um Datenverlust zu vermeiden.
- **Wiederherstellungsverfahren**: Es existieren dokumentierte Verfahren zur Wiederherstellung von Daten im Falle eines Verlusts.

### 6.4 Physische Sicherheit
- **Zutrittskontrolle**: Der Zugang zu Serverräumen und Archiven ist physisch beschränkt und wird überwacht.
- **Überwachung**: Kritische Bereiche werden durch Videoüberwachung und Alarmsysteme gesichert.

### 6.5 Vertraulichkeit
- **Vertraulichkeitsverpflichtung**: Alle berechtigten Mitarbeitenden sind zur Vertraulichkeit verpflichtet und haben entsprechende Schulungen absolviert.
- **Datenminimierung**: Wir erheben und verarbeiten nur diejenigen Daten, die für die jeweiligen Zwecke erforderlich sind.

### 6.6 Protokollierung
- **Zugriffsprotokollierung**: Zugriffe auf sensible Daten (z. B. Gehaltsdaten) werden protokolliert, um unautorisierte Zugriffe nachvollziehen zu können.

### 6.7 Schulungen
- **Regelmäßige Datenschutzschulungen**: Alle Mitarbeitenden mit Zugriff auf personenbezogene Daten erhalten regelmäßige Schulungen zu Datenschutz und Informationssicherheit.

### 6.8 Verwaltung der Parkplatzberechtigungen
- **Sichere Zuordnung**: Zur Verwaltung der Parkplatzberechtigungen wird das Fahrzeugkennzeichen als geeignetes Merkmal hinterlegt, um die Zuordnung der Berechtigungen sicherzustellen.
- **Externe Dienstleister**: Falls Parkplatzdaten (z. B. Kennzeichen) an externe Dienstleister (z. B. Parkhausbetreiber) weitergegeben werden, erfolgt dies auf Grundlage einer vertraglichen Vereinbarung und einer entsprechenden Rechtsgrundlage.

---

## 7. Risikobewertung und Betroffenenrechte

### 7.1 Risikobewertung
Wir haben die mit der Verarbeitung verbundenen Risiken analysiert und folgende Maßnahmen ergriffen:
- **Unbefugter Zugriff auf Parkplatzdaten**: Durch die Implementierung von Zugriffsbeschränkungen und Protokollierung wird das Risiko eines unbefugten Zugriffs minimiert.
- **Datenverlust**: Durch regelmäßige Backups und Wiederherstellungsverfahren wird das Risiko eines Datenverlusts reduziert.

### 7.2 Betroffenenrechte
Wir gewährleisten die Umsetzung der Betroffenenrechte gemäß DSGVO durch folgende Verfahren:
- **Auskunftsrecht (Art. 15 DSGVO)**: Betroffene Personen können Auskunft über die zu ihrer Person verarbeiteten Daten verlangen. Anfragen werden innerhalb von einem Monat bearbeitet.
- **Berichtigungsrecht (Art. 16 DSGVO)**: Unrichtige Daten werden unverzüglich berichtigt.
- **Löschrecht (Art. 17 DSGVO)**: Daten werden auf Antrag gelöscht, sofern keine gesetzlichen Aufbewahrungspflichten entgegenstehen.
- **Einschränkung der Verarbeitung (Art. 18 DSGVO)**: Die Verarbeitung kann auf Antrag eingeschränkt werden.
- **Datenübertragbarkeit (Art. 20 DSGVO)**: Betroffene Personen erhalten ihre Daten in einem strukturierten, gängigen und maschinenlesbaren Format.

Für die Bearbeitung von Anfragen sind unsere Datenschutzbeauftragten zuständig.

---

## 8. Datenminimierung und Erforderlichkeit
Wir prüfen regelmäßig, ob alle erhobenen Daten für die jeweiligen Zwecke erforderlich sind. Sofern Daten nicht mehr benötigt werden oder ihre Erhebung nicht zwingend notwendig ist, werden sie gelöscht oder die Erhebung eingestellt. Beispielsweise wird geprüft, ob das Geburtsdatum für die Verwaltung von Arbeitszeiten und Urlauben zwingend erforderlich ist.

---

## 9. Dokumentation und Überprüfung
Dieses Verzeichnis von Verarbeitungstätigkeiten wird regelmäßig überprüft und bei Bedarf aktualisiert. Änderungen in den Verarbeitungsprozessen oder rechtlichen Rahmenbedingungen werden zeitnah dokumentiert.

**Stand:** [Datum der letzten Aktualisierung]

---
User ID: EII0925
Mode: form
Time elapsed: 331 seconds
Date: 2026-02-02T11:10:16.569Z
```"
"46","MIN0453","form","```markdown
# Mitarbeiterdatenverarbeitung

## 1. Verantwortliche Stelle und Angaben zum Datenschutzbeauftragten

Wir, die **APOR GmbH**, fungieren als Verantwortliche im Sinne der Datenschutz-Grundverordnung (DSGVO) für die Verarbeitung von Mitarbeiterdaten. Nachfolgend sind unsere Kontaktdaten sowie die des Datenschutzbeauftragten aufgeführt:

- **Name der verantwortlichen Stelle**: APOR GmbH
- **Anschrift**: Mainstraße 67, 89073 Ulm
- **E-Mail-Adresse**: mail@apor.eu
- **Telefonnummer**: 012345678
- **Vertreter der verantwortlichen Stelle**: A.I.
- **Datenschutzbeauftragter**: A.I.

## 2. Zwecke und Rechtsgrundlagen der Verarbeitung

### 2.1 Zwecke der Verarbeitung
Die Verarbeitung von Mitarbeiterdaten durch die APOR GmbH erfolgt zu folgenden Zwecken:
- Erfüllung arbeitsvertraglicher Pflichten, einschließlich Personalverwaltung, Gehaltsabrechnung und Sozialversicherungsmeldung.
- Einhaltung gesetzlicher Aufbewahrungs- und Dokumentationspflichten gemäß Handelsgesetzbuch (HGB), Abgabenordnung (AO) und Bundesdatenschutzgesetz (BDSG).
- Verwaltung von Stammdaten, Arbeitszeiten, Urlaubsansprüchen, steuerrelevanten Informationen und sozialversicherungsrechtlichen Daten.
- Sicherstellung der internen Organisation, Compliance und eines ordnungsgemäßen Betriebsablaufs.

### 2.2 Rechtsgrundlagen der Verarbeitung
Die Verarbeitung personenbezogener Daten erfolgt auf Grundlage folgender Rechtsnormen:
- **Art. 6 Abs. 1 lit. b DSGVO**: Erfüllung eines Vertrags (Arbeitsvertrag) oder zur Durchführung vorvertraglicher Maßnahmen.
- **Art. 6 Abs. 1 lit. c DSGVO**: Erfüllung einer rechtlichen Verpflichtung (z. B. gesetzliche Aufbewahrungspflichten).
- **§ 26 BDSG**: Datenverarbeitung für Zwecke des Beschäftigungsverhältnisses.
- **§ 257 HGB**: Aufbewahrung von Handelsbüchern, Inventaren, Bilanzen und sonstigen Unterlagen.
- **§ 239 Abs. 1 HGB**: Führung und Aufbewahrung von Handelsbüchern.
- **§ 147 AO**: Aufbewahrung von Unterlagen, die für die Besteuerung von Bedeutung sind.
- **Erfüllung arbeitsvertraglicher Pflichten** (z. B. Personalverwaltung, Gehaltsabrechnung).
- **Sozialversicherungsmeldung gemäß § 28a SGB IV**.

## 3. Kategorien personenbezogener Daten und Datenquellen

### 3.1 Kategorien personenbezogener Daten
Wir verarbeiten folgende Kategorien personenbezogener Daten unserer Mitarbeiter:

**Personenbezogene Daten:**
- Nachname
- Vorname
- Geburtsdatum
- Geschlecht
- Staatsangehörigkeit
- Anschrift
- Telefonnummer
- E-Mail-Adresse

**Beschäftigungsdaten:**
- Arbeitszeiten
- Berufliche Position
- Personalnummer
- Unternehmenszugehörigkeit
- Urlaubsanspruch
- Urlaubstage
- Urlaubszeiten

**Finanzdaten:**
- Gehalt/Lohn
- Bankverbindung
- Steueridentifikationsnummer
- Steuerklasse
- Monatliche Gehälter
- Monatliche Löhne
- Abrechnungsdaten

**Gesundheitsdaten:**
- Krankenversicherungsnummer
- Sozialversicherungsnummer
- Krankheitstage

**Rechtliche Daten:**
- Vertragsdaten
- Ausweisdokumente

**Dokumentations- und Aufzeichnungsdaten:**
- Individuelle Dokumentation
- Rechnungsdaten

**Fahrzeugdaten:**
- Kennzeichen

### 3.2 Datenquellen
Die personenbezogenen Daten werden aus folgenden Quellen erhoben:
- Microsoft Office 365

## 4. Betroffene Personen und Empfänger der Daten

### 4.1 Kategorien betroffener Personen
Die Verarbeitung betrifft folgende Kategorien betroffener Personen:
- Interne Gruppen (Mitarbeiter der APOR GmbH)

### 4.2 Interne Empfänger
Die Daten werden innerhalb der APOR GmbH an folgende interne Empfängerkategorien übermittelt:
- Geschäftsführung
- Verwaltung
- Technische Abteilung
- Finanzabteilung
- Rechts- und Compliance-Abteilung
- Marketing und Vertrieb
- Logistik und Betrieb

### 4.3 Externe Empfänger in der EU
Daten werden an folgende externe Empfängerkategorien innerhalb der EU übermittelt:
- Behörden
- Software- und Cloud-Anbieter
- Kranken- und Versicherungsträger
- Finanzinstitute

### 4.4 Berechtigte Personen
Folgende Personenkreise sind zur Verarbeitung der Daten berechtigt:
- Führungskräfte
- Administrative Rollen
- Technische Rollen
- Finanzrollen
- Rechts- und Compliance-Rollen
- HR- und Personalverantwortliche

## 5. Löschfristen und Aufbewahrungsdauern

Die personenbezogenen Daten unserer Mitarbeiter werden spätestens **3 Monate nach Austritt der Person** gelöscht, sofern keine gesetzlichen Aufbewahrungspflichten entgegenstehen. Für Daten, die aufgrund gesetzlicher Vorgaben länger aufbewahrt werden müssen (z. B. gemäß HGB oder AO), gelten die entsprechenden Fristen.

## 6. Technische und organisatorische Maßnahmen (TOM)

Zur Gewährleistung der Sicherheit und des Schutzes personenbezogener Daten haben wir folgende technische und organisatorische Maßnahmen implementiert:

- **Zugangskontrolle**:
  - Rollenbasierte Zugriffsrechte (RBAC) für Mitarbeiterdaten.
  - Multi-Faktor-Authentifizierung (MFA) für den Zugriff auf sensible Systeme.
  - Regelmäßige Überprüfung und Anpassung der Berechtigungen.

- **Datentrennung**:
  - Logische Trennung von HR-, Finanz- und Gesundheitsdaten in separaten Datenbanken oder Containern.

---
User ID: MIN0453
Mode: form
Time elapsed: 444 seconds
Date: 2026-02-02T12:32:16.643Z
```"
"47","MIN0453","chat","```markdown
# Mitarbeiterdatenverarbeitung

## 1. Verantwortliche Stelle und Angaben zum Datenschutzbeauftragten

**Verantwortliche Stelle (Verantwortlicher im Sinne der DSGVO):**
- **Name:** APOR GmbH
- **Anschrift:** Mainstraße 67, Ulm
- **E-Mail:** mail@apor.eu
- **Telefon:** 012345678
- **Vertreter:** A.I.
- **Datenschutzbeauftragter:** A.I.

Als Verantwortliche gemäß Artikel 30 DSGVO führen wir dieses Verzeichnis der Verarbeitungstätigkeiten (VVT) für die Verarbeitung personenbezogener Daten unserer Mitarbeitenden. Unsere Rolle als Verantwortliche umfasst die Festlegung der Zwecke und Mittel der Verarbeitung sowie die Sicherstellung der Einhaltung datenschutzrechtlicher Vorgaben.

---

## 2. Zwecke und Rechtsgrundlagen der Verarbeitung

### 2.1 Zwecke der Verarbeitung
Wir verarbeiten personenbezogene Daten unserer Mitarbeitenden, um den gesamten Beschäftigungszyklus vom Eintritt bis zum Austritt rechtssicher und effizient zu verwalten. Dies umfasst insbesondere folgende Zwecke:

- Anlage und Pflege von Mitarbeiterstammdaten,
- Dokumentation von Arbeitszeiten und Abwesenheiten (z. B. Urlaub, Krankheit),
- Verwaltung von Arbeitsverträgen und personalbezogenen Prozessen,
- Steuerung der Schrankenanlage des Firmenparkplatzes durch Verarbeitung von Zuordnungsmerkmalen (z. B. Fahrzeugkennzeichen) für berechtigte Mitarbeitende.

Die Datenverarbeitung erfolgt ausschließlich im Rahmen der betrieblichen Notwendigkeit und unter Einhaltung der gesetzlichen Vorgaben.

### 2.2 Rechtsgrundlagen der Verarbeitung
Die Verarbeitung personenbezogener Daten unserer Mitarbeitenden erfolgt auf folgenden Rechtsgrundlagen:

- **Art. 6 Abs. 1 lit. b DSGVO:** Verarbeitung zur Erfüllung eines Vertrags (z. B. Arbeitsvertrag) oder zur Durchführung vorvertraglicher Maßnahmen.
- **Art. 6 Abs. 1 lit. c DSGVO:** Verarbeitung zur Erfüllung einer rechtlichen Verpflichtung (z. B. steuer- oder sozialversicherungsrechtliche Pflichten).
- **Art. 6 Abs. 1 lit. f DSGVO:** Verarbeitung zur Wahrung berechtigter Interessen (z. B. Verwaltung des Firmenparkplatzes), sofern keine überwiegenden Interessen oder Grundrechte der betroffenen Personen entgegenstehen.
- **§ 26 BDSG:** Verarbeitung personenbezogener Daten von Beschäftigten für Zwecke des Beschäftigungsverhältnisses.

---

## 3. Kategorien personenbezogener Daten und Datenquellen

### 3.1 Kategorien personenbezogener Daten
Wir verarbeiten folgende Kategorien personenbezogener Daten unserer Mitarbeitenden:

**Personenbezogene Grunddaten:**
- Nachname
- Vorname
- Geburtsdatum
- Anschrift
- Telefonnummer
- E-Mail-Adresse
- Familienstand

**Beschäftigungsdaten:**
- Arbeitszeiten
- Berufliche Position
- Personalnummer
- Unternehmenszugehörigkeit
- Urlaubsanspruch
- Urlaubstage
- Urlaubszeiten

**Finanzdaten:**
- Gehalt/Lohn
- Bankverbindung
- Steueridentifikationsnummer
- Steuerklasse

**Gesundheitsdaten:**
- Krankenversicherungsnummer
- Sozialversicherungsnummer
- Krankheitstage

**Rechtliche Daten:**
- Vertragsdaten
- Ausweisdokumente

**Fahrzeugdaten:**
- Fahrzeugkennzeichen

**Sonstige Daten:**
- Qualifikationen
- Fähigkeiten

### 3.2 Datenquellen
Die personenbezogenen Daten unserer Mitarbeitenden stammen aus folgenden Quellen:

- Microsoft Office 365
- Interne Server

---

## 4. Betroffene Personen und Empfänger der Daten

### 4.1 Kategorien betroffener Personen
Die Verarbeitung betrifft folgende Kategorien betroffener Personen:

- Mitarbeitende der APOR GmbH

### 4.2 Empfänger der Daten
Die personenbezogenen Daten unserer Mitarbeitenden werden ausschließlich intern verarbeitet. Eine Weitergabe an externe Empfänger erfolgt nicht, sofern keine gesetzliche Verpflichtung oder berechtigtes Interesse besteht.

---

## 5. Löschfristen und Aufbewahrungsdauern

Wir löschen personenbezogene Daten unserer Mitarbeitenden grundsätzlich **3 Monate nach Beendigung des Arbeitsverhältnisses**, sofern keine gesetzlichen Aufbewahrungspflichten (z. B. steuer- oder sozialversicherungsrechtliche Vorgaben) einer Löschung entgegenstehen.

Für Daten, die über die reguläre Löschfrist hinaus aufbewahrt werden müssen, gelten die jeweiligen gesetzlichen Aufbewahrungsfristen.

---

## 6. Technische und organisatorische Maßnahmen (TOM)

Zum Schutz der personenbezogenen Daten unserer Mitarbeitenden haben wir folgende technische und organisatorische Maßnahmen implementiert:

1. **Zugriffskontrolle:**
   - Rollenbasierte Zugriffsbeschränkung nach dem Need-to-know-Prinzip, um sicherzustellen, dass nur berechtigte Personen auf die Daten zugreifen können.

2. **Authentifizierung:**
   - Passwortschutz mit Mindestanforderungen (z. B. Länge, Komplexität) sowie optional Multi-Faktor-Authentifizierung (MFA) für sensible Bereiche.

3. **Verschlüsselung:**
   - Verschlüsselung von Daten im Ruhezustand (z. B. auf Servern oder in Backups) und während der Übertragung (z. B. per TLS).

4. **Datensicherung:**
   - Regelmäßige Backups mit klaren Wiederherstellungsprozessen, um Datenverlust zu vermeiden.

5. **Physische Sicherheit:**
   - Zutrittskontrolle zu Serverräumen und Archiven, um unbefugten physischen Zugriff zu verhindern.

6. **Vertraulichkeitsverpflichtung:**
   - Schulungen und schriftliche Verpflichtungen für alle berechtigten Mitarbeitenden, um die Vertraulichkeit der Daten zu gewährleisten.

7. **Protokollierung:**
   - Dokumentation von Zugriffen und Änderungen an personenbezogenen Daten, um Nachvollziehbarkeit zu gewährleisten.

8. **Regelmäßige Überprüfung:**
   - Kontinuierliche Überprüfung und Anpassung der Maßnahmen, um sie an neue Risiken oder gesetzliche Anforderungen anzupassen.

---
User ID: MIN0453
Mode: chat
Time elapsed: 746 seconds
Date: 2026-02-02T12:47:18.519Z
```"
"48","ENB1054","form","```markdown
# Mitarbeiterverwaltung (Arbeitszeit/Urlaub) & Parkplatzberechtigung
**Verzeichnis von Verarbeitungstätigkeiten gemäß Artikel 30 DSGVO**

---

## 1. Verantwortliche Stelle und Kontaktdaten

Als verantwortliche Stelle im Sinne der DSGVO verarbeiten wir personenbezogene Daten im Rahmen unserer betrieblichen Tätigkeiten. Die folgenden Angaben dienen der Identifikation und Kontaktaufnahme:

- **Name der verantwortlichen Stelle**: APOR GmbH
- **Rolle**: Verantwortlicher (Data Controller)
- **Anschrift**: Mainstraße 67, 89073 Ulm
- **E-Mail-Adresse**: mail@apor.eu
- **Telefonnummer**: 012345678
- **Vertreter der verantwortlichen Stelle**: A. I.
- **Datenschutzbeauftragter (DSB)**: A. I.

---

## 2. Zwecke und Rechtsgrundlagen der Verarbeitung

### 2.1 Zwecke der Verarbeitung
Wir verarbeiten personenbezogene Daten unserer Mitarbeiter zur Verwaltung von Arbeitszeiten, Urlaubsansprüchen sowie zur Regelung der Parkplatzberechtigung. Die Verarbeitung umfasst folgende Zwecke:

- Erfassung, Speicherung und Nutzung von Beschäftigtendaten (z. B. Personalnummer, Arbeitszeiten, Urlaubstage, Fahrzeugkennzeichen) zur Erfüllung arbeitsvertraglicher Pflichten.
- Organisation interner Abläufe, insbesondere zur Planung und Verwaltung von Arbeitszeiten und Urlaub.
- Gewährleistung der betrieblichen Sicherheit, insbesondere durch die Verwaltung von Parkplatzberechtigungen.
- Einhaltung gesetzlicher Aufbewahrungspflichten (z. B. Arbeitszeitnachweise gemäß § 257 HGB und § 147 AO).

Die Datenverarbeitung erfolgt ausschließlich zu betrieblichen Zwecken und im Rahmen der gesetzlichen Vorgaben.

### 2.2 Rechtsgrundlagen der Verarbeitung
Die Verarbeitung personenbezogener Daten erfolgt auf folgenden Rechtsgrundlagen:

- **§ 26 Abs. 1 BDSG**: Datenverarbeitung für Zwecke des Beschäftigungsverhältnisses, insbesondere zur Erfüllung arbeitsvertraglicher Pflichten (z. B. Arbeitszeit- und Urlaubsverwaltung).
- **Art. 6 Abs. 1 lit. b DSGVO**: Verarbeitung zur Erfüllung eines Vertrags, dessen Vertragspartei die betroffene Person ist (z. B. Arbeitsvertrag).

Falls für die Parkplatzverwaltung biometrische Daten (z. B. Kennzeichenlesung) oder Standortdaten verarbeitet werden, erfolgt dies auf Grundlage von § 26 BDSG oder einer freiwilligen Einwilligung der betroffenen Personen.

---

## 3. Kategorien personenbezogener Daten und Datenquellen

### 3.1 Kategorien personenbezogener Daten
Wir verarbeiten folgende Kategorien personenbezogener Daten:

**Personenbezogene Daten:**
- Nachname
- Vorname
- Anschrift
- E-Mail-Adresse

**Beschäftigtendaten:**
- Arbeitszeiten
- Berufliche Position
- Personalnummer
- Unternehmenszugehörigkeit
- Urlaubsanspruch
- Urlaubstage
- Urlaubszeiten

**Vertragsdaten:**
- Vertragsdaten

**Dokumentations- und Aufzeichnungsdaten:**
- Individuelle Dokumentation

**Fahrzeugdaten:**
- Fahrzeugkennzeichen

### 3.2 Datenquellen
Die personenbezogenen Daten stammen aus folgenden Quellen:

- HR-Software (z. B. zur Verwaltung von Arbeitszeiten und Urlaub)
- Unternehmenssysteme (z. B. interne Mitarbeiterportale)
- Parkplatzverwaltungssystem (falls separat vorhanden)
- Manuelle Eingaben durch autorisierte Mitarbeiter (z. B. HR-Abteilung)

---

## 4. Betroffene Personen und Empfänger der Daten

### 4.1 Kategorien betroffener Personen
Die Verarbeitung betrifft folgende Kategorien betroffener Personen:

- Interne Gruppen (Mitarbeiter der APOR GmbH)

### 4.2 Empfängerkategorien
Die personenbezogenen Daten werden an folgende Empfängerkategorien übermittelt:

**Interne Empfänger:**
- Geschäftsführung
- Verwaltung
- Personalabteilung (HR)

**Externe Empfänger (innerhalb der EU):**
- Software- und Cloud-Anbieter (z. B. für die Bereitstellung der HR-Software oder des Parkplatzverwaltungssystems)

Falls Parkplatzdaten an externe Dienstleister (z. B. Parkhausbetreiber) weitergegeben werden, erfolgt dies ausschließlich auf Grundlage eines Auftragsverarbeitungsvertrags (AV-Vertrag) oder einer gesetzlichen Verpflichtung.

### 4.3 Berechtigte Personen
Folgende Rollen innerhalb unseres Unternehmens sind zur Verarbeitung der Daten berechtigt:

- Führungskräfte (Management-Rollen)
- Administrative Rollen (z. B. HR-Mitarbeiter)
- Personalverantwortliche (HR- und Recruiting-Rollen)

---

## 5. Speicherfristen und Löschkonzept

### 5.1 Speicherfristen
Die personenbezogenen Daten werden wie folgt gespeichert:

- **Nach Beendigung des Beschäftigungsverhältnisses**: Die Daten werden für **10 Jahre** nach Beendigung des Beschäftigungsverhältnisses aufbewahrt. Diese Frist ergibt sich aus den gesetzlichen Aufbewahrungspflichten gemäß § 257 HGB und § 147 AO für steuerrelevante Unterlagen (z. B. Arbeitszeitnachweise).
- **Parkplatzberechtigungen**: Die Daten werden für **3 Jahre** nach Ausscheiden des Mitarbeiters gespeichert, sofern keine längeren Aufbewahrungspflichten bestehen.

### 5.2 Löschkonzept
Wir haben ein automatisiertes Löschkonzept implementiert, das die Löschung personenbezogener Daten nach Ablauf der jeweiligen Speicherfristen sicherstellt. Ausnahmen von der Löschung bestehen nur, soweit gesetzliche Aufbewahrungspflichten dies erfordern.

---

## 6. Technische und organisatorische Maßnahmen (TOM)

Zur Gewährleistung der Sicherheit und des Schutzes personenbezogener Daten haben wir folgende technische und organisatorische Maßnahmen implementiert:

### 6.1 Zugriffskontrolle
- Rollenbasierte Zugriffsrechte (RBAC) für HR, Verwaltung und Führungskräfte.
- Multi-Faktor-Authentifizierung (MFA) für den Zugriff auf sensible Daten (z. B. Parkplatzberechtigungen).

### 6.2 Verschlüsselung
- Verschlüsselung der Daten bei Speicherung (AES-256) und Übertragung (TLS 1.3).

### 6.3 Protokollierung
- Automatisierte Protokollierung aller Zugriffe und Änderungen an personenbezogenen Daten.
- Regelmäßige Überprüfung der Protokolle durch die IT-Sicherheitsabteilung.

### 6.4 Datenminimierung
- Erhebung und Verarbeitung nur der Daten, die für den jeweiligen Zweck erforderlich sind (z. B. Fahrzeugkennzeichen nur bei Nutzung des Parkplatzes).

### 6.5 Schulungen
- Jährliche Schulungen zum Datenschutz und zur DSGVO für alle Mitarbeiter mit Zugriff auf personenbezogene Daten.

### 6.6 Physische Sicherheit
- Server befinden sich in gesicherten Räumen mit Zutrittskontrolle.

### 6.7 Backup und Notfallplan
- Tägliche Backups der Daten (verschlüsselt).
- Dokumentierter Wiederherstellungsprozess im Falle eines Datenverlusts.

### 6.8 Löschkonzept
- Automatisierte Löschung personenbezogener Daten nach Ablauf der Speicherfristen.

### 6.9 Anonymisierung
- Aggregierte Auswertungen (z. B. Arbeitszeiten) werden ohne Personenbezug durchgeführt.

### 6.10 Auftragsverarbeitung
- Abschluss von Auftragsverarbeitungsverträgen (AV-Verträgen) mit allen externen Dienstleistern (z. B. Cloud-Hosting-Anbieter, HR-Software-Anbieter).

### 6.11 Risikobewertung und Datenpannenmanagement
- **Risikobewertung**: Regelmäßige Bewertung spezifischer Risiken (z. B. unbefugter Zugriff auf Parkplatzdaten) und Implementierung entsprechender Gegenmaßnahmen.
- **Datenpannenmanagement**: Dokumentierter Prozess zur Meldung von Datenschutzvorfällen (z. B. Verlust von Parkausweisen) an die zuständige Aufsichtsbehörde innerhalb von 72 Stunden.

---

## 7. Betroffenenrechte und Verfahren

Wir haben Verfahren implementiert, um die Ausübung der Betroffenenrechte gemäß DSGVO zu gewährleisten. Betroffene Personen können folgende Rechte geltend machen:

- **Auskunftsrecht (Art. 15 DSGVO)**: Betroffene können Auskunft über die zu ihrer Person verarbeiteten Daten verlangen.
- **Berichtigungsrecht (Art. 16 DSGVO)**: Betroffene können die Berichtigung unrichtiger Daten verlangen.
- **Löschrecht (Art. 17 DSGVO)**: Betroffene können die Löschung ihrer Daten verlangen, sofern keine gesetzlichen Aufbewahrungspflichten entgegenstehen.
- **Einschränkungsrecht (Art. 18 DSGVO)**: Betroffene können die Einschränkung der Verarbeitung ihrer Daten verlangen.
- **Widerspruchsrecht (Art. 21 DSGVO)**: Betroffene können der Verarbeitung ihrer Daten widersprechen, sofern keine zwingenden berechtigten Gründe für die Verarbeitung vorliegen.

Anfragen zur Ausübung dieser Rechte können an die E-Mail-Adresse **mail@apor.eu** oder postalisch an die oben genannte Anschrift gerichtet werden. Wir bearbeiten solche Anfragen unverzüglich, spätestens jedoch innerhalb eines Monats nach Eingang.

---

## 8. Auftragsverarbeitung

Falls wir externe Dienstleister (z. B. HR-Software-Anbieter, Cloud-Hosting-Anbieter oder Parkplatzverwaltungssysteme) mit der Verarbeitung personenbezogener Daten beauftragen, schließen wir mit diesen Auftragsverarbeitungsverträge (AV-Verträge) gemäß Art. 28 DSGVO ab. Die AV-Verträge enthalten folgende Mindestinhalte:

- Gegenstand und Dauer der Verarbeitung.
- Art und Zweck der Verarbeitung.
- Kategorien betroffener Personen und personenbezogener Daten.
- Pflichten und Rechte des Verantwortlichen.
- Technische und organisatorische Maßnahmen des Auftragsverarbeiters.
- Unterauftragsverarbeiter (falls zutreffend).
- Löschung oder Rückgabe der Daten nach Beendigung des Auftrags.

---

## 9. Besondere Hinweise zur Parkplatzverwaltung

Die Verwaltung der Parkplatzberechtigungen erfolgt unter besonderer Berücksichtigung des Datenschutzes:

- **Biometrische Daten oder Standortdaten**: Falls biometrische Daten (z. B. Kennzeichenlesung) oder Standortdaten verarbeitet werden, erfolgt dies auf Grundlage von § 26 BDSG oder einer freiwilligen Einwilligung der betroffenen Personen.
- **Weitergabe an Dritte**: Falls Parkplatzdaten an externe Dienstleister (z. B. Parkhausbetreiber) weitergegeben werden, erfolgt dies ausschließlich auf Grundlage eines AV-Vertrags oder einer gesetzlichen Verpflichtung.

---
**Stand**: [Datum der letzten Aktualisierung]
**Verantwortlich**: Datenschutzbeauftragter der APOR GmbH

---
User ID: ENB1054
Mode: form
Time elapsed: 293 seconds
Date: 2026-02-02T13:02:14.158Z
```"
"49","MIN0453","ask","```markdown
# Mitarbeiterdatenverarbeitung
**Verzeichnis von Verarbeitungstätigkeiten gemäß Art. 30 DSGVO**

---

## 1. Verantwortliche Stelle und Ansprechpartner

Wir, die **APOR GmbH**, sind als verantwortliche Stelle für die Verarbeitung personenbezogener Daten unserer Mitarbeitenden gemäß Art. 4 Nr. 7 DSGVO tätig. Nachfolgend sind unsere Kontaktdaten sowie die des Datenschutzbeauftragten aufgeführt:

- **Name der verantwortlichen Stelle:** APOR GmbH
- **Anschrift:** Mainstraße 67, 89073 Ulm
- **E-Mail:** ai@apor.eu
- **Telefon:** 012345678
- **Vertreter der verantwortlichen Stelle:** A.I.
- **Datenschutzbeauftragter (DSB):** A.I. (Kontakt über ai@apor.eu)

---

## 2. Zwecke und Rechtsgrundlagen der Verarbeitung

### 2.1 Verarbeitungszwecke
Wir verarbeiten personenbezogene Daten unserer Mitarbeitenden ausschließlich zu folgenden Zwecken:

- **Verwaltung des Beschäftigungsverhältnisses:**
  - Anlage und Führung von Personalakten
  - Vertragsmanagement (Abschluss, Änderungen, Beendigung)
  - Durchführung von Eintritts- und Austrittsformalitäten
- **Arbeitszeitdokumentation:**
  - Erfassung von Arbeitszeiten für Lohnabrechnung, Überstundenausgleich und gesetzliche Nachweispflichten
- **Urlaubs- und Abwesenheitsmanagement:**
  - Genehmigung von Urlaubsanträgen
  - Berechnung von Resturlaubsansprüchen
- **Steuerung von Parkplatzberechtigungen:**
  - Hinterlegung von Fahrzeugkennzeichen zur Zugangskontrolle zum Firmenparkplatz (Schrankensteuerung)

### 2.2 Rechtsgrundlagen
Die Verarbeitung erfolgt auf Basis der folgenden Rechtsgrundlagen gemäß Art. 6 Abs. 1 DSGVO sowie nationaler Vorschriften:

- **Vertragserfüllung (Art. 6 Abs. 1 lit. b DSGVO):**
  Die Verarbeitung ist erforderlich zur Erfüllung des Arbeitsvertrages, insbesondere für:
  - Gehaltsabrechnung
  - Arbeitszeitdokumentation
  - Urlaubsverwaltung
- **Rechtliche Verpflichtung (Art. 6 Abs. 1 lit. c DSGVO):**
  Die Verarbeitung ist gesetzlich vorgeschrieben, z. B. für:
  - Aufbewahrung von Steuerunterlagen gemäß § 147 AO und § 257 HGB
  - Meldungen an Sozialversicherungsträger
- **Berechtigtes Interesse (Art. 6 Abs. 1 lit. f DSGVO):**
  Die Verarbeitung erfolgt zur Wahrung unserer berechtigten Interessen, sofern diese die Interessen der betroffenen Personen überwiegen, z. B.:
  - Verwaltung von Parkplatzberechtigungen zur Sicherstellung eines reibungslosen Betriebsablaufs
- **§ 26 BDSG (Beschäftigtendatenschutz):**
  Die Verarbeitung ist für die Begründung, Durchführung oder Beendigung des Beschäftigungsverhältnisses erforderlich.

---

## 3. Kategorien personenbezogener Daten und Datenquellen

### 3.1 Verarbeitete Datenkategorien
Wir verarbeiten folgende Kategorien personenbezogener Daten unserer Mitarbeitenden:

- **Persönliche Daten:**
  - Name
  - Adresse
  - Kontaktdaten (Telefonnummer, E-Mail-Adresse)
  - Geburtsdatum
- **Beschäftigungsdaten:**
  - Arbeitsvertrag
  - Position und Aufgabenbereich
  - Arbeitszeiten
  - Urlaubstage und -zeiten
- **Finanzdaten:**
  - Gehaltsabrechnung
  - Bankverbindung
  - Steuerklasse
- **Gesundheitsdaten:**
  - Krankenversicherungsnummer
  - Krankheitstage (sofern für die Lohnfortzahlung erforderlich)
- **Rechtliche Daten:**
  - Personalausweis-Kopien (zur Identitätsprüfung)
  - Verträge und Kündigungen
- **Fahrzeugdaten:**
  - Fahrzeugkennzeichen (ausschließlich für die Parkplatzverwaltung)

### 3.2 Datenquellen
Die personenbezogenen Daten stammen ausschließlich aus folgenden Quellen:

- **Microsoft Office 365 (intern gehostet):**
  - **Outlook:** E-Mails mit Verträgen, Urlaubsanträgen oder Gehaltsinformationen
  - **Word/Excel:** Dokumente wie Personalakten, Arbeitszeitlisten oder Urlaubspläne
  - **OneDrive:** Speicherung von Mitarbeiterdaten (z. B. Verträge, Zeugnisse, Parkplatzberechtigungen)

Weitere Systeme oder externe Dienstleister werden derzeit nicht genutzt.

---

## 4. Betroffene Personen und Empfänger der Daten

### 4.1 Betroffene Personen
Von der Verarbeitung betroffen sind:
- Alle aktiven und ehemaligen Mitarbeitenden der APOR GmbH, deren Daten für die Verwaltung des Beschäftigungsverhältnisses oder die Parkplatzverwaltung verarbeitet werden.

### 4.2 Empfänger der Daten
Die personenbezogenen Daten werden an folgende interne und externe Empfänger übermittelt:

#### **Interne Empfänger:**
- **Personalabteilung:** Zugriff auf Verträge, Gehaltsdaten, Urlaubsanträge und Personalakten
- **Finanzbuchhaltung:** Bearbeitung von Lohnsteuer, Sozialversicherungsbeiträgen und Gehaltsabrechnungen
- **Facility Management:** Verwaltung der Parkplatzberechtigungen (ausschließlich Fahrzeugkennzeichen)
- **Geschäftsführung:** Strategische Personalplanung (aggregierte Daten ohne Personenbezug)

#### **Externe Empfänger:**
- **Steuerbehörden und Krankenkassen:** Für gesetzliche Meldungen (z. B. Lohnsteuer, Sozialversicherung)
- **Externe Buchhalter:** Sofern diese für die Lohnabrechnung eingebunden sind
- **Sicherheitsfirma für Parkplatzschranke:** Erhält ausschließlich die Fahrzeugkennzeichen berechtigter Mitarbeitender zur Zugangskontrolle

---

## 5. Aufbewahrungsfristen und Löschung

### 5.1 Aufbewahrungsfristen
Wir halten uns an folgende Aufbewahrungsfristen für Mitarbeiterdaten:

- **Grundsatz:**
  Personenbezogene Daten werden spätestens **3 Monate nach Austritt** des Mitarbeitenden gelöscht.
- **Ausnahmen:**
  - **Steuerrelevante Unterlagen** (Gehaltsabrechnungen, Lohnsteuerbescheinigungen): **10 Jahre** gemäß § 147 AO und § 257 HGB
  - **Arbeitsverträge, Kündigungen, Zeugnisse:** **3 Jahre** (Verjährungsfrist für arbeitsrechtliche Ansprüche)
  - **Krankheitstage/Sozialversicherungsdaten:** **1 Jahr** (Nachweispflicht gegenüber Krankenkassen)
  - **Parkplatzdaten (Fahrzeugkennzeichen):** **Sofortige Löschung** nach Beendigung des Arbeitsverhältnisses, sofern keine anderen Gründe (z. B. Nachweispflichten) vorliegen

### 5.2 Löschverfahren
Die Löschung erfolgt:
- **Automatisiert** über Microsoft 365 (z. B. durch konfigurierte Aufbewahrungsrichtlinien)
- **Manuell** durch die Personalabteilung (z. B. für physische Akten oder spezielle Fälle)
- **Dokumentation** von Ausnahmen im Datenschutzhandbuch

---

## 6. Technische und organisatorische Maßnahmen (TOM)

### 6.1 Technische Maßnahmen
Zum Schutz der personenbezogenen Daten haben wir folgende technische Maßnahmen implementiert:

- **Zugriffskontrolle:**
  - Nutzung von Windows-Benutzerkonten mit **Passwortschutz** (Mindestlänge: 12 Zeichen)
  - **Multi-Faktor-Authentifizierung (MFA)** für den Zugriff auf sensible Daten (z. B. Gehaltsabrechnungen)
- **Verschlüsselung:**
  - **BitLocker** (Windows) oder **Veracrypt** für die Verschlüsselung lokaler Personalakten
  - **TLS/SSL** für den Versand von E-Mails mit Mitarbeiterdaten
- **Backups:**
  - **Tägliche Sicherungen** auf externen Festplatten oder in der Cloud (mit Ende-zu-Ende-Verschlüsselung)
  - **Quartalsweise Tests** der Wiederherstellungsfähigkeit
- **Parkplatzdaten:**
  - **Getrennte Speicherung** von Fahrzeugkennzeichen und anderen Mitarbeiterdaten
  - **Zugriffsbeschränkung** auf berechtigte Personen (z. B. Facility Management)

### 6.2 Organisatorische Maßnahmen
Zur Sicherstellung des Datenschutzes haben wir folgende organisatorische Maßnahmen umgesetzt:

- **Rollenbasierter Zugriff:**
  - Klare Berechtigungsstrukturen (z. B. HR darf Gehaltsdaten einsehen, Gesundheitsdaten jedoch nicht)
- **Schulungen:**
  - **Jährliche Datenschutz-Schulungen** für alle Mitarbeitenden (z. B. per E-Learning oder Präsenzworkshop)
- **Vertraulichkeitsvereinbarungen:**
  - Schriftliche **Vertraulichkeitserklärungen** für alle Zugriffsberechtigten
- **Löschkonzept:**
  - Festlegung von **Löschfristen** und Verantwortlichkeiten (z. B. 10 Jahre für Steuerunterlagen, sofortige Löschung für Parkplatzdaten)

### 6.3 Praktische Umsetzung
Die Umsetzung der TOM erfolgt schrittweise:
1. **Priorisierung** einfacher Maßnahmen (z. B. Passwortrichtlinien, MFA)
2. **Dokumentation** aller Schritte in einer **TOM-Liste** oder einem **Datenschutzhandbuch**
3. **Regelmäßige Überprüfung** der Wirksamkeit der Maßnahmen

---
**Ende des Verzeichnisses**
*Stand: [Datum der Erstellung]*
*Verantwortlich: Datenschutzbeauftragter der APOR GmbH*

---
User ID: MIN0453
Mode: ask
Time elapsed: 858 seconds
Date: 2026-02-02T13:06:12.022Z
```"
"50","ENB1054","ask","```markdown
# Mitarbeiterverwaltung (Arbeitszeit/Urlaub) & Parkplatzberechtigung
**Verzeichnis von Verarbeitungstätigkeiten (VVT) gemäß Art. 30 DSGVO**

---

## 1. Verantwortliche Stelle und Ansprechpartner

Wir, die **APOR GmbH**, sind als verantwortliche Stelle für die Verarbeitung personenbezogener Daten unserer Mitarbeitenden im Rahmen der Mitarbeiterverwaltung (Arbeitszeit, Urlaub) sowie der Parkplatzberechtigung zuständig.

**Kontaktdaten:**
- **Name der verantwortlichen Stelle:** APOR GmbH
- **Anschrift:** Mainstraße 67, 89073 Ulm
- **E-Mail:** mail@apor.eu
- **Telefon:** 012345678
- **Vertreter der verantwortlichen Stelle:** A. I.
- **Datenschutzbeauftragter:** A. I. (Kontakt: mail@apor.eu, 012345678)

---

## 2. Zweck und Rechtsgrundlage der Verarbeitung

### 2.1 Zwecke der Verarbeitung
Wir verarbeiten personenbezogene Daten unserer Mitarbeitenden ausschließlich für folgende Zwecke:

- **Arbeitsvertragliche Pflichten:**
  - Verwaltung von Eintritt, Austritt und Stammdaten der Mitarbeitenden.
  - Dokumentation von Arbeitszeiten gemäß § 16 Arbeitszeitgesetz (ArbZG) zur korrekten Abrechnung und Einhaltung gesetzlicher Vorgaben.
  - Verwaltung von Urlaubsansprüchen und Abwesenheiten nach § 3 Bundesurlaubsgesetz (BUrlG).

- **Interne Ressourcensteuerung:**
  - Zuweisung und Verwaltung von Parkplatzberechtigungen für den Firmenparkplatz (z. B. via Fahrzeugkennzeichen) zur effizienten Nutzung und Zugangskontrolle.

- **Rechtliche Verpflichtungen:**
  - Erfüllung von Aufbewahrungspflichten (z. B. Lohnunterlagen nach § 257 Handelsgesetzbuch (HGB), steuerrelevante Daten nach § 147 Abgabenordnung (AO)).

*Hinweis:* Krankentage oder medizinische Daten werden für diese Zwecke nicht verarbeitet. Die Speicherung erfolgt nur so lange, wie es für die genannten Zwecke oder gesetzliche Pflichten erforderlich ist.

### 2.2 Rechtsgrundlagen der Verarbeitung
Die Verarbeitung personenbezogener Daten erfolgt auf folgenden Rechtsgrundlagen:

- **Vertragserfüllung (Art. 6 Abs. 1 lit. b DSGVO):**
  Die Verarbeitung ist erforderlich, um Arbeitsverträge zu erfüllen, z. B.:
  - Dokumentation von Arbeitszeiten (§ 16 ArbZG).
  - Verwaltung von Urlaubsansprüchen (§ 3 BUrlG).
  - Pflege von Stammdaten.

- **Rechtliche Verpflichtung (Art. 6 Abs. 1 lit. c DSGVO):**
  Gesetzliche Aufbewahrungspflichten, z. B.:
  - Lohnunterlagen (§ 257 HGB).
  - Steuerrelevante Daten (§ 147 AO).

- **Berechtigtes Interesse (Art. 6 Abs. 1 lit. f DSGVO):**
  Parkplatzverwaltung zur effizienten Nutzung des Firmenparkplatzes (z. B. via Fahrzeugkennzeichen) für betriebliche Abläufe.

- **Datenverarbeitung für Beschäftigungszwecke (§ 26 BDSG):**
  Spezifisch für Mitarbeiterdaten, z. B.:
  - Arbeitszeit- und Urlaubsverwaltung.

---

## 3. Kategorien personenbezogener Daten und Datenquellen

### 3.1 Verarbeitete Datenkategorien
Wir verarbeiten folgende personenbezogene Daten unserer Mitarbeitenden:

- **Persönliche Daten:**
  - Nachname, Vorname
  - Adresse (Straße, PLZ, Ort)
  - Telefonnummer, E-Mail-Adresse
  - Geburtsdatum (für Altersvorsorge oder Sozialleistungen)
  - Personalnummer (zur eindeutigen Identifikation)

- **Beschäftigungsdaten:**
  - Arbeitszeiten (Dokumentation gemäß § 16 ArbZG)
  - Urlaubsansprüche und -zeiten (§ 3 BUrlG)
  - Position im Unternehmen (z. B. Abteilungszugehörigkeit)
  - Eintritts- und Austrittsdatum

- **Finanzielle Daten:**
  - Bankverbindung (für Gehaltszahlungen)
  - Steuerklasse (für Lohnabrechnung)

- **Fahrzeugdaten:**
  - Fahrzeugkennzeichen (für Parkplatzverwaltung)

- **Sonstige Daten:**
  - Qualifikationen oder Fähigkeiten (falls für die Arbeitsplatzzuweisung relevant)

*Hinweis:* Gesundheitsdaten oder besondere Kategorien personenbezogener Daten (z. B. Religion, ethnische Herkunft) werden nicht verarbeitet.

### 3.2 Datenquellen
Die personenbezogenen Daten der Mitarbeitenden werden aus folgenden Systemen und Kanälen erfasst:

- HR-Software (z. B. für Arbeitszeiten, Urlaubsanträge, Stammdaten und Austrittsdokumentation)
- Microsoft 365 (z. B. Outlook für E-Mails mit Urlaubsanträgen, Excel/SharePoint für Arbeitszeitlisten oder Parkplatzzuweisungen)
- Spezialisierte Parkplatzverwaltung (z. B. Erfassung von Fahrzeugkennzeichen für die Zuweisung von Parkplätzen)
- Manuelle Eingaben (z. B. papierbasierte Formulare oder digitale Dokumente, die per E-Mail übermittelt werden)
- Externe Cloud-Dienste (falls genutzt, z. B. für Backups oder Dokumentenablage)

---

## 4. Betroffene Personen und Empfänger

### 4.1 Betroffene Personen (Dateninhaber)
- Aktuelle und ehemalige Mitarbeitende (inkl. Teilzeitkräfte, Auszubildende, Leiharbeiter)

*Hinweis:* Es werden keine Daten externer Kunden oder Bewerber verarbeitet, da es sich um interne Personalprozesse handelt.

### 4.2 Interne Empfänger (Abteilungen/Rollen mit Datenzugriff)
- **HR/Personalabteilung:** Arbeitszeiten, Urlaubsanträge, Stammdaten
- **Verwaltung/Finanzen:** Gehaltsabrechnung, Bankdaten, Steuerdaten
- **Logistik:** Parkplatzverwaltung (Fahrzeugkennzeichen)
- **IT-Administration:** Systemwartung (z. B. HR-Software, Microsoft 365)
- **Teamleitungen:** Arbeitszeitkontrolle ihrer Teams

### 4.3 Externe Empfänger (Dritte mit Datenzugriff)
- **Steuerberater:** Lohnabrechnung (§ 257 HGB)
- **Cloud-Anbieter:** Microsoft 365 (E-Mails, SharePoint) oder HR-Software (Auftragsverarbeitungsvertrag erforderlich!)
- **Behörden:** Finanzamt (Lohnsteuer), Sozialversicherungsträger (Meldungen)

### 4.4 Berechtigte Personen (konkrete Rollen)
- **HR-Mitarbeiter:innen:** Urlaubsanträge, Eintritt/Austritt
- **Verwaltungsmitarbeiter:innen:** Gehaltsdaten, Bankverbindungen
- **Logistikmitarbeiter:innen:** Parkplatzzuweisung (Fahrzeugkennzeichen)
- **IT-Administrator:innen:** Systemzugriff (z. B. Backups, Passwortverwaltung)

---

## 5. Aufbewahrungsfristen und Löschung

### 5.1 Aufbewahrungsfristen
Wir speichern personenbezogene Daten der Mitarbeitenden nur so lange, wie es für die genannten Zwecke oder gesetzliche Pflichten erforderlich ist:

- **Arbeitszeitdokumente (§ 16 ArbZG):** 2 Jahre nach Ende des Kalenderjahres, in dem die Aufzeichnung erfolgte.
- **Urlaubsdaten (§ 3 BUrlG):** Bis zum Ende des Folgejahres nach Austritt des Mitarbeitenden (z. B. für Nachweise bei Streitigkeiten).
- **Lohnunterlagen (§ 257 HGB) und steuerrelevante Daten (§ 147 AO):** 6–10 Jahre (je nach Steuerrecht).
- **Stammdaten (Name, Adresse, Kontaktdaten):** Bis zum Austritt des Mitarbeitenden, danach 3 Monate (z. B. für Rückfragen).
- **Parkplatzdaten (Fahrzeugkennzeichen):** Löschung sofort nach Austritt, sofern keine betrieblichen Gründe (z. B. laufende Verträge) dagegen sprechen.
- **Bankverbindungen:** Löschung 3 Monate nach Austritt, sofern keine offenen Zahlungen mehr bestehen.

### 5.2 Löschprozess
- **Automatisierte Löschfristen:** In der HR-Software hinterlegt (z. B. nach Austritt oder Ablauf der Fristen).
- **Manuelle Überprüfung:** Durch die Personalabteilung bei gesetzlichen Ausnahmen (z. B. laufende Steuerprüfungen).
- **Protokollierung:** Alle Löschvorgänge werden für Nachweispflichten dokumentiert.

---

## 6. Technische und organisatorische Maßnahmen (TOM)

### 6.1 Technische Maßnahmen
- **Zugriffskontrolle:**
  - Nur berechtigte Personen (z. B. HR, Verwaltung) haben Zugang zu Mitarbeiterdaten, z. B. über Passwortschutz oder Zwei-Faktor-Authentifizierung (z. B. in Microsoft 365 oder der HR-Software).
  - Beispiel: Die Parkplatzverwaltung (Fahrzeugkennzeichen) ist nur für die Logistikabteilung einsehbar.

- **Verschlüsselung:**
  - Daten werden verschlüsselt gespeichert (z. B. in der Cloud oder auf Servern) und bei der Übertragung (z. B. E-Mails mit sensiblen Daten).
  - Beispiel: Urlaubsanträge oder Arbeitszeitdokumente werden als verschlüsselte PDFs versendet.

- **Datensicherung:**
  - Regelmäßige Backups (z. B. wöchentlich) und getestete Wiederherstellungsprozesse, um Datenverlust zu vermeiden.
  - Beispiel: Automatische Backups der HR-Software in einem sicheren Rechenzentrum.

- **Firewalls & Virenschutz:**
  - Schutz vor Cyberangriffen durch aktuelle Sicherheitssoftware und Firewalls auf allen Geräten.

### 6.2 Organisatorische Maßnahmen
- **Schulungen:**
  - Regelmäßige Datenschutz-Schulungen für Mitarbeitende, besonders für HR und Verwaltung (z. B. Umgang mit Urlaubsanträgen oder Parkplatzdaten).

- **Dokumentation & Protokollierung:**
  - Protokollierung von Zugriffen auf sensible Daten (z. B. in der HR-Software).

- **Löschkonzept:**
  - Klare Regeln, wann Daten gelöscht werden (z. B. nach Austritt eines Mitarbeitenden oder Ablauf gesetzlicher Aufbewahrungsfristen).

- **Physische Sicherheit:**
  - Zugang zu Büros oder Servern nur für Berechtigte (z. B. Schlüsselkarten für HR-Räume).

- **Verträge mit Dienstleistern:**
  - Bei Nutzung externer Tools (z. B. Cloud-Speicher) werden Auftragsverarbeitungsverträge (AVV) gemäß Art. 28 DSGVO abgeschlossen.

---

## 7. Zusätzliche Informationen

### 7.1 Datenübermittlung in Drittländer
Die Verarbeitung erfolgt primär innerhalb der EU/EEA. Falls Cloud-Dienste (z. B. Microsoft 365) genutzt werden, die Daten außerhalb der EU speichern, basiert dies auf Standardvertragsklauseln (SCC) gemäß Art. 46 DSGVO. Eine Liste der genutzten Dienste mit Drittlandbezug liegt vor.

### 7.2 Auftragsverarbeitung (AVV)
Mit allen externen Dienstleistern (z. B. HR-Software-Anbieter, Cloud-Speicher) wurden Auftragsverarbeitungsverträge (AVV) gemäß Art. 28 DSGVO abgeschlossen. Diese regeln u. a. technische und organisatorische Maßnahmen (TOM) sowie Löschfristen.

### 7.3 Besonderheiten der Parkplatzverwaltung
Die Zuweisung von Parkplätzen erfolgt anhand von Fahrzeugkennzeichen, die in einer separaten Datenbank (z. B. HR-Software oder Excel) gespeichert werden. Die Logistikabteilung hat exklusiven Zugriff. Eine Datenschutz-Folgenabschätzung (DPIA) wurde durchgeführt, da die Verarbeitung von Kennzeichen ein erhöhtes Risiko für Betroffene darstellt.

### 7.4 Automatisierte Prozesse
- Arbeitszeitdokumentation und Urlaubsanträge werden in der HR-Software teilautomatisiert verarbeitet (z. B. digitale Genehmigungsworkflows).
- Parkplatzzuweisungen erfolgen manuell, basierend auf betrieblichen Kriterien (z. B. Dienstwagen, Behinderung).

### 7.5 Sonstiges
- **Schulungen:** Alle Mitarbeitenden mit Datenzugriff (HR, Logistik, IT) erhalten jährliche Datenschutz-Schulungen.
- **Protokollierung:** Zugriffe auf sensible Daten (z. B. Gehaltsdaten) werden in der HR-Software protokolliert.
- **Löschkonzept:** Automatisierte Löschfristen in der HR-Software; manuelle Überprüfung bei gesetzlichen Ausnahmen (z. B. Steuerprüfungen).

---
User ID: ENB1054
Mode: ask
Time elapsed: 866 seconds
Date: 2026-02-02T13:18:47.033Z
```"
"51","NOL0906","ask","```markdown
# Mitarbeiterverwaltung (Arbeitszeit/Urlaub) & Parkplatzberechtigung

## 1. Verantwortliche Stelle und Kontaktdaten

Als verantwortliche Stelle im Sinne der Datenschutz-Grundverordnung (DSGVO) verarbeiten wir personenbezogene Daten im Rahmen unserer betrieblichen Prozesse. Die folgenden Angaben dienen der Erfüllung unserer Dokumentationspflichten gemäß Art. 30 DSGVO.

- **Name der verantwortlichen Stelle:** APOR GmbH
- **Rolle:** Verantwortlicher (Data Controller)
- **Anschrift:** Mainstraße 67, 89073 Ulm
- **E-Mail-Adresse:** mail@apor.eu
- **Telefonnummer:** 012345678
- **Vertreter:** ai@apor.eu
- **Datenschutzbeauftragter:** A.I.

## 2. Zwecke und Rechtsgrundlagen der Verarbeitung

Wir verarbeiten personenbezogene Daten zu folgenden Zwecken und auf Basis der nachstehenden Rechtsgrundlagen:

### Zwecke der Verarbeitung
- Verwaltung von Arbeitszeiten und Urlaubsansprüchen zur Erfüllung arbeitsvertraglicher Pflichten
- Dokumentation von Arbeitszeiten zur Einhaltung gesetzlicher Vorgaben (z. B. § 16 ArbZG)
- Verwaltung von Parkplatzberechtigungen im betrieblichen Interesse
- Erfüllung von Aufbewahrungspflichten nach handels- und steuerrechtlichen Vorschriften

### Rechtsgrundlagen der Verarbeitung
- **Vertragserfüllung (Art. 6 Abs. 1 lit. b DSGVO):**
  Die Verarbeitung ist erforderlich, um Arbeitsverträge zu erfüllen, insbesondere zur Erfassung von Arbeitszeiten und Verwaltung von Urlaubstagen.
- **Rechtliche Verpflichtung (Art. 6 Abs. 1 lit. c DSGVO):**
  Die Verarbeitung erfolgt zur Einhaltung gesetzlicher Vorgaben, wie der Arbeitszeitdokumentation (§ 16 ArbZG) oder handels- und steuerrechtlicher Aufbewahrungspflichten (z. B. HGB, AO).
- **Berechtigtes Interesse (Art. 6 Abs. 1 lit. f DSGVO):**
  Die Verwaltung von Parkplatzberechtigungen erfolgt im berechtigten betrieblichen Interesse, sofern dies für den reibungslosen Betriebsablauf erforderlich ist.

## 3. Kategorien personenbezogener Daten und Datenquellen

### Kategorien personenbezogener Daten
Wir verarbeiten folgende Kategorien personenbezogener Daten:

- **Persönliche Identifikationsdaten:**
  - Name
  - Adresse
  - Kontaktdaten (z. B. für Urlaubsanträge oder Parkplatzzuweisung)
- **Beschäftigungsdaten:**
  - Arbeitszeiten
  - Urlaubstage
  - Personalnummer (für Zeiterfassung und Planung)
- **Finanzielle Daten:**
  - Bankverbindung (falls Parkplatzgebühren abgebucht werden)
- **Gesundheitsdaten:**
  - Krankmeldungen oder Impfnachweise (sofern für Parkplatzzugang relevant)
- **Fahrzeugdaten:**
  - Kennzeichen (für die Parkplatzverwaltung)

### Datenquellen
Die personenbezogenen Daten stammen aus folgenden Quellen:

- HR-Software (z. B. für Zeiterfassung, Urlaubsanträge, Stammdaten)
  - Beispiele: SAP SuccessFactors, Personio oder eine selbst entwickelte Lösung
- Zeiterfassungssysteme (z. B. Terminals, Apps oder Excel-Listen)
  - Beispiele: TimeTac, Clockodo oder ein internes Tool
- E-Mail-Systeme (z. B. für Urlaubsanträge oder Parkplatzanfragen)
  - Beispiele: Microsoft Outlook (Office 365) oder Google Mail
- Dokumentenmanagement (z. B. für Verträge oder Nachweise)
  - Beispiele: SharePoint, Nextcloud oder physische Akten
- Parkplatzverwaltung (falls digital erfasst)

## 4. Betroffene Personen und Empfänger der Daten

### Kategorien betroffener Personen
Die Verarbeitung betrifft folgende Personengruppen:

- Mitarbeitende

### Empfänger der Daten
Die personenbezogenen Daten werden an folgende interne und externe Empfänger übermittelt:

- **Interne Empfänger:**
  - HR-Abteilung
  - Führungskräfte
  - IT-Administratoren

- **Externe Empfänger:**
  - Behörden (im Rahmen gesetzlicher Meldepflichten)

## 5. Löschfristen und Datenaufbewahrung

Wir löschen personenbezogene Daten nach Ablauf der gesetzlichen Aufbewahrungsfristen oder sobald sie für die Zwecke, für die sie erhoben wurden, nicht mehr erforderlich sind.

- **Arbeitszeitdokumentation:** 2–3 Jahre
- **Steuer- und sozialversicherungsrelevante Daten:** Bis zu 10 Jahre (gemäß HGB/AO)

## 6. Technische und organisatorische Maßnahmen (TOM)

Wir haben geeignete technische und organisatorische Maßnahmen implementiert, um die Sicherheit und den Schutz der verarbeiteten personenbezogenen Daten zu gewährleisten.

### Technische Maßnahmen
- **Zugriffsbeschränkung:**
  Nur berechtigte Personen (z. B. HR, Vorgesetzte) dürfen auf Daten zugreifen („Need-to-know-Prinzip“).
- **Passwortschutz:**
  Sichere Passwörter, ggf. mit Zwei-Faktor-Authentifizierung (MFA).
- **Backups:**
  Regelmäßige Datensicherungen, um Datenverlust zu vermeiden.
- **Zutrittskontrolle:**
  Physische Sicherheit für Serverräume/Archive (z. B. Schlüsselkarten).

### Organisatorische Maßnahmen
- **Vertraulichkeitsverpflichtung:**
  Mitarbeitende mit Datenzugriff unterschreiben eine Verschwiegenheitserklärung.

---
User ID: NOL0906
Mode: ask
Time elapsed: 638 seconds
Date: 2026-02-02T13:18:53.857Z
```"
"52","ENB1054","chat","```markdown
# Mitarbeiterverwaltung (Arbeitszeit/Urlaub) & Parkplatzberechtigung
**Verzeichnis von Verarbeitungstätigkeiten gemäß Artikel 30 DSGVO**

---

## 1. Verantwortliche Stelle und Ansprechpartner

**Verantwortliche Stelle (Verantwortlicher im Sinne der DSGVO):**
- **Name:** APOR GmbH
- **Anschrift:** Mainstraße 67, 89073 Ulm
- **Kontakt:**
  - E-Mail: mail@apor.eu
  - Telefon: 012345678
- **Vertreter:** A. I.
- **Datenschutzbeauftragter:** A. I.

Die APOR GmbH handelt als alleiniger Verantwortlicher für die in diesem Verzeichnis beschriebenen Verarbeitungstätigkeiten. Eine gemeinsame Verantwortlichkeit gemäß Artikel 26 DSGVO liegt nicht vor.

---

## 2. Zwecke und Rechtsgrundlagen der Verarbeitung

Die APOR GmbH verarbeitet personenbezogene Daten zu folgenden Zwecken:

### 2.1 Verwaltung von Arbeitszeiten und Urlaubsansprüchen
Wir verarbeiten personenbezogene Daten zur korrekten Erfassung, Dokumentation und Abrechnung von Arbeitszeiten, Pausen, Überstunden sowie zur Verwaltung von Urlaubsansprüchen. Dies dient der Einhaltung arbeitsrechtlicher, tarifvertraglicher und sozialversicherungsrechtlicher Pflichten sowie der internen Personalplanung und Ressourcenoptimierung.

### 2.2 Verwaltung von Parkplatzberechtigungen
Wir verarbeiten personenbezogene Daten zur Zuweisung, Verwaltung und Kontrolle von Parkplatzberechtigungen für unsere Mitarbeiter:innen. Dies umfasst die Hinterlegung von Fahrzeugkennzeichen oder anderen Identifikationsmerkmalen zur Steuerung der Schrankenanlage und dient der effizienten Nutzung der verfügbaren Parkflächen sowie der Vermeidung von Missbrauch.

### 2.3 Compliance und interne Berichterstattung
Wir nutzen die verarbeiteten Daten für interne Auswertungen (z. B. Personalplanung, Kapazitätsmanagement) sowie zur Erfüllung gesetzlicher Melde- und Aufbewahrungspflichten.

### 2.4 Rechtsgrundlagen der Verarbeitung
Die Verarbeitung personenbezogener Daten erfolgt auf folgenden Rechtsgrundlagen gemäß Artikel 6 Absatz 1 DSGVO sowie ergänzenden nationalen Vorschriften:

- **Artikel 6 Absatz 1 Buchstabe b DSGVO (Vertragserfüllung):**
  Die Verarbeitung ist für die Erfüllung des Arbeitsvertrags oder zur Durchführung vorvertraglicher Maßnahmen erforderlich, insbesondere zur Verwaltung von Arbeitszeiten, Urlaubsansprüchen und Parkplatzberechtigungen.

- **Artikel 6 Absatz 1 Buchstabe c DSGVO (Rechtliche Verpflichtung):**
  Die Verarbeitung ist zur Erfüllung gesetzlicher Pflichten erforderlich, insbesondere nach:
  - **§ 26 Bundesdatenschutzgesetz (BDSG):** Verarbeitung personenbezogener Daten von Beschäftigten für Zwecke des Beschäftigungsverhältnisses.
  - **§ 257 Handelsgesetzbuch (HGB):** Aufbewahrung von Unterlagen im Zusammenhang mit der Buchführung.
  - **§ 147 Abgabenordnung (AO):** Aufbewahrung von steuerrelevanten Unterlagen.

- **Artikel 6 Absatz 1 Buchstabe f DSGVO (Berechtigtes Interesse):**
  Die Verarbeitung erfolgt zur Wahrung unserer berechtigten Interessen, insbesondere zur effizienten Verwaltung von Ressourcen (z. B. Parkplatzmanagement) und zur Sicherstellung der betrieblichen Organisation.

---

## 3. Kategorien personenbezogener Daten und Datenquellen

### 3.1 Verarbeitete Datenkategorien
Wir verarbeiten folgende Kategorien personenbezogener Daten:

**Personenbezogene Basisdaten:**
- Nachname
- Vorname
- Anschrift (Straße, Hausnummer, Postleitzahl, Ort)
- Telefonnummer
- E-Mail-Adresse

**Beschäftigtendaten:**
- Arbeitszeiten (Beginn, Ende, Pausen, Überstunden)
- Berufliche Position
- Personalnummer
- Urlaubsanspruch (Gesamtanspruch, genommene und verbleibende Tage)
- Urlaubszeiten (genehmigte und geplante Urlaubstage)

**Fahrzeugdaten:**
- Fahrzeugkennzeichen

### 3.2 Datenquellen
Die personenbezogenen Daten werden ausschließlich aus folgenden Quellen erhoben:
- Direkterhebung bei den betroffenen Personen (z. B. bei Eintritt in das Unternehmen oder Beantragung einer Parkplatzberechtigung).
- Interne Systeme und Prozesse (z. B. Zeiterfassungssysteme, Personalverwaltung).

Die Verarbeitung erfolgt ausschließlich auf intern gehosteten Systemen (Microsoft Office und interne Server). Externe Cloud-Dienste oder Drittanbieter werden nicht genutzt.

---

## 4. Betroffene Personen und Empfänger der Daten

### 4.1 Kategorien betroffener Personen
Die Verarbeitung betrifft folgende Kategorien betroffener Personen:
- **Mitarbeiter:innen** der APOR GmbH (vom Eintritt bis zum Austritt).

### 4.2 Empfänger der Daten
Die personenbezogenen Daten werden ausschließlich innerhalb der APOR GmbH verarbeitet und nicht an externe Empfänger übermittelt. Eine Weitergabe an Dritte erfolgt nur in folgenden Fällen:

- **Interne Empfänger:**
  Die Daten werden ausschließlich an berechtigte Mitarbeiter:innen weitergegeben, die diese zur Erfüllung ihrer Aufgaben benötigen. Dies umfasst insbesondere:
  - Personalabteilung (Verwaltung von Arbeitszeiten, Urlaub und Parkplatzberechtigungen).
  - Vorgesetzte (Genehmigung von Urlaubsanträgen und Arbeitszeiten).
  - IT-Administration (technische Verwaltung der Systeme).

- **Externe Empfänger:**
  Eine Übermittlung an externe Empfänger erfolgt nur, sofern dies gesetzlich vorgeschrieben ist (z. B. an Steuerbehörden oder Sozialversicherungsträger).

---

## 5. Löschfristen und Speicherdauer

### 5.1 Reguläre Löschfristen
Wir löschen personenbezogene Daten spätestens **drei Monate nach Austritt des/der Mitarbeiter:in** aus unseren Systemen. Dies gilt für alle Datenkategorien, sofern keine gesetzlichen Aufbewahrungspflichten entgegenstehen.

### 5.2 Ausnahmen von der Löschfrist
Für Daten, die gesetzlichen Aufbewahrungspflichten unterliegen (z. B. nach HGB oder AO), gelten die jeweiligen gesetzlichen Fristen. Diese Daten werden nach Ablauf der Aufbewahrungsfrist unverzüglich gelöscht.

### 5.3 Besonderheiten
- **Parkplatzberechtigungen:** Die hinterlegten Fahrzeugkennzeichen werden spätestens mit dem Austritt des/der Mitarbeiter:in gelöscht.
- **Anonymisierung:** Fahrzeugkennzeichen werden während der Verarbeitung durch technische Maßnahmen (z. B. Hash-Werte) pseudonymisiert, um den Schutz der Daten zu erhöhen.

---

## 6. Technische und organisatorische Maßnahmen (TOM)

Die APOR GmbH hat folgende technische und organisatorische Maßnahmen implementiert, um die Sicherheit und den Schutz der verarbeiteten personenbezogenen Daten gemäß Artikel 32 DSGVO zu gewährleisten:

### 6.1 Zugriffskontrollen
- **Rollenbasierter Zugriff:** Der Zugriff auf personenbezogene Daten erfolgt nach dem Need-to-know-Prinzip. Nur berechtigte Mitarbeiter:innen erhalten Zugang zu den für ihre Aufgaben erforderlichen Daten.
- **Mehrfaktor-Authentifizierung (MFA):** Für den Zugriff auf sensible Systeme (z. B. Personalverwaltung) ist eine MFA erforderlich.
- **Passwortrichtlinien:** Starke Passwörter mit regelmäßiger Änderungspflicht und Sperrung nach mehreren fehlgeschlagenen Anmeldeversuchen.

### 6.2 Datenverschlüsselung
- **Verschlüsselung im Ruhezustand:** Daten auf Servern und Speichermedien werden verschlüsselt.
- **Verschlüsselung bei der Übertragung:** Daten werden bei der Übertragung (z. B. per E-Mail oder VPN) verschlüsselt.

### 6.3 Physische Sicherheit
- **Zutrittskontrolle:** Der Serverraum und Archivbereiche sind durch physische Zutrittskontrollen gesichert.
- **Sicherung der Parkplatzschranke:** Die Schrankenanlage ist vor unbefugtem Zugriff geschützt.

### 6.4 Datenintegrität und Verfügbarkeit
- **Regelmäßige Backups:** Tägliche und wöchentliche Backups zur Sicherstellung der Datenverfügbarkeit.
- **Notfallplan:** Ein Notfallplan für den Fall eines Datenverlusts oder Systemausfalls ist implementiert.
- **Protokollierung:** Alle Zugriffe auf personenbezogene Daten werden protokolliert.

### 6.5 Organisatorische Maßnahmen
- **Vertraulichkeitsverpflichtung:** Alle Mitarbeiter:innen sind zur Vertraulichkeit verpflichtet und werden regelmäßig zu Datenschutz und Sicherheit geschult.
- **Regelmäßige Überprüfung:** Die Berechtigungen für Parkplatzzuweisungen werden regelmäßig überprüft und bei Bedarf angepasst.
- **Löschung nach Austritt:** Daten werden spätestens drei Monate nach Austritt des/der Mitarbeiter:in gelöscht.

### 6.6 Maßnahmen zur Parkplatzverwaltung
- **Anonymisierung von Fahrzeugkennzeichen:** Fahrzeugkennzeichen werden durch technische Maßnahmen (z. B. Hash-Werte) pseudonymisiert.
- **Regelmäßige Überprüfung:** Die Parkplatzberechtigungen werden regelmäßig überprüft, um sicherzustellen, dass nur berechtigte Personen Zugang erhalten.

---
**Stand:** [Datum der Erstellung]
**Verantwortlich:** Datenschutzbeauftragter der APOR GmbH

---
User ID: ENB1054
Mode: chat
Time elapsed: 523 seconds
Date: 2026-02-02T13:28:18.253Z
```"
"53","ATN238","form","```markdown
# Mitarbeiterverwaltung (Arbeitszeit/Urlaub) & Parkplatzberechtigung
**Verzeichnis von Verarbeitungstätigkeiten gemäß Artikel 30 DSGVO**

---

## 1. Verantwortliche Stelle und Ansprechpartner

**Verantwortliche Stelle (Verantwortlicher im Sinne der DSGVO):**
- **Name:** APOR GmbH
- **Anschrift:** Mainstraße 67, 89073 Ulm
- **Kontakt:**
  - E-Mail: mail@apor.eu
  - Telefon: 012345678

**Vertreter des Verantwortlichen:**
- **Name:** A. I.
- **E-Mail:** ai@apor.eu

**Datenschutzbeauftragter (DSB):**
- **Name:** A. I.
- **E-Mail:** ai@apor.eu

**Rolle:**
Wir sind als **Verantwortlicher** im Sinne der DSGVO tätig und verarbeiten personenbezogene Daten im Rahmen der Mitarbeiterverwaltung sowie der Parkplatzberechtigung. Unsere Tätigkeit unterliegt den Vorgaben der DSGVO sowie des Bundesdatenschutzgesetzes (BDSG).

---

## 2. Zwecke und Rechtsgrundlagen der Verarbeitung

### 2.1 Verarbeitungszwecke
Wir verarbeiten personenbezogene Daten zu folgenden Zwecken:
- **Verwaltung von Arbeitszeiten und Urlaubsansprüchen:**
  Erfassung, Speicherung und Nutzung von Beschäftigtendaten (z. B. Personalnummer, Arbeitszeiten, Urlaubstage) zur ordnungsgemäßen Durchführung betrieblicher Prozesse und zur Erfüllung gesetzlicher Pflichten.
- **Regelung der Parkplatzberechtigung:**
  Verwaltung von Fahrzeugdaten (z. B. Kennzeichen) zur Zuweisung und Kontrolle von Parkplätzen für Mitarbeiter.

### 2.2 Rechtsgrundlagen
Die Verarbeitung erfolgt auf Grundlage der folgenden Rechtsnormen:
- **Art. 6 Abs. 1 lit. b DSGVO:**
  Die Verarbeitung ist für die Erfüllung eines Vertrags (Arbeitsvertrag) oder zur Durchführung vorvertraglicher Maßnahmen erforderlich.
- **§ 26 BDSG (Datenverarbeitung für Zwecke des Beschäftigungsverhältnisses):**
  Die Verarbeitung von Beschäftigtendaten ist zur Begründung, Durchführung oder Beendigung des Beschäftigungsverhältnisses erforderlich.

---

## 3. Kategorien personenbezogener Daten und Datenquellen

### 3.1 Kategorien personenbezogener Daten
Wir verarbeiten folgende Kategorien personenbezogener Daten:

**Personenbezogene Daten:**
- Nachname
- Vorname
- Anschrift
- E-Mail-Adresse

**Beschäftigtendaten:**
- Arbeitszeiten
- Berufliche Position
- Personalnummer
- Unternehmenszugehörigkeit
- Urlaubsanspruch
- Urlaubstage
- Urlaubszeiten

**Vertragsdaten:**
- Vertragsdaten (z. B. Arbeitsvertrag, Zusatzvereinbarungen)

**Fahrzeugdaten:**
- Kennzeichen

### 3.2 Datenquellen
Die personenbezogenen Daten stammen aus folgenden Quellen:
- **HR-Software:**
  Nutzung einer spezifischen HR-Software zur Verwaltung von Mitarbeiterdaten, Arbeitszeiten und Urlaubsansprüchen.
- **Sicherheits- und Compliance-Systeme:**
  Einsatz eines SIEM-Systems (Security Information and Event Management) zur Protokollierung von Zugriffen und Änderungen.
- **Manuelle Erfassung:**
  Direkte Eingabe durch autorisierte Mitarbeiter (z. B. HR-Abteilung) oder durch die betroffenen Personen selbst (z. B. Antrag auf Parkplatzberechtigung).

---

## 4. Betroffene Personen und Empfänger der Daten

### 4.1 Kategorien betroffener Personen
Die Verarbeitung betrifft folgende Personengruppen:
- **Interne Gruppen:**
  Mitarbeiter der APOR GmbH.

### 4.2 Interne Empfänger
Die Daten werden an folgende interne Empfänger übermittelt:
- **Geschäftsführung**
- **Verwaltung**
- **Recht und Compliance**
- **Personalabteilung (HR)**

### 4.3 Externe Empfänger in der EU
Daten werden an folgende externe Empfänger innerhalb der EU übermittelt:
- **Software- und Cloud-Anbieter:**
  Externe Dienstleister, die HR-Software oder Cloud-Dienste bereitstellen (z. B. für die Speicherung von Mitarbeiterdaten). Die Übermittlung erfolgt auf Grundlage von Auftragsverarbeitungsverträgen (AV-Verträgen) gemäß Art. 28 DSGVO.

**Hinweis zur Datenübermittlung an Dritte:**
Falls Parkplatzdaten (z. B. Kennzeichen) an externe Dienstleister wie Parkhausbetreiber weitergegeben werden, erfolgt dies ausschließlich auf Grundlage einer rechtlichen Grundlage (z. B. AV-Vertrag oder Einwilligung) und wird entsprechend dokumentiert.

### 4.4 Berechtigte Personen
Folgende Rollen innerhalb unseres Unternehmens sind zur Verarbeitung der Daten berechtigt:
- **Führungsrollen** (z. B. Geschäftsführung)
- **Administrative Rollen** (z. B. HR-Mitarbeiter)
- **Rechtliche und Compliance-Rollen** (z. B. Datenschutzbeauftragter)
- **HR- und Personalverantwortliche**

---

## 5. Speicherfristen und Löschung

### 5.1 Speicherfristen
Die personenbezogenen Daten werden wie folgt gespeichert:
- **Grundsatz:**
  Die Daten werden **6 Jahre nach Beendigung des Beschäftigungsverhältnisses** gelöscht. Diese Frist ergibt sich aus den gesetzlichen Aufbewahrungspflichten gemäß § 257 HGB und § 147 AO für steuerrelevante Unterlagen, wobei Arbeitszeit- und Urlaubsdaten als Teil der Personalakten gelten.

- **Ausnahmen:**
  In Einzelfällen können Daten über die reguläre Speicherfrist hinaus aufbewahrt werden, sofern dies zur Erfüllung gesetzlicher Pflichten oder zur Geltendmachung, Ausübung oder Verteidigung von Rechtsansprüchen erforderlich ist.

### 5.2 Löschkonzept
Wir haben folgende Maßnahmen zur Sicherstellung der Löschung implementiert:
- **Automatisierte Löschroutinen:**
  Die HR-Software ist so konfiguriert, dass Daten nach Ablauf der Speicherfrist automatisch gelöscht oder anonymisiert werden.
- **Manuelle Löschung:**
  Bei Daten, die nicht automatisiert gelöscht werden können, erfolgt eine manuelle Löschung durch autorisierte Mitarbeiter.
- **Dokumentation:**
  Alle Löschvorgänge werden protokolliert und archiviert.

**Hinweis zu Parkplatzdaten:**
Parkplatzdaten (z. B. Kennzeichen) werden unmittelbar nach Beendigung des Beschäftigungsverhältnisses oder bei Widerruf der Parkplatzberechtigung gelöscht, sofern keine gesetzlichen Aufbewahrungspflichten entgegenstehen.

---

## 6. Technische und organisatorische Maßnahmen (TOM)

Zur Gewährleistung der Sicherheit und des Schutzes personenbezogener Daten haben wir folgende technische und organisatorische Maßnahmen implementiert:

### 6.1 Zugriffskontrolle
- **Rollenbasierte Zugriffsrechte (RBAC):**
  Der Zugriff auf Mitarbeiterdaten und Parkplatzberechtigungen ist auf autorisierte HR- und Verwaltungsmitarbeiter beschränkt.
- **Zwei-Faktor-Authentifizierung (2FA):**
  Für den Zugriff auf sensible Systeme ist eine Zwei-Faktor-Authentifizierung erforderlich.

### 6.2 Verschlüsselung
- **Datenübertragung:**
  Alle Datenübertragungen erfolgen verschlüsselt via **TLS (Transport Layer Security)**.
- **Ruhe-Daten:**
  Sensible Daten (z. B. Kennzeichen, Personalnummern) werden mit **AES-256** verschlüsselt gespeichert.

### 6.3 Protokollierung
- **Automatisierte Logs:**
  Alle Zugriffe, Änderungen und Löschungen werden in einem **SIEM-System** protokolliert und regelmäßig überprüft.
- **Aufbewahrung von Protokollen:**
  Protokolldaten werden für mindestens **12 Monate** aufbewahrt.

### 6.4 Physische Sicherheit
- **Zutrittskontrolle:**
  Serverräume und Arbeitsplätze mit Zugriff auf sensible Daten sind durch physische Zutrittskontrollen gesichert.

### 6.5 Schulungen
- **Regelmäßige Schulungen:**
  Mitarbeiter mit Zugriff auf personenbezogene Daten erhalten **jährliche Schulungen** zu den Anforderungen der DSGVO und zum sicheren Umgang mit Daten.

### 6.6 Datenminimierung
- **Erfassung nur notwendiger Daten:**
  Es werden nur die Daten erhoben, die für den jeweiligen Zweck erforderlich sind (z. B. Kennzeichen nur bei tatsächlicher Parkplatznutzung).

### 6.7 Backup und Wiederherstellung
- **Tägliche Backups:**
  Es werden tägliche Backups erstellt, die verschlüsselt und offline gespeichert werden.
- **Notfallwiederherstellung:**
  Ein Notfallplan zur Wiederherstellung von Daten im Falle eines Systemausfalls ist implementiert.

### 6.8 Auftragsverarbeitung
- **AV-Verträge:**
  Mit allen externen Dienstleistern (z. B. Cloud-Anbieter, HR-Software-Anbieter) wurden **Auftragsverarbeitungsverträge (AV-Verträge)** gemäß Art. 28 DSGVO abgeschlossen.

### 6.9 Incident Response
- **Meldeprozess:**
  Datenschutzvorfälle werden innerhalb von **72 Stunden** an die zuständige Aufsichtsbehörde gemeldet.
- **Interne Prozesse:**
  Ein internes Incident-Response-Team ist für die Bearbeitung von Datenschutzvorfällen zuständig.

### 6.10 Regelmäßige Audits
- **Jährliche Überprüfung:**
  Die Wirksamkeit der technischen und organisatorischen Maßnahmen wird **jährlich** durch den Datenschutzbeauftragten überprüft.

---

## 7. Betroffenenrechte

Wir gewährleisten die Wahrnehmung der folgenden Betroffenenrechte gemäß Kapitel III der DSGVO:
- **Auskunftsrecht (Art. 15 DSGVO):**
  Mitarbeiter können Auskunft über die zu ihrer Person verarbeiteten Daten verlangen.
- **Berichtigungsrecht (Art. 16 DSGVO):**
  Unrichtige Daten werden auf Antrag berichtigt.
- **Löschrecht (Art. 17 DSGVO):**
  Daten werden auf Antrag gelöscht, sofern keine gesetzlichen Aufbewahrungspflichten entgegenstehen.
- **Einschränkungsrecht (Art. 18 DSGVO):**
  Die Verarbeitung von Daten kann auf Antrag eingeschränkt werden.
- **Datenübertragbarkeit (Art. 20 DSGVO):**
  Mitarbeiter können ihre Daten in einem strukturierten, gängigen und maschinenlesbaren Format erhalten.
- **Widerspruchsrecht (Art. 21 DSGVO):**
  Mitarbeiter können der Verarbeitung ihrer Daten aus Gründen, die sich aus ihrer besonderen Situation ergeben, widersprechen.

**Prozess zur Wahrnehmung der Rechte:**
- Betroffene können ihre Rechte formlos per E-Mail an **mail@apor.eu** oder schriftlich an die oben genannte Anschrift geltend machen.
- Anfragen werden innerhalb von **einem Monat** bearbeitet.

---

## 8. Besondere Hinweise

### 8.1 Verarbeitung sensibler Daten
Falls im Rahmen der Parkplatzverwaltung **Gesundheitsdaten** (z. B. für Behindertenparkausweise) verarbeitet werden, erfolgt dies unter Beachtung von **Art. 9 DSGVO** und den entsprechenden Schutzmaßnahmen.

### 8.2 Automatisierte Entscheidungen
Falls die Parkplatzvergabe automatisiert erfolgt, prüfen wir die Einhaltung von **Art. 22 DSGVO** und stellen sicher, dass betroffene Personen nicht ausschließlich auf einer automatisierten Verarbeitung basierenden Entscheidungen unterworfen werden.

### 8.3 Dokumentation der HR-Software
- **Name der HR-Software:**
  [Name der verwendeten HR-Software, falls bekannt]
- **Speicherort:**
  Die Daten werden entweder **on-premise** oder in einer **Cloud-Umgebung** (EU-Standort) gespeichert.

---

## 9. Änderungen und Aktualisierungen
Dieses Verzeichnis wird regelmäßig überprüft und bei Bedarf aktualisiert. Die aktuelle Version ist stets auf Anfrage beim Datenschutzbeauftragten erhältlich.

**Stand:** [Datum der Erstellung]
**Verantwortlich:** Datenschutzbeauftragter der APOR GmbH

---
User ID: ATN238
Mode: form
Time elapsed: 361 seconds
Date: 2026-02-02T14:53:30.535Z
```"
"54","YÜI1752","form","```markdown
# Verzeichnis von Verarbeitungstätigkeiten (VVT)
**Mitarbeiterverwaltung**

---

## 1. Verantwortlicher und Organisation

**Name des Verantwortlichen:**
APOR GMBH

**Rolle:**
Verantwortlicher gemäß Art. 4 Nr. 7 DSGVO

**Anschrift:**
Mainstraße 67

**Kontaktdaten:**
- E-Mail: mail@apor.eu
- Telefon: 012345678

**Vertreter des Verantwortlichen:**
Alberta Insel

**Datenschutzbeauftragter:**
Alberta Insel

---

## 2. Zwecke und Rechtsgrundlagen der Verarbeitung

### 2.1 Zwecke der Verarbeitung
Wir verarbeiten personenbezogene Daten im Rahmen der Mitarbeiterverwaltung zur Erfüllung unserer arbeitsvertraglichen, gesetzlichen und betrieblichen Pflichten. Die Verarbeitung dient insbesondere folgenden Zwecken:

- Personalverwaltung, einschließlich Einstellung, Versetzung und Beendigung von Beschäftigungsverhältnissen
- Gehaltsabrechnung und Sozialversicherungsmeldungen
- Verwaltung von Urlaubs- und Arbeitszeitkonten
- Einhaltung gesetzlicher Aufbewahrungspflichten (z. B. nach HGB und AO)
- Wahrung berechtigter Interessen des Unternehmens, insbesondere im Bereich der betrieblichen Organisation und Compliance

Die Datenverarbeitung erfolgt ausschließlich zur ordnungsgemäßen Durchführung des Beschäftigungsverhältnisses sowie zur Erfüllung rechtlicher Verpflichtungen.

### 2.2 Rechtsgrundlagen der Verarbeitung
Die Verarbeitung personenbezogener Daten erfolgt auf folgenden Rechtsgrundlagen:

- **Art. 6 Abs. 1 lit. b DSGVO** (Erfüllung eines Vertrags oder vorvertraglicher Maßnahmen)
  - Verarbeitung zur Durchführung des Arbeitsvertrags, einschließlich Gehaltsabrechnung und Arbeitszeitmanagement.

- **Art. 6 Abs. 1 lit. c DSGVO** (Erfüllung einer rechtlichen Verpflichtung)
  - Verarbeitung zur Einhaltung gesetzlicher Pflichten, z. B. Sozialversicherungsmeldungen, Steuerabführung und Aufbewahrungspflichten nach HGB (§ 257) und AO (§ 147).

- **Art. 6 Abs. 1 lit. f DSGVO** (Wahrung berechtigter Interessen)
  - Verarbeitung zur Wahrung berechtigter Interessen des Unternehmens, z. B. zur betrieblichen Organisation, Compliance und Risikomanagement.

- **§ 26 BDSG** (Datenverarbeitung für Zwecke des Beschäftigungsverhältnisses)
  - Verarbeitung personenbezogener Daten von Beschäftigten zur Begründung, Durchführung oder Beendigung des Beschäftigungsverhältnisses.

- **§ 257 HGB** (Aufbewahrung von Handelsbüchern und Unterlagen)
  - Aufbewahrung von Gehaltsabrechnungen, Arbeitsverträgen und anderen steuerrelevanten Unterlagen.

- **§ 147 AO** (Aufbewahrung von Unterlagen für steuerliche Zwecke)
  - Aufbewahrung von Unterlagen, die für die Besteuerung von Bedeutung sind.

- **Arbeitsrechtliche Pflichten**
  - Verarbeitung zur Erfüllung arbeitsrechtlicher Verpflichtungen, z. B. Arbeitszeitnachweise und Urlaubsmanagement.

---

## 3. Kategorien personenbezogener Daten und Datenquellen

### 3.1 Kategorien personenbezogener Daten
Wir verarbeiten folgende Kategorien personenbezogener Daten:

**Personenbezogene Grunddaten:**
- Nachname
- Vorname
- Geburtsdatum
- Geburtsort
- Geschlecht
- Staatsangehörigkeit
- Anschrift
- Telefonnummer
- E-Mail-Adresse
- Familienstand

**Beschäftigungsdaten:**
- Arbeitszeiten
- Berufliche Position
- Personalnummer
- Unternehmenszugehörigkeit
- Urlaubsanspruch
- Urlaubstage
- Urlaubszeiten

**Finanzdaten:**
- Gehalt/Lohn
- Bankverbindung
- Steueridentifikationsnummer
- Steuerklasse
- Monatliche Gehälter
- Monatliche Löhne

**Gesundheitsdaten:**
- Krankenversicherungsnummer
- Sozialversicherungsnummer
- Krankheitstage

**Rechtliche Daten:**
- Vertragsdaten
- Ausweisdokumente

**Dokumentations- und Aufzeichnungsdaten:**
- Individuelle Dokumentation
- Belege
- Rechnungsdaten

**Sonstige Daten:**
- Fähigkeiten und Qualifikationen

### 3.2 Datenquellen
Die personenbezogenen Daten stammen aus folgenden Quellen:

- E-Mail-Anbieter
- Finanzdienstleister
- HR-Software (z. B. SAP SuccessFactors, Datev, Lexware oder internes System)
- Unternehmenssysteme (z. B. ERP- oder CRM-Systeme)
- Spezialisierte HR-Software für Personalverwaltung, Gehaltsabrechnung und Arbeitszeitmanagement

---

## 4. Betroffene Personen und Empfänger

### 4.1 Kategorien betroffener Personen
Die Verarbeitung betrifft folgende Kategorien betroffener Personen:

- Interne Gruppen (Mitarbeiter der APOR GMBH)

### 4.2 Empfängerkategorien

**Interne Empfänger:**
- Geschäftsführung
- Verwaltung
- Finanzabteilung
- Rechts- und Compliance-Abteilung
- Personalabteilung (HR)

**Externe Empfänger in der EU:**
- Behörden (z. B. Finanzamt, Sozialversicherungsträger)
- Software- und Cloud-Anbieter (z. B. für HR-Software oder Gehaltsabrechnung)
- Krankenkassen und Versicherungsträger
- Finanzinstitute (z. B. Banken für Gehaltszahlungen)
- Dienstleister (z. B. Steuerberater, Lohnbuchhalter)

**Berechtigte Personen:**
- Führungskräfte
- Administrative Rollen
- Finanzverantwortliche
- Rechts- und Compliance-Verantwortliche
- HR- und Personalverantwortliche

---

## 5. Aufbewahrungsfristen und Löschung

### 5.1 Aufbewahrungsfristen
Wir bewahren personenbezogene Daten gemäß den gesetzlichen Vorgaben und betrieblichen Erfordernissen auf. Die Aufbewahrungsfristen richten sich nach den folgenden Kriterien:

- **10 Jahre nach Beendigung des Beschäftigungsverhältnisses**
  - Steuerlich relevante Daten (z. B. Gehaltsabrechnungen, Sozialversicherungsmeldungen) gemäß § 147 AO und § 257 HGB.

- **6 Jahre nach Beendigung des Beschäftigungsverhältnisses**
  - Sonstige arbeitsvertragliche Unterlagen (z. B. Arbeitsverträge, Urlaubsnachweise) gemäß § 257 HGB.

- **3 Jahre nach Beendigung des Beschäftigungsverhältnisses**
  - Daten ohne spezifische gesetzliche Aufbewahrungspflicht (z. B. Arbeitszeitnachweise).

### 5.2 Löschung
Nach Ablauf der Aufbewahrungsfristen werden die Daten gemäß unserem Löschkonzept unwiderruflich gelöscht. Ausnahmen bestehen nur, wenn gesetzliche Aufbewahrungspflichten über die regulären Fristen hinaus bestehen oder die Daten für die Geltendmachung, Ausübung oder Verteidigung von Rechtsansprüchen erforderlich sind.

---

## 6. Technische und organisatorische Maßnahmen (TOM)

Zur Gewährleistung der Sicherheit und des Schutzes personenbezogener Daten haben wir folgende technische und organisatorische Maßnahmen implementiert:

### 6.1 Zugangskontrolle
- Rollenbasierte Zugriffsrechte (RBAC) für Mitarbeiterdaten
- Multi-Faktor-Authentifizierung (MFA) für HR-Systeme
- Regelmäßige Überprüfung und Anpassung der Berechtigungen

### 6.2 Weitergabekontrolle
- Verschlüsselung personenbezogener Daten (AES-256) bei Speicherung und Übertragung
- Nutzung eines VPN für Remote-Zugriffe
- Protokollierung aller Datenexporte

### 6.3 Eingabekontrolle
- Automatisierte Protokollierung von Datenänderungen (Wer? Wann? Was?)
- Regelmäßige Audits zur Überprüfung der Datenintegrität

### 6.4 Verfügbarkeitskontrolle
- Tägliche Backups (verschlüsselt, offline und georedundant)
- Notfallwiederherstellungsplan für kritische Systeme
- Unterbrechungsfreie Stromversorgung (USV) für kritische IT-Infrastruktur

### 6.5 Trennungskontrolle
- Logische Trennung von HR-Daten (z. B. Gehaltsdaten vs. Urlaubsmanagement)
- Getrennte Datenbanken für sensible Datenkategorien

### 6.6 Schulungen und Sensibilisierung
- Jährliche DSGVO-Schulungen für alle Mitarbeiter
- Sensibilisierung für Phishing-Risiken und den sicheren Umgang mit sozialen Medien

### 6.7 Dokumentation
- Aktualisierung des Verarbeitungsverzeichnisses
- Löschkonzepte für Daten nach Ablauf der Aufbewahrungsfristen

### 6.8 Technische Maßnahmen
- Einsatz von Firewalls und Endpoint Detection and Response (EDR)-Lösungen
- Regelmäßige Penetrationstests und Schwachstellenanalysen
- Patch-Management zur Sicherstellung aktueller Softwareversionen

---

## 7. Besondere Hinweise

### 7.1 Datenübermittlung in Drittländer
Falls personenbezogene Daten an Empfänger in Drittländern (außerhalb der EU/EWR) übermittelt werden, stellen wir sicher, dass geeignete Garantien gemäß Art. 46 DSGVO (z. B. Standardvertragsklauseln) oder Ausnahmen nach Art. 49 DSGVO vorliegen. Dies gilt insbesondere für die Nutzung von Cloud-Diensten oder externen Dienstleistern mit Sitz in Drittländern.

### 7.2 Betroffenenrechte
Wir haben Verfahren zur Umsetzung der Betroffenenrechte gemäß Art. 12–22 DSGVO implementiert. Dazu gehören:

- **Auskunftsrecht (Art. 15 DSGVO):** Betroffene können Auskunft über die zu ihrer Person verarbeiteten Daten verlangen.
- **Berichtigungsrecht (Art. 16 DSGVO):** Betroffene können die Berichtigung unrichtiger Daten verlangen.
- **Löschrecht (Art. 17 DSGVO):** Betroffene können die Löschung ihrer Daten unter bestimmten Voraussetzungen verlangen.
- **Widerspruchsrecht (Art. 21 DSGVO):** Betroffene können der Verarbeitung ihrer Daten aus Gründen, die sich aus ihrer besonderen Situation ergeben, widersprechen.

Anfragen von Betroffenen werden innerhalb der gesetzlichen Fristen (in der Regel einen Monat) bearbeitet.

### 7.3 Meldung von Datenpannen
Im Falle einer Verletzung des Schutzes personenbezogener Daten melden wir diese unverzüglich und spätestens innerhalb von 72 Stunden an die zuständige Aufsichtsbehörde (Art. 33 DSGVO). Betroffene werden gemäß Art. 34 DSGVO informiert, sofern ein hohes Risiko für ihre Rechte und Freiheiten besteht.

### 7.4 Auftragsverarbeitung
Falls externe Dienstleister (z. B. Lohnbuchhalter, Steuerberater oder Cloud-Anbieter) in die Verarbeitung personenbezogener Daten eingebunden sind, schließen wir mit diesen Auftragsverarbeitungsverträge gemäß Art. 28 DSGVO ab. Die Einhaltung der vertraglichen Pflichten wird regelmäßig überprüft.

### 7.5 Verarbeitung besonderer Kategorien personenbezogener Daten
Falls Gesundheitsdaten (z. B. Krankheitstage) verarbeitet werden, erfolgt dies auf Grundlage von § 26 Abs. 3 BDSG in Verbindung mit Art. 9 Abs. 2 lit. b DSGVO. Die Verarbeitung ist zur Erfüllung unserer Pflichten aus dem Beschäftigungsverhältnis erforderlich.

### 7.6 Protokollierung
Zugriffsprotokolle auf personenbezogene Daten werden für einen Zeitraum von sechs Monaten aufbewahrt und anschließend gelöscht, sofern keine gesetzlichen Aufbewahrungspflichten entgegenstehen.

---
User ID: YÜI1752
Mode: form
Time elapsed: 314 seconds
Date: 2026-02-02T15:01:23.283Z
```"
"55","OAZ2611","chat","```markdown
# Mitarbeiterverwaltung (Arbeitszeit/Urlaub) & Parkplatzberechtigung
**Verzeichnis von Verarbeitungstätigkeiten gemäß Artikel 30 DSGVO**

---

## 1. Organisation und Verantwortlicher

**Name des Verantwortlichen:**
APOR GmbH

**Rolle:**
Verantwortlicher

**Kontaktdaten:**
- **Anschrift:** Mainstraße 67, 89073 Ulm
- **E-Mail:** mail@apor.eu
- **Telefon:** 012345678

**Vertreter des Verantwortlichen:**
A. I. (ai@apor.eu)

**Datenschutzbeauftragter:**
A. I. (ai@apor.eu)

---

## 2. Zweck und Rechtsgrundlage der Verarbeitung

### Zweck der Verarbeitung
Wir verarbeiten personenbezogene Daten zur ganzheitlichen Verwaltung unserer Mitarbeiter:innen von deren Eintritt bis zum Austritt aus dem Unternehmen. Dies umfasst folgende Tätigkeiten:

- Anlage und Pflege von Mitarbeiterstammdaten,
- Dokumentation von Arbeitszeiten sowie Verwaltung von Urlaubs- und Abwesenheitsanträgen,
- Steuerung von Parkplatzberechtigungen durch Hinterlegung eines Zuordnungsmerkmals (z. B. Fahrzeugkennzeichen) zur Nutzung des firmeneigenen Parkplatzes mit Schrankenanlage.

Ziel dieser Verarbeitung ist die Sicherstellung einer effizienten, rechtskonformen Personalverwaltung, die Einhaltung arbeitsrechtlicher Pflichten sowie die bedarfsgerechte Bereitstellung betrieblicher Ressourcen (z. B. Parkplätze). Die Verarbeitung erfolgt ausschließlich auf internen Systemen (Microsoft Office, lokale Server) ohne Nutzung externer Cloud-Dienste. Medizinische Daten oder Krankentage werden im Rahmen dieser Verarbeitung nicht erhoben.

### Rechtsgrundlage der Verarbeitung
Die Verarbeitung personenbezogener Daten erfolgt auf folgenden Rechtsgrundlagen gemäß Artikel 6 Absatz 1 DSGVO:

- **Artikel 6 Absatz 1 Buchstabe b DSGVO (Vertragserfüllung):**
  Die Verarbeitung ist für die Durchführung des Arbeitsverhältnisses erforderlich.
- **Artikel 6 Absatz 1 Buchstabe c DSGVO (Rechtliche Verpflichtung):**
  Die Verarbeitung ist zur Erfüllung gesetzlicher Pflichten (z. B. arbeitsrechtliche Dokumentationspflichten) notwendig.
- **Artikel 6 Absatz 1 Buchstabe f DSGVO (Berechtigtes Interesse):**
  Die Verarbeitung dient unserem berechtigten Interesse an einer effizienten Personalverwaltung und der bedarfsgerechten Nutzung betrieblicher Ressourcen.

---

## 3. Kategorien personenbezogener Daten und Datenquellen

### Verarbeitete Datenkategorien
Im Rahmen der Mitarbeiterverwaltung und Parkplatzberechtigung verarbeiten wir folgende personenbezogene Daten:

- **Arbeitszeitdaten** (z. B. Arbeitszeiten, Urlaubsanträge, Abwesenheitszeiten)
- **Parkplatzzuordnungsdaten** (z. B. Fahrzeugkennzeichen)

### Datenquellen
Die personenbezogenen Daten stammen aus folgenden Quellen:

- Microsoft Office 365
- Lokale Server

---

## 4. Betroffene Personen und Empfänger

### Kategorien betroffener Personen
Die Verarbeitung betrifft folgende Personengruppen:

- Mitarbeiter:innen der APOR GmbH

### Empfängerkategorien
Die personenbezogenen Daten werden ausschließlich intern verarbeitet und nicht an externe Empfänger übermittelt.

---

## 5. Speicherfristen und Löschung

### Speicherfristen
Die personenbezogenen Daten werden **3 Monate nach Austritt des Mitarbeiters/der Mitarbeiterin** gelöscht.

### Ausnahmen von der Löschfrist
Sofern gesetzliche Aufbewahrungspflichten (z. B. nach Handels- oder Steuerrecht) bestehen, behalten wir die Daten über die reguläre Löschfrist hinaus vor.

---

## 6. Technische und organisatorische Maßnahmen (TOM)

Zur Gewährleistung der Sicherheit und Vertraulichkeit der verarbeiteten personenbezogenen Daten haben wir folgende technische und organisatorische Maßnahmen implementiert:

- **Zugriffskontrollen:**
  Rollenbasierte Berechtigungen nach dem Need-to-know-Prinzip für alle Systeme (Microsoft Office, lokale Server).
- **Authentifizierung:**
  Passwortschutz mit optionaler Multi-Faktor-Authentifizierung (MFA).
- **Datenverfügbarkeit:**
  Regelmäßige Backups zur Sicherstellung der Wiederherstellbarkeit.
- **Physische Sicherheit:**
  Zutrittskontrollen zum Serverraum und Archiv.
- **Vertraulichkeit:**
  Verpflichtung der berechtigten Mitarbeitenden zur Einhaltung der Vertraulichkeit.
- **Löschfristen:**
  Daten werden spätestens 3 Monate nach Austritt der jeweiligen Person gelöscht.

---
User ID: OAZ2611
Mode: chat
Time elapsed: 610 seconds
Date: 2026-02-02T15:25:16.219Z
```"
"56","Jer1205","form","```markdown
# Mitarbeiterverwaltung (Arbeitszeit/Urlaub) & Parkplatzberechtigung
**Records of Processing Activities (Verzeichnis von Verarbeitungstätigkeiten) gemäß Art. 30 DSGVO**

---

## 1. Verantwortliche Stelle und Kontaktdaten

Als verantwortliche Stelle im Sinne der Datenschutz-Grundverordnung (DSGVO) und des Bundesdatenschutzgesetzes (BDSG) verarbeiten wir personenbezogene Daten im Rahmen unserer betrieblichen Tätigkeiten. Die folgenden Angaben dienen der Identifikation und Kontaktaufnahme:

- **Name der verantwortlichen Stelle**: APOR GmbH
- **Rolle**: Verantwortlicher (Data Controller) und Datenschutzbeauftragter (DPO)
- **Anschrift**: Mainstraße 67, 89073 Ulm
- **E-Mail-Adresse**: a.i.@apor.eu
- **Telefonnummer**: 0123 5678
- **Vertreter der verantwortlichen Stelle**: A.I.
- **Datenschutzbeauftragter (DSB)**: A.I.

---

## 2. Zwecke und Rechtsgrundlagen der Verarbeitung

### 2.1 Verarbeitungszwecke
Wir verarbeiten personenbezogene Daten unserer Mitarbeiter ausschließlich zu folgenden Zwecken:

- **Verwaltung von Arbeitszeiten und Urlaubsansprüchen**:
  - Erfassung, Speicherung und Auswertung von Arbeitszeiten, Überstunden, Urlaubstagen sowie Urlaubsanträgen.
  - Sicherstellung der Einhaltung arbeitsvertraglicher und gesetzlicher Pflichten (z. B. Arbeitszeitgesetz, Bundesurlaubsgesetz).
  - Bereitstellung von Nachweisen für interne und externe Prüfungen (z. B. Sozialversicherungsträger, Finanzbehörden).

- **Regelung der Parkplatzberechtigung**:
  - Verwaltung von Fahrzeugkennzeichen zur Zuweisung und Kontrolle von Parkplätzen auf dem Firmengelände.
  - Sicherstellung der ordnungsgemäßen Nutzung von Parkflächen im Rahmen betrieblicher Vereinbarungen.

Die Datenverarbeitung erfolgt ausschließlich für interne Verwaltungszwecke und dient der Erfüllung unserer betrieblichen und rechtlichen Verpflichtungen.

### 2.2 Rechtsgrundlagen der Verarbeitung
Die Verarbeitung personenbezogener Daten erfolgt auf Grundlage der folgenden Rechtsnormen:

- **Art. 6 Abs. 1 lit. b DSGVO**:
  - Verarbeitung ist für die Erfüllung eines Vertrags (Arbeitsvertrag) oder zur Durchführung vorvertraglicher Maßnahmen erforderlich.
  - Dies umfasst insbesondere die Verwaltung von Arbeitszeiten, Urlaubsansprüchen und die Zuweisung von Parkplatzberechtigungen.

- **Art. 6 Abs. 1 lit. f DSGVO**:
  - Verarbeitung erfolgt zur Wahrung berechtigter Interessen des Verantwortlichen oder eines Dritten.
  - Unsere berechtigten Interessen liegen in der effizienten Organisation des Betriebsablaufs, der Einhaltung gesetzlicher Aufbewahrungspflichten sowie der Sicherstellung der Compliance mit arbeitsrechtlichen und steuerrechtlichen Vorschriften.
  - Eine Interessenabwägung wurde durchgeführt und ergibt, dass die Interessen der betroffenen Personen nicht überwiegen.

- **§ 26 BDSG (Datenverarbeitung für Zwecke des Beschäftigungsverhältnisses)**:
  - Die Verarbeitung personenbezogener Daten von Beschäftigten ist zulässig, soweit sie für die Begründung, Durchführung oder Beendigung des Beschäftigungsverhältnisses erforderlich ist.
  - Dies umfasst insbesondere die Erfassung von Arbeitszeiten, Urlaubsdaten sowie die Verwaltung von Parkplatzberechtigungen.

- **§ 26 Abs. 1 BDSG i.V.m. Art. 88 DSGVO**:
  - Spezifische Regelungen für die Verarbeitung von Beschäftigtendaten im Rahmen des nationalen Rechts.

---

## 3. Kategorien personenbezogener Daten und Datenquellen

### 3.1 Kategorien personenbezogener Daten
Wir verarbeiten folgende Kategorien personenbezogener Daten unserer Mitarbeiter:

#### **Personenbezogene Basisdaten**
- Nachname
- Vorname
- Anschrift (Straße, Hausnummer, Postleitzahl, Ort)
- E-Mail-Adresse (dienstlich)

#### **Beschäftigtendaten**
- Arbeitszeiten (Beginn, Ende, Pausen, Überstunden)
- Berufliche Position (Stellenbezeichnung)
- Personalnummer
- Unternehmenszugehörigkeit (Abteilung, Team)
- Urlaubsanspruch (Gesamturlaubstage pro Jahr)
- Urlaubstage (genommene, verbleibende Tage)
- Urlaubszeiten (genehmigte Urlaubszeiträume)

#### **Vertragsdaten**
- Vertragsdaten (z. B. Vertragsbeginn, -ende, Vertragsart)

#### **Dokumentations- und Aufzeichnungsdaten**
- Individuelle Dokumentation (z. B. Arbeitszeitnachweise, Urlaubsanträge)

#### **Fahrzeugdaten**
- Fahrzeugkennzeichen (zur Verwaltung der Parkplatzberechtigung)

## 3.2 Datenquellen
Die personenbezogenen Daten werden aus folgenden Quellen erhoben und verarbeitet:

- **Microsoft Office 365** (z. B. für E-Mail-Kommunikation und Dokumentenverwaltung)
- **HR-Software** (spezialisierte Lösungen zur Verwaltung von Arbeitszeiten, Urlaub und Personalstammdaten, z. B. SAP SuccessFactors, Personio oder ein individuelles HR-Portal)
- **Unternehmensinterne Systeme** (z. B. Zeiterfassungssysteme, digitale Urlaubsantragsportale, Parkplatzverwaltungstools)

---

## 4. Betroffene Personen und Empfänger der Daten

### 4.1 Kategorien betroffener Personen
Die Verarbeitung personenbezogener Daten betrifft ausschließlich folgende Personengruppen:

- **Interne Gruppen**:
  - Mitarbeiter der APOR GmbH (aktuelle und ehemalige Beschäftigte im Rahmen der gesetzlichen Aufbewahrungsfristen).

### 4.2 Empfängerkategorien
Die personenbezogenen Daten werden ausschließlich an folgende interne Empfänger übermittelt:

#### **Interne Empfänger**
- **Geschäftsführung**: Zugriff auf aggregierte Daten zur strategischen Planung und Compliance-Kontrolle.
- **Verwaltung (HR-Abteilung)**: Verantwortlich für die Verwaltung von Arbeitszeiten, Urlaub und Parkplatzberechtigungen.
- **Recht und Compliance**: Zugriff auf Daten zur Sicherstellung der Einhaltung gesetzlicher und interner Vorgaben (z. B. Arbeitsrecht, Datenschutz).
- **Berechtigte Personen mit administrativen Rollen**: Mitarbeiter der HR-Abteilung mit Zugriff auf die HR-Software und Parkplatzverwaltungssysteme.
- **Berechtigte Personen mit Managementrollen**: Führungskräfte mit Zugriff auf teambezogene Arbeitszeit- und Urlaubsdaten.

#### **Externe Empfänger**
Derzeit werden keine personenbezogenen Daten an externe Empfänger übermittelt. Sollten in Zukunft externe Dienstleister (z. B. HR-Software-Anbieter) eingebunden werden, erfolgt dies ausschließlich auf Grundlage von Auftragsverarbeitungsverträgen gemäß Art. 28 DSGVO.

---

## 5. Löschfristen und Datenaufbewahrung

### 5.1 Aufbewahrungsfristen
Wir halten uns strikt an die gesetzlichen Aufbewahrungsfristen und löschen personenbezogene Daten nach Ablauf der jeweiligen Fristen. Die folgenden Fristen gelten für die verschiedenen Datenkategorien:

- **Arbeitszeit- und Urlaubsdaten**:
  - Löschung **3 Jahre nach Beendigung des Beschäftigungsverhältnisses** (§ 195 BGB i.V.m. § 26 BDSG).
  - Steuerlich relevante Aufzeichnungen (z. B. Arbeitszeitnachweise) werden **10 Jahre** aufbewahrt (§ 147 AO).

- **Parkplatzberechtigungsdaten (Fahrzeugkennzeichen)**:
  - Löschung **unverzüglich nach Beendigung des Beschäftigungsverhältnisses** oder nach Widerruf der Parkplatzberechtigung.
  - Spätestens jedoch **3 Monate nach Wegfall des Zwecks** (z. B. wenn ein Mitarbeiter keinen Parkplatz mehr nutzt).

### 5.2 Ausnahmen von der Löschpflicht
In Einzelfällen können Daten über die regulären Aufbewahrungsfristen hinaus gespeichert werden, sofern dies zur Geltendmachung, Ausübung oder Verteidigung von Rechtsansprüchen erforderlich ist. Dies erfolgt ausschließlich auf Grundlage einer dokumentierten Einzelfallprüfung.

### 5.3 Löschkonzept
- **Automatisierte Löschung**: Wir setzen technische Maßnahmen ein, um die Löschung von Daten nach Ablauf der Aufbewahrungsfristen automatisiert durchzuführen.
- **Manuelle Löschung**: Für Daten, die nicht automatisiert gelöscht werden können, erfolgt eine manuelle Löschung durch die zuständige HR-Abteilung.
- **Archivierung**: Daten, die über die regulären Fristen hinaus aufbewahrt werden müssen, werden in ein separates Archivsystem überführt und mit zusätzlichen Zugriffsbeschränkungen versehen.

---

## 6. Technische und organisatorische Maßnahmen (TOM)

Um die Sicherheit und Vertraulichkeit der verarbeiteten personenbezogenen Daten zu gewährleisten, haben wir folgende technische und organisatorische Maßnahmen implementiert:

### 6.1 Zugangskontrolle
- **Rollenbasierte Zugriffsrechte (RBAC)**: Zugriff auf personenbezogene Daten ist ausschließlich berechtigten Mitarbeitern gestattet (z. B. HR-Abteilung, Geschäftsführung).
- **Multi-Faktor-Authentifizierung (MFA)**: Für den Zugriff auf sensible Daten (z. B. Fahrzeugkennzeichen) ist eine zusätzliche Authentifizierung erforderlich.
- **Physische Zugangskontrolle**: Serverräume und Arbeitsplätze mit Zugriff auf personenbezogene Daten sind durch Zutrittskontrollen gesichert.

### 6.2 Weitergabekontrolle
- **Verschlüsselung**: Alle Datenübertragungen erfolgen verschlüsselt (TLS 1.3).
- **VPN für Remote-Zugriff**: Externe Zugriffe auf interne Systeme sind nur über ein Virtual Private Network (VPN) möglich.
- **Datenfreigabe**: Die Weitergabe von Daten an Dritte erfolgt ausschließlich auf Grundlage einer dokumentierten Rechtsgrundlage (z. B. gesetzliche Pflicht, Einwilligung).

### 6.3 Eingabekontrolle
- **Protokollierung**: Alle Änderungen an personenbezogenen Daten werden protokolliert (Logfiles mit Zeitstempel, Nutzer-ID und Art der Änderung).
- **Revisionssicherheit**: Protokolle werden revisionssicher gespeichert und sind nicht nachträglich veränderbar.

### 6.4 Verfügbarkeitskontrolle
- **Tägliche Backups**: Alle Daten werden täglich gesichert (verschlüsselt und offline gespeichert).
- **Notfallplan**: Ein Notfallplan für Systemausfälle und Datenverluste ist implementiert und wird regelmäßig getestet.
- **Redundante Systeme**: Kritische Systeme (z. B. HR-Software) sind redundant ausgelegt, um Ausfallzeiten zu minimieren.

### 6.5 Trennungskontrolle
- **Getrennte Datenbanken**: Arbeitszeitdaten, Urlaubsdaten und Parkplatzdaten werden in separaten Datenbanken gespeichert.
- **Logische Trennung**: Zugriff auf verschiedene Datenkategorien ist durch separate Berechtigungen geregelt.

### 6.6 Pseudonymisierung
- **Fahrzeugkennzeichen**: Fahrzeugkennzeichen werden pseudonymisiert gespeichert und sind nur für berechtigte Personen einsehbar.
- **Zugriffsbeschränkungen**: Pseudonymisierte Daten können nur von autorisierten Mitarbeitern reidentifiziert werden.

### 6.7 Schulungen und Sensibilisierung
- **Jährliche DSGVO-Schulungen**: Alle Mitarbeiter mit Zugriff auf personenbezogene Daten erhalten regelmäßige Schulungen zu Datenschutz und Datensicherheit.
- **Sensibilisierung**: Mitarbeiter werden für die Bedeutung des Datenschutzes und die Einhaltung interner Richtlinien sensibilisiert.

### 6.8 Löschkonzept
- **Automatisierte Löschung**: Daten werden nach Ablauf der Aufbewahrungsfristen automatisiert gelöscht.
- **Manuelle Löschung**: Für Daten, die nicht automatisiert gelöscht werden können, erfolgt eine manuelle Löschung durch die zuständige Abteilung.
- **Dokumentation**: Alle Löschvorgänge werden dokumentiert.

### 6.9 Technische Sicherheit
- **Firewalls und Intrusion Detection**: Netzwerke sind durch Firewalls und Intrusion-Detection-Systeme geschützt.
- **Regelmäßige Penetrationstests**: Externe Sicherheitsaudits und Penetrationstests werden mindestens einmal jährlich durchgeführt.
- **Patch-Management**: Alle Systeme werden regelmäßig mit Sicherheitsupdates versorgt.

### 6.10 Dokumentation und Compliance
- **Aktualisierung des Verarbeitungsverzeichnisses**: Das Verzeichnis von Verarbeitungstätigkeiten wird regelmäßig überprüft und aktualisiert.
- **Datenschutz-Folgenabschätzung (DPIA)**: Bei risikobehafteten Verarbeitungen (z. B. systematische Überwachung von Arbeitszeiten) wird eine DPIA gemäß Art. 35 DSGVO durchgeführt.
- **Meldeprozess für Datenpannen**: Ein interner Meldeprozess für Datenschutzvorfälle ist etabliert (Art. 33 DSGVO).

---

## 7. Besondere Hinweise und zusätzliche Anforderungen

### 7.1 Datenminimierung
Wir prüfen regelmäßig, ob alle erhobenen Daten für die genannten Zwecke (Arbeitszeit-, Urlaubs- und Parkplatzverwaltung) zwingend erforderlich sind. Nicht benötigte Daten werden nicht erhoben oder unverzüglich gelöscht.

### 7.2 Betroffenenrechte
Wir haben klare Prozesse etabliert, um die Rechte betroffener Personen gemäß DSGVO zu gewährleisten:
- **Auskunftsrecht (Art. 15 DSGVO)**: Mitarbeiter können Auskunft über die zu ihrer Person gespeicherten Daten verlangen.
- **Berichtigungsrecht (Art. 16 DSGVO)**: Unrichtige Daten werden auf Antrag berichtigt.
- **Löschrecht (Art. 17 DSGVO)**: Daten werden auf Antrag gelöscht, sofern keine gesetzlichen Aufbewahrungspflichten entgegenstehen.
- **Einschränkung der Verarbeitung (Art. 18 DSGVO)**: Die Verarbeitung kann auf Antrag eingeschränkt werden.
- **Datenübertragbarkeit (Art. 20 DSGVO)**: Mitarbeiter können ihre Daten in einem strukturierten, maschinenlesbaren Format erhalten.

### 7.3 Auftragsverarbeitung
Falls externe Dienstleister (z. B. HR-Software-Anbieter) in die Verarbeitung personenbezogener Daten eingebunden sind, schließen wir mit diesen Auftragsverarbeitungsverträge gemäß Art. 28 DSGVO ab. Die Dienstleister werden sorgfältig ausgewählt und unterliegen regelmäßigen Kontrollen.

### 7.4 Schutz sensibler Daten
- **Fahrzeugkennzeichen**: Fahrzeugkennzeichen werden als personenbezogene Daten besonders geschützt (z. B. durch Pseudonymisierung und Zugriffsbeschränkungen).
- **Archivierung**: Aktive Daten und Archivdaten werden strikt getrennt, um die Einhaltung der Löschfristen zu gewährleisten.

### 7.5 Dokumentation und Nachweispflicht
Alle Verarbeitungstätigkeiten werden dokumentiert, um die Einhaltung der DSGVO nachweisen zu können. Dies umfasst insbesondere:
- Protokolle über Datenzugriffe und -änderungen.
- Dokumentation von Löschvorgängen.
- Nachweise über durchgeführte Schulungen und Sensibilisierungsmaßnahmen.

---
**Stand**: [Datum der letzten Aktualisierung]
**Verantwortlich**: Datenschutzbeauftragter der APOR GmbH

---
User ID: Jer1205
Mode: form
Time elapsed: 1158 seconds
Date: 2026-02-02T15:35:04.173Z
```"
"57","OAZ2611","ask","```markdown
# Mitarbeiterverwaltung (Arbeitszeit/Urlaub) & Parkplatzberechtigung

## 1. Organisation und Verantwortlicher

Wir, die **APOR GmbH**, fungieren in dieser Verarbeitungstätigkeit sowohl als **Verantwortlicher** gemäß Art. 4 Nr. 7 DSGVO als auch als benannte **Datenschutzbeauftragte**.

- **Name der Organisation:** APOR GmbH
- **Anschrift:** Mainstraße 67, 89073 Ulm
- **Kontakt:**
  - E-Mail: mail@apor.eu
  - Telefon: 012345678
- **Vertreter:** A. I. (ai@apor.eu)
- **Datenschutzbeauftragte:r:** A. I. (ai@apor.eu)

---

## 2. Zweck und Rechtsgrundlage der Verarbeitung

Für die in diesem Verzeichnis dokumentierte Verarbeitungstätigkeit liegen **keine spezifizierten Zwecke** vor.

Ebenso wurden **keine Rechtsgrundlagen** gemäß Art. 6 Abs. 1 DSGVO oder anderer relevanter Vorschriften angegeben.

---

## 3. Kategorien personenbezogener Daten und Datenquellen

### Verarbeitete Datenkategorien
Für diese Verarbeitungstätigkeit wurden **keine personenbezogenen Datenkategorien** spezifiziert.

### Datenquellen
Es wurden **keine Datenquellen** angegeben, aus denen personenbezogene Daten erhoben oder bezogen werden.

---

## 4. Betroffene Personen und Empfänger

### Kategorien betroffener Personen
Für diese Verarbeitungstätigkeit wurden **keine Kategorien betroffener Personen** definiert.

### Empfängerkategorien
Es wurden **keine internen oder externen Empfänger** benannt, an die personenbezogene Daten offengelegt werden.

---

## 5. Speicherfristen und Löschung

Für diese Verarbeitungstätigkeit wurden **keine Speicherfristen oder Löschkonzepte** festgelegt.

---

## 6. Technische und organisatorische Maßnahmen (TOM)

Für diese Verarbeitungstätigkeit wurden **keine technischen oder organisatorischen Maßnahmen** zur Gewährleistung der Datensicherheit gemäß Art. 32 DSGVO dokumentiert.

---
User ID: OAZ2611
Mode: ask
Time elapsed: 505 seconds
Date: 2026-02-02T15:36:39.698Z
```"
"58","OAZ2611","form","```markdown
# Mitarbeiterverwaltung (Arbeitszeit/Urlaub) & Parkplatzberechtigung
**Verzeichnis von Verarbeitungstätigkeiten gemäß Artikel 30 DSGVO**

---

## 1. Organisation und Verantwortlicher

**Name des Verantwortlichen:**
APOR GmbH

**Rolle:**
Wir fungieren sowohl als **Verantwortlicher** (Data Controller) als auch als **Datenschutzbeauftragte:r** (DPO/DSB) für die in diesem Verzeichnis beschriebenen Verarbeitungstätigkeiten.

**Kontaktdaten:**
- **Anschrift:** Mainstraße 67, 89073 Ulm
- **E-Mail:** mail@apor.eu
- **Telefon:** 012345678

**Vertreter des Verantwortlichen:**
A. I. (ai@apor.eu)

**Datenschutzbeauftragte:r:**
A. I. (ai@apor.eu)

---

## 2. Zweck und Rechtsgrundlage der Verarbeitung

### **Zweck der Verarbeitung**
Wir verarbeiten personenbezogene Daten unserer Mitarbeitenden zur Verwaltung des Beschäftigungsverhältnisses von Eintritt bis Austritt. Dies umfasst:
- Die **Dokumentation von Arbeitszeiten** zur Erfüllung arbeitsrechtlicher und betrieblicher Pflichten.
- Die **Verwaltung von Urlaubs- und Abwesenheitszeiten** zur Sicherstellung der betrieblichen Organisation.
- Die **Zuweisung von Parkplatzberechtigungen** für den Firmenparkplatz, wofür notwendige Daten wie Fahrzeugkennzeichen erfasst werden, um die Nutzung des Parkplatzes zu ermöglichen.

Die Verarbeitung erfolgt **ausschließlich auf internen Systemen** und dient der Erfüllung arbeitsvertraglicher Pflichten sowie der betrieblichen Organisation. **Gesundheitsdaten werden nicht verarbeitet.**

### **Rechtsgrundlage der Verarbeitung**
Die Verarbeitung personenbezogener Daten erfolgt auf folgenden Rechtsgrundlagen:
- **Art. 6 Abs. 1 lit. a DSGVO** (Einwilligung der betroffenen Person)
- **Art. 6 Abs. 1 lit. b DSGVO** (Erfüllung eines Vertrags oder vorvertraglicher Maßnahmen)
- **Art. 6 Abs. 1 lit. c DSGVO** (Erfüllung einer rechtlichen Verpflichtung)
- **Art. 6 Abs. 1 lit. f DSGVO** (Wahrung berechtigter Interessen des Verantwortlichen oder eines Dritten)
- **§ 26 Abs. 1 BDSG** (Verarbeitung personenbezogener Daten von Beschäftigten für Zwecke des Beschäftigungsverhältnisses)
- **§ 257 HGB** (Aufbewahrung von Handelsbüchern und Unterlagen)

---

## 3. Kategorien personenbezogener Daten und Datenquellen

### **Kategorien personenbezogener Daten**
Wir verarbeiten folgende Kategorien personenbezogener Daten:

#### **Stammdaten**
- Nachname
- Vorname
- Anschrift
- Telefonnummer
- E-Mail-Adresse

#### **Beschäftigungsdaten**
- Arbeitszeiten
- Berufliche Position
- Personalnummer
- Unternehmenszugehörigkeit
- Urlaubsanspruch
- Urlaubstage
- Urlaubszeiten

#### **Vertragsdaten**
- Vertragsdaten (z. B. Arbeitsverträge, Zusatzvereinbarungen)

#### **Dokumentations- und Aufzeichnungsdaten**
- Individuelle Dokumentation (z. B. Arbeitszeitnachweise, Urlaubsanträge)

#### **Fahrzeugdaten**
- Fahrzeugkennzeichen (zur Verwaltung der Parkplatzberechtigung)

### **Datenquellen**
Die personenbezogenen Daten stammen aus folgenden Quellen:
- **Microsoft Office 365** (z. B. für E-Mail-Kommunikation und Dokumentenverwaltung)
- **Web- und Intranet-Systeme** (z. B. interne Portale zur Arbeitszeit- und Urlaubserfassung)
- **HR-Software** (z. B. Systeme zur Verwaltung von Mitarbeiterdaten)
- **Interne Systeme** zur Arbeitszeit- und Urlaubsverwaltung sowie Parkplatzberechtigung

---

## 4. Betroffene Personen und Empfänger

### **Kategorien betroffener Personen**
Wir verarbeiten personenbezogene Daten folgender betroffener Personen:
- **Interne Gruppen** (Mitarbeitende der APOR GmbH)

### **Empfängerkategorien**
#### **Interne Empfänger**
Die Daten werden an folgende interne Empfängerkategorien übermittelt:
- **Geschäftsführung**
- **Verwaltung** (z. B. Personalabteilung)
- **Technische Abteilungen** (z. B. IT-Support für Systemwartung)
- **Recht und Compliance** (z. B. Datenschutzbeauftragte:r)
- **Logistik und Betrieb** (z. B. für die Verwaltung der Parkplatzberechtigungen)

#### **Berechtigte Personen**
Folgende Rollen haben Zugriff auf die personenbezogenen Daten:
- **Managementrollen** (z. B. Geschäftsführung)
- **Administrative Rollen** (z. B. Personalverwaltung)
- **Technische Rollen** (z. B. IT-Administratoren)
- **Rechtliche und Compliance-Rollen** (z. B. Datenschutzbeauftragte:r)
- **HR- und Rekrutierungsrollen** (z. B. Personalverantwortliche)

#### **Externe Empfänger**
Es erfolgt **keine Übermittlung** personenbezogener Daten an externe Empfänger innerhalb oder außerhalb der EU, sofern keine gesetzliche Verpflichtung oder Einwilligung vorliegt.

---

## 5. Speicherfristen und Löschung

### **Speicherfristen**
Die personenbezogenen Daten werden wie folgt aufbewahrt:
- **Arbeitsrechtliche Unterlagen:** 3 Jahre nach Beendigung des Beschäftigungsverhältnisses (gemäß § 26 BDSG und § 257 HGB).
- **Fahrzeugkennzeichen zur Parkplatzverwaltung:** 6 Monate nach Beendigung des Beschäftigungsverhältnisses, sofern keine längeren Aufbewahrungspflichten bestehen.

### **Löschkonzept**
- **Automatisierte Löschung:** Nach Ablauf der Speicherfristen werden die Daten gemäß unserem Löschkonzept automatisch gelöscht.
- **Protokollierung:** Löschvorgänge werden dokumentiert, um die Einhaltung der DSGVO nachweisen zu können.
- **Ausnahmen:** Sofern gesetzliche Aufbewahrungspflichten bestehen, werden die Daten über die reguläre Speicherfrist hinaus aufbewahrt.

---

## 6. Technische und organisatorische Maßnahmen (TOM)

Zur Gewährleistung der Sicherheit und Vertraulichkeit der verarbeiteten personenbezogenen Daten haben wir folgende technische und organisatorische Maßnahmen implementiert:

### **Zugriffskontrolle**
- **Rollenbasierte Zugriffsrechte** nach dem Need-to-know-Prinzip.
- **Multi-Faktor-Authentifizierung (MFA)** für den Zugriff auf sensible Systeme.

### **Datenverschlüsselung**
- **Verschlüsselung in Ruhe:** AES-256 für personenbezogene Daten (z. B. Fahrzeugkennzeichen).
- **Verschlüsselung bei Übertragung:** TLS 1.3 für Datenübertragungen.

### **Physische Sicherheit**
- **Zutrittskontrolle** zum Serverraum mittels Schlüsselkarte und Biometrie.
- **Protokollierung** aller Zutritte.

### **Backup und Wiederherstellung**
- **Tägliche Backups** mit Offline-Speicherung nach der 3-2-1-Regel.
- **Regelmäßige Wiederherstellungstests** zur Sicherstellung der Datenintegrität.

### **Löschkonzept**
- **Automatisierte Löschung** nach 3 Monaten bei Austritt eines Mitarbeitenden.
- **Protokollierung** aller Löschvorgänge.

### **Schulungen**
- **Jährliche Datenschutzschulungen** für alle Mitarbeitenden.
- **Vertraulichkeitsverpflichtung** für alle Beschäftigten.

### **Protokollierung**
- **Audit-Logs** für Zugriffe auf sensible Daten (Aufbewahrung für mindestens 1 Jahr).

### **Netzwerksicherheit**
- **Firewall** und **Intrusion Detection/Prevention (IDS/IPS)**.
- **Regelmäßige Penetrationstests** zur Identifizierung von Schwachstellen.

### **Patch-Management**
- **Monatliche Sicherheitsupdates** für alle Systeme.

### **Dokumentation**
- **Verfahrensverzeichnis** und **Risikoanalysen** gemäß Art. 30 DSGVO.

---
**Stand:** [Datum der Erstellung]
**Verantwortlich:** Datenschutzbeauftragte:r der APOR GmbH

---
User ID: OAZ2611
Mode: form
Time elapsed: 210 seconds
Date: 2026-02-02T15:41:32.214Z
```"
"59","PVV2109","ask","```markdown
# Kundenverwaltung
**Verzeichnis von Verarbeitungstätigkeiten gemäß Artikel 30 DSGVO**

---

## 1. Verantwortlicher und Organisation

**Name des Verantwortlichen:**
APFEL AG

**Rolle:**
Verantwortlicher im Sinne der DSGVO

**Kontaktdaten:**
- **Anschrift:** Musterstrasse 1
- **E-Mail:** datenschutz@gmx.de
- **Telefon:** +49 151 67549187

**Vertreter des Verantwortlichen:**
Morgan Freeman

**Datenschutzbeauftragter:**
PROF. DR. Hanz Zimmer

---

## 2. Zwecke und Rechtsgrundlagen der Verarbeitung

Wir verarbeiten personenbezogene Daten unserer Kunden ausschließlich zur Erfüllung folgender Zwecke:

- **Vertragsdurchführung und -abwicklung:**
  - Bestellabwicklung (z. B. Auftragsbestätigung, Lieferung, Rechnungsstellung)
  - Kundenkommunikation (z. B. Support-Anfragen, Statusupdates)
  - Pflege von Kundenstammdaten (z. B. Adressen, Kontaktdaten für zukünftige Angebote)

- **Erfüllung gesetzlicher Pflichten:**
  - Buchhaltung und Steuerdokumentation gemäß HGB und AO (z. B. Aufbewahrung von Rechnungen für 10 Jahre)

**Rechtsgrundlagen der Verarbeitung:**
- **Vertragserfüllung (Art. 6 Abs. 1 lit. b DSGVO):**
  Die Verarbeitung ist für die Erfüllung eines Vertrags mit der betroffenen Person oder zur Durchführung vorvertraglicher Maßnahmen erforderlich.
- **Erfüllung einer rechtlichen Verpflichtung (Art. 6 Abs. 1 lit. c DSGVO):**
  Die Verarbeitung ist zur Erfüllung einer rechtlichen Verpflichtung erforderlich, der wir unterliegen (z. B. handels- und steuerrechtliche Aufbewahrungspflichten gemäß HGB § 257 und AO § 147).
- **Berechtigtes Interesse (Art. 6 Abs. 1 lit. f DSGVO):**
  Sofern wir Kundendaten für Marketingzwecke (z. B. Zusendung von Angeboten) nutzen, erfolgt dies auf Basis unseres berechtigten Interesses, sofern die betroffene Person nicht widersprochen hat.

---

## 3. Kategorien personenbezogener Daten und Datenquellen

### **Verarbeitete Datenkategorien:**
- Kontaktdaten (Name, Adresse, E-Mail, Telefonnummer)
- Vertragsdaten (Bestellungen, Rechnungen, Lieferadressen)
- Zahlungsinformationen (Bankverbindung, Rechnungsdaten)
- Kommunikationsdaten (Support-Anfragen, E-Mails)
- Angebotsdaten
- Bestelldaten
- Lieferadressen
- Eingangs- und Ausgangsrechnungen

### **Datenquellen:**
- **Microsoft Office 365** (z. B. Outlook für E-Mails, Excel für Bestelllisten)
- **E-Mail-Anbieter** (z. B. GMX, sofern Kundendaten dort gespeichert werden)
- **Online-Banking** (sofern Zahlungsdaten wie Bankverbindungen verarbeitet werden)
- **Enterprise-Systeme** (z. B. CRM-Systeme wie HubSpot oder spezialisierte Kundenverwaltungssoftware)
- **Webformulare** (z. B. Bestellformulare auf unserer Website oder Support-Anfragen)
- **Buchhaltungssoftware** (z. B. Datev oder Lexoffice)
- **Digitale Signatur-Tools** (z. B. DocuSign für Verträge)
- **Eigene Shop-Systeme oder Bestellportale**

---

## 4. Betroffene Personen und Empfänger

### **Kategorien betroffener Personen:**
- Kunden (natürliche Personen)
- Ansprechpartner bei juristischen Personen (z. B. Unternehmen)

### **Interne Empfängerkategorien:**
- **Vertrieb und Marketing:** Zugriff auf Kundendaten zur Auftragsabwicklung und Kommunikation.
- **Buchhaltung:** Zugriff auf Rechnungs- und Zahlungsdaten zur Erfüllung steuerlicher Pflichten.
- **Logistik und Operations:** Zugriff auf Lieferadressen und Bestelldaten zur Auftragsabwicklung.

### **Externe Empfängerkategorien (innerhalb der EU):**
- **Finanzinstitute:** Übermittlung von Zahlungsdaten zur Abwicklung von Transaktionen (unter Einhaltung der PCI-DSS-Standards).
- **Software- und Cloud-Anbieter:** Nutzung von Dienstleistern wie Microsoft 365 oder Datev, mit denen wir Auftragsverarbeitungsverträge (AV-Verträge) gemäß Art. 28 DSGVO abgeschlossen haben.
- **Behörden:** Übermittlung von Daten an Finanzämter oder andere öffentliche Stellen zur Erfüllung gesetzlicher Pflichten (z. B. Steuerprüfungen).
- **Geschäftspartner und Dienstleister:** Übermittlung von Daten an Logistikpartner zur Lieferabwicklung.

---

## 5. Löschfristen und Datenaufbewahrung

Wir löschen personenbezogene Daten, sobald der Zweck der Verarbeitung entfällt und keine gesetzlichen Aufbewahrungspflichten mehr bestehen. Die konkreten Löschfristen richten sich nach folgenden Grundsätzen:

- **Steuer- und handelsrechtliche Aufbewahrungspflichten:**
  Rechnungen, Buchungsbelege und andere steuerrelevante Unterlagen werden gemäß HGB § 257 und AO § 147 für **10 Jahre** aufbewahrt.
- **Vertragsbezogene Daten:**
  Nach Beendigung des Vertragsverhältnisses werden Daten, die nicht mehr für die Erfüllung gesetzlicher Pflichten erforderlich sind, unverzüglich gelöscht.
- **Kommunikationsdaten:**
  E-Mails und Support-Anfragen werden nach Abschluss der Kommunikation gelöscht, sofern keine längere Aufbewahrung erforderlich ist.

---

## 6. Technische und organisatorische Maßnahmen (TOM)

Wir haben folgende Maßnahmen implementiert, um die Sicherheit und den Schutz personenbezogener Daten gemäß Art. 32 DSGVO zu gewährleisten:

### **Technische Maßnahmen:**
- **Verschlüsselung:**
  E-Mails mit Rechnungen oder Vertragsdaten werden verschlüsselt versendet (z. B. via TLS).
- **Zugriffskontrolle:**
  Nur berechtigte Mitarbeiter (z. B. Vertrieb, Buchhaltung) haben Zugang zum CRM-System (z. B. Microsoft 365 oder spezialisierte Software).
- **Passwortrichtlinien:**
  Starke Passwörter (mindestens 12 Zeichen) und regelmäßige Passwortänderungen für alle Systeme.
- **Firewall und Virenschutz:**
  Aktuelle Sicherheitssoftware schützt vor Malware und unbefugtem Zugriff.
- **Backups:**
  Tägliche automatische Sicherungen der Kundendaten, um Datenverlust zu verhindern.

### **Organisatorische Maßnahmen:**
- **Schulungen:**
  Mitarbeiter werden jährlich zum Datenschutz geschult (z. B. Umgang mit Kundendaten, Phishing-Erkennung).
- **Zugriffsregeln:**
  Klare Richtlinien, wer welche Daten einsehen darf (z. B. nur die Buchhaltung sieht Rechnungsdaten).
- **Datenlöschung:**
  Automatische Löschung von Kundendaten nach Ablauf der Aufbewahrungsfrist.
- **Dokumentation:**
  Protokollierung von Zugriffen auf sensible Daten (z. B. wer eine Rechnung eingesehen hat).
- **Auftragsverarbeitung:**
  Verträge mit externen Dienstleistern (z. B. Cloud-Anbieter) enthalten DSGVO-konforme Sicherheitsklauseln.

### **Branchenspezifische Maßnahmen:**
- **PCI-DSS-konforme Sicherheitsstandards:**
  Sofern Zahlungsdaten verarbeitet werden, halten wir die Anforderungen des Payment Card Industry Data Security Standard (PCI-DSS) ein.
- **Elektronische Signaturen:**
  Bei Nutzung digitaler Signaturen (z. B. DocuSign) ist die Nachweisbarkeit der Unterschriften sichergestellt.

---

## 7. Weitere Informationen

- **Externe Dienstleister:**
  Wir nutzen externe Dienstleister (z. B. Microsoft 365, Datev), mit denen wir DSGVO-konforme Auftragsverarbeitungsverträge abgeschlossen haben.
- **Zahlungsdaten:**
  Die Verarbeitung von Zahlungsdaten erfolgt unter Einhaltung der PCI-DSS-Standards.
- **Digitale Signaturen:**
  Bei Nutzung von Tools wie DocuSign ist die Nachweisbarkeit der Unterschriften gewährleistet.
- **Kontakt für Fragen:**
  Für Rückfragen steht unser Datenschutzbeauftragter, PROF. DR. Hanz Zimmer, unter datenschutz@gmx.de oder +49 151 67549187 zur Verfügung.

---
**Stand:** [Datum der letzten Aktualisierung]
**Verantwortlich:** PROF. DR. Hanz Zimmer (Datenschutzbeauftragter)

---
User ID: PVV2109
Mode: ask
Time elapsed: 879 seconds
Date: 2026-02-02T17:30:26.846Z
```"
"60","PVV2109","form","```markdown
# MA-Verwaltung
**Verzeichnis von Verarbeitungstätigkeiten gemäß Artikel 30 DSGVO**

---

## 1. Verantwortliche Stelle und Kontaktdaten

Als verantwortliche Stelle im Sinne der Datenschutz-Grundverordnung (DSGVO) verarbeiten wir personenbezogene Daten im Rahmen der MA-Verwaltung. Unsere Kontaktdaten sowie die unserer Vertreter und des Datenschutzbeauftragten lauten wie folgt:

- **Name der verantwortlichen Stelle**: OPENAI
- **Rolle**: Verantwortlicher (Data Controller)
- **Anschrift**: Mustersstraße 1
- **E-Mail-Adresse**: kontakt@Openai.com
- **Telefonnummer**: 0049 14321987
- **Vertreter**: AI
- **Datenschutzbeauftragter**: AI

---

## 2. Zwecke und Rechtsgrundlagen der Verarbeitung

### 2.1 Zwecke der Verarbeitung
Wir verarbeiten personenbezogene Daten unserer Mitarbeitenden ausschließlich zur Erfüllung arbeitsvertraglicher, gesetzlicher und betrieblicher Pflichten. Die Verarbeitung dient insbesondere folgenden Zwecken:

- Verwaltung von Personalstammdaten
- Durchführung der Gehaltsabrechnung
- Meldungen an Sozialversicherungsträger
- Verwaltung von Urlaubs- und Arbeitszeiten
- Einhaltung gesetzlicher Aufbewahrungspflichten gemäß Handelsgesetzbuch (HGB), Abgabenordnung (AO) und anderen relevanten Vorschriften
- Wahrung berechtigter Interessen des Unternehmens im Rahmen des Beschäftigungsverhältnisses

### 2.2 Rechtsgrundlagen der Verarbeitung
Die Verarbeitung personenbezogener Daten erfolgt auf Basis folgender Rechtsgrundlagen:

- **Art. 6 Abs. 1 lit. b DSGVO**: Erfüllung eines Vertrags (Arbeitsvertrag) oder vorvertraglicher Maßnahmen
- **Art. 6 Abs. 1 lit. c DSGVO**: Erfüllung einer rechtlichen Verpflichtung (z. B. gesetzliche Aufbewahrungspflichten nach HGB und AO)
- **§ 26 BDSG**: Datenverarbeitung für Zwecke des Beschäftigungsverhältnisses
- **§ 257 HGB**: Aufbewahrung von Handelsbüchern, Inventaren, Bilanzen und sonstigen Unterlagen
- **§ 147 AO**: Aufbewahrung von steuerrelevanten Unterlagen
- **§ 239 Abs. 1 HGB**: Führung der Handelsbücher in einer lebenden Sprache und ordnungsgemäße Aufzeichnung

---

## 3. Kategorien personenbezogener Daten und Datenquellen

### 3.1 Kategorien personenbezogener Daten
Wir verarbeiten folgende Kategorien personenbezogener Daten unserer Mitarbeitenden:

**Personenbezogene Daten:**
- Nachname
- Vorname
- Geburtsdatum
- Geburtsort
- Geschlecht
- Staatsangehörigkeit
- Anschrift
- Telefonnummer
- E-Mail-Adresse
- Familienstand
- Religionszugehörigkeit

**Beschäftigungsdaten:**
- Arbeitszeiten
- Berufliche Position
- Personalnummer
- Unternehmenszugehörigkeit
- Urlaubsanspruch
- Urlaubstage
- Urlaubszeiten

**Finanzdaten:**
- Gehalt/Lohn
- Bankverbindung
- Steueridentifikationsnummer
- Steuerklasse
- Monatliche Gehälter
- Monatliche Löhne

**Gesundheitsdaten:**
- Krankenversicherungsnummer
- Sozialversicherungsnummer
- Krankheitstage
- Versicherungsstatus

**Rechtliche Daten:**
- Vertragsdaten
- Ausweisdokumente (z. B. Personalausweis, Reisepass)

**Dokumentations- und Belegdaten:**
- Individuelle Dokumentationen
- Belege
- Rechnungsdaten
- Eingangsrechnungen
- Ausgangsrechnungen

### 3.2 Datenquellen
Die personenbezogenen Daten stammen aus folgenden Quellen:

- E-Mail-Anbieter
- Finanzdienstleister
- HR-Software
- Unternehmenssysteme (ERP, CRM)
- Dokumentenverarbeitungssysteme

---

## 4. Betroffene Personen und Empfänger der Daten

### 4.1 Kategorien betroffener Personen
Die Verarbeitung personenbezogener Daten betrifft folgende Personengruppen:

- Interne Gruppen (Mitarbeitende)

### 4.2 Interne Empfänger
Innerhalb unserer Organisation erhalten folgende Abteilungen und Rollen Zugriff auf die personenbezogenen Daten:

- **Management**
- **Verwaltung**
- **Finanzabteilung**
- **Recht und Compliance**
- **HR- und Recruiting-Rollen**

### 4.3 Externe Empfänger innerhalb der EU/EWR
Personenbezogene Daten werden an folgende externe Empfänger übermittelt:

- **Behörden** (z. B. Finanzamt, Sozialversicherungsträger)
- **Software- und Cloud-Anbieter** (z. B. HR-Software, Dokumentenmanagement-Systeme)
- **Kranken- und Versicherungsträger**
- **Finanzinstitute** (z. B. Banken für Gehaltszahlungen)

---

## 5. Aufbewahrungsfristen und Löschung

### 5.1 Aufbewahrungsfristen
Wir bewahren personenbezogene Daten unserer Mitarbeitenden gemäß den gesetzlichen Vorgaben auf. Die konkreten Aufbewahrungsfristen lauten wie folgt:

- **6 Jahre nach Beendigung des Beschäftigungsverhältnisses** für allgemeine Personalstammdaten und Unterlagen gemäß § 257 HGB und § 147 AO
- **10 Jahre** für steuerrelevante Unterlagen (z. B. Gehaltsabrechnungen, Sozialversicherungsmeldungen) gemäß § 147 Abs. 3 AO
- **Unverzügliche Löschung** nach Wegfall des Zwecks für Daten ohne gesetzliche Aufbewahrungspflicht (z. B. Urlaubsanträge nach Ablauf des Kalenderjahres)

### 5.2 Ausnahmen von den Aufbewahrungsfristen
In Einzelfällen können Daten über die gesetzlichen Aufbewahrungsfristen hinaus aufbewahrt werden, sofern dies zur Geltendmachung, Ausübung oder Verteidigung von Rechtsansprüchen erforderlich ist.

### 5.3 Verfahren zur Löschung
Wir haben ein automatisiertes Löschkonzept implementiert, das die Einhaltung der gesetzlichen Aufbewahrungsfristen sicherstellt. Bei Sonderfällen erfolgt eine manuelle Prüfung durch die zuständige Fachabteilung.

---

## 6. Technische und organisatorische Maßnahmen (TOM)

Um die Sicherheit und Vertraulichkeit der verarbeiteten personenbezogenen Daten zu gewährleisten, haben wir folgende technische und organisatorische Maßnahmen implementiert:

### 6.1 Zugangskontrolle
- Rollenbasierte Zugriffsrechte (RBAC) für HR-Software
- Multi-Faktor-Authentifizierung (MFA) für den Zugriff auf sensible Daten (z. B. Gehaltsdaten)

### 6.2 Weitergabekontrolle
- Verschlüsselung (TLS 1.3) bei der Datenübertragung
- Nutzung eines VPN für den Remote-Zugriff auf Unternehmenssysteme

### 6.3 Eingabekontrolle
- Protokollierung aller Änderungen an Mitarbeiterdaten (Audit-Logs)

### 6.4 Verfügbarkeitskontrolle
- Tägliche Backups (verschlüsselt)
- Notfallwiederherstellungsplan für den Fall von Systemausfällen

### 6.5 Trennungskontrolle
- Logische Trennung von HR-, Finanz- und Gesundheitsdaten in separaten Datenbanken

### 6.6 Pseudonymisierung
- Sozialversicherungsnummern werden durch Token ersetzt, um die Identifizierung zu erschweren

### 6.7 Schulungen
- Jährliche DSGVO-Schulungen für HR-Mitarbeiter und andere relevante Rollen

### 6.8 Löschkonzept
- Automatisierte Löschfristen gemäß HGB und AO
- Manuelle Prüfung bei Sonderfällen, die von den Standardfristen abweichen

---

## 7. Ergänzende Informationen

### 7.1 Drittlandübermittlungen
Falls personenbezogene Daten an Empfänger außerhalb der EU/des EWR übermittelt werden (z. B. im Rahmen der Nutzung von Cloud-Diensten), stellen wir sicher, dass geeignete Garantien gemäß Kapitel V DSGVO (z. B. Standardvertragsklauseln) implementiert sind.

### 7.2 Betroffenenrechte
Wir haben Verfahren zur Bearbeitung von Auskunfts-, Berichtigungs- und Löschanfragen unserer Mitarbeitenden etabliert. Anfragen werden innerhalb der gesetzlichen Fristen (in der Regel einen Monat) bearbeitet. Verantwortlich für die Bearbeitung ist die HR-Abteilung in Zusammenarbeit mit dem Datenschutzbeauftragten.

### 7.3 Datenpannen
Im Falle einer Datenschutzverletzung haben wir einen Meldeprozess etabliert, der die unverzügliche Meldung an die zuständige Aufsichtsbehörde (innerhalb von 72 Stunden) sowie die Information der betroffenen Personen vorsieht, sofern ein hohes Risiko für deren Rechte und Freiheiten besteht.

### 7.4 Auftragsverarbeiter
Wir setzen externe Dienstleister ein, die im Rahmen von Auftragsverarbeitungsverträgen (AVV) gemäß Art. 28 DSGVO tätig werden. Eine Liste der eingesetzten Auftragsverarbeiter sowie die entsprechenden Verträge sind beim Datenschutzbeauftragten hinterlegt.

### 7.5 Besondere Kategorien personenbezogener Daten
Falls besondere Kategorien personenbezogener Daten (z. B. Gesundheitsdaten) verarbeitet werden, erfolgt dies auf Basis von Art. 9 DSGVO in Verbindung mit § 22 BDSG. Die Rechtsgrundlage sowie die getroffenen Schutzmaßnahmen sind in den entsprechenden Verarbeitungsprozessen dokumentiert.

---
User ID: PVV2109
Mode: form
Time elapsed: 272 seconds
Date: 2026-02-02T17:38:37.119Z
```"
"61","NIL1922","form","```markdown
# Mitarbeiterverwaltung (Arbeitszeit/Urlaub) & Parkplatzberechtigung

## 1. Verantwortliche Stelle und Angaben zum Datenschutzbeauftragten

Wir, die **APOR GmbH**, fungieren als Verantwortliche im Sinne der Datenschutz-Grundverordnung (DSGVO) für die Verarbeitung personenbezogener Daten im Rahmen der Mitarbeiterverwaltung, insbesondere zur Erfassung von Arbeitszeiten, Urlaubsansprüchen sowie zur Regelung von Parkplatzberechtigungen.

**Kontaktdaten:**
- **Name der verantwortlichen Stelle:** APOR GmbH
- **Anschrift:** Mainstraße 67, 89073 Ulm
- **E-Mail:** mail@apor.eu
- **Telefon:** 012345678
- **Vertreter:** A.I. (ai@apor.eu)
- **Datenschutzbeauftragter:** A.I. (ai@apor.eu)

---

## 2. Zwecke und Rechtsgrundlagen der Verarbeitung

### 2.1 Zwecke der Verarbeitung
Wir verarbeiten personenbezogene Daten zu folgenden Zwecken:
- Verwaltung von Mitarbeitern der APOR GmbH, einschließlich:
  - Erfassung und Dokumentation von Arbeitszeiten,
  - Verwaltung von Urlaubsansprüchen und -zeiten,
  - Regelung von Parkplatzberechtigungen.

### 2.2 Rechtsgrundlagen der Verarbeitung
Die Verarbeitung personenbezogener Daten erfolgt auf Grundlage der folgenden Rechtsvorschriften:
- **Keine spezifische Rechtsgrundlage gemäß den bereitgestellten Angaben.**
  *Hinweis: Gemäß Artikel 30 DSGVO ist die Angabe der Rechtsgrundlage verpflichtend. Wir empfehlen, die einschlägige Rechtsgrundlage (z. B. Art. 6 Abs. 1 lit. b DSGVO für die Vertragserfüllung oder Art. 6 Abs. 1 lit. c DSGVO für rechtliche Verpflichtungen) nachträglich zu ergänzen.*

---

## 3. Kategorien personenbezogener Daten und Datenquellen

### 3.1 Verarbeitete Datenkategorien
Wir verarbeiten folgende Kategorien personenbezogener Daten:

**Personenbezogene Daten:**
- Nachname
- Vorname
- Geburtsdatum
- Geburtsort
- Staatsangehörigkeit
- Anschrift
- Telefonnummer
- E-Mail-Adresse

**Beschäftigungsdaten:**
- Arbeitszeiten
- Berufliche Position
- Personalnummer
- Urlaubsanspruch
- Urlaubstage
- Urlaubszeiten

**Finanzdaten:**
- Gehalt/Lohn
- Bankverbindung
- Steueridentifikationsnummer
- Steuerklasse

**Gesundheitsdaten:**
- Krankenversicherungsnummer
- Sozialversicherungsnummer

**Rechtliche Daten:**
- Vertragsdaten

**Fahrzeugdaten:**
- Kennzeichen

### 3.2 Datenquellen
Die personenbezogenen Daten stammen aus folgenden Quellen:
- Microsoft Office 365
- HR-Software
- Enterprise-Systeme
- Spezialisierte Mitarbeiterverwaltungssoftware für Arbeitszeit, Urlaub und Parkplatzberechtigungen

---

## 4. Betroffene Personen und Empfänger der Daten

### 4.1 Kategorien betroffener Personen
Die Verarbeitung betrifft folgende Personengruppen:
- Interne Gruppen (z. B. Mitarbeiter der APOR GmbH)
- Personalvermittlungsagenturen

### 4.2 Interne Empfänger
Innerhalb unserer Organisation erhalten folgende Abteilungen oder Funktionen Zugang zu den personenbezogenen Daten:
- Geschäftsführung
- Rechts- und Compliance-Abteilung
- Logistik und Betrieb

### 4.3 Externe Empfänger
Es werden **keine** personenbezogenen Daten an externe Empfänger innerhalb oder außerhalb der EU übermittelt.

---

## 5. Speicherfristen und Löschung

### 5.1 Speicherfristen
Wir speichern personenbezogene Daten für folgende Zeiträume:
- **3 Monate nach Austritt des Mitarbeiters** aus dem Unternehmen.

### 5.2 Löschkonzept
Nach Ablauf der Speicherfrist werden die Daten gemäß unseren internen Richtlinien gelöscht. Es gelten keine darüber hinausgehenden gesetzlichen Aufbewahrungspflichten.

---

## 6. Technische und organisatorische Maßnahmen (TOM)

### 6.1 Schutzmaßnahmen
Zum Schutz der verarbeiteten personenbezogenen Daten haben wir folgende technische und organisatorische Maßnahmen implementiert:
*Gemäß den bereitgestellten Angaben wurden keine spezifischen Maßnahmen genannt. Wir empfehlen, die folgenden Aspekte zu dokumentieren:*
- **Zugangskontrolle:** Physischer und logischer Zugang zu Systemen ist auf autorisierte Personen beschränkt.
- **Weitergabekontrolle:** Daten werden nur an berechtigte Empfänger übermittelt.
- **Eingabekontrolle:** Protokollierung von Datenzugriffen und -änderungen.
- **Verfügbarkeitskontrolle:** Regelmäßige Backups und Schutz vor Datenverlust.
- **Trennungskontrolle:** Getrennte Verarbeitung von Daten zu unterschiedlichen Zwecken.
- **Datenschutzfreundliche Voreinstellungen:** Systeme sind standardmäßig auf datenschutzfreundliche Einstellungen konfiguriert.

*Hinweis: Eine detaillierte Dokumentation der TOM ist gemäß Artikel 32 DSGVO erforderlich und sollte nachträglich ergänzt werden.*

---
**Stand:** [Datum der Erstellung]
**Verantwortlich:** Datenschutzbeauftragter der APOR GmbH

---
User ID: NIL1922
Mode: form
Time elapsed: 579 seconds
Date: 2026-02-02T17:35:27.989Z
```"
"62","NIL1922","ask","```markdown
# Verzeichnis von Verarbeitungstätigkeiten (VVT)
**Mitarbeiterverwaltung (Arbeitszeit/Urlaub) & Parkplatzberechtigung**

---

## 1. Verantwortliche Stelle und Kontaktdaten

Wir, die **APOR GmbH**, fungieren als verantwortliche Stelle (Data Controller) gemäß Art. 4 Nr. 7 DSGVO für die im Folgenden beschriebenen Verarbeitungstätigkeiten.

- **Name der Organisation:** APOR GmbH
- **Anschrift:** Mainstraße 67, 89073 Ulm
- **E-Mail-Adresse:** mail@apor.eu
- **Telefonnummer:** 012345678
- **Vertreter der verantwortlichen Stelle:** A.I. (ai@apor.eu)
- **Datenschutzbeauftragter (DSB):** A.I. (ai@apor.eu)

---

## 2. Zwecke und Rechtsgrundlagen der Verarbeitung

### 2.1 Verarbeitungszwecke
Wir verarbeiten personenbezogene Daten zu folgenden Zwecken:
- Verwaltung von Arbeitszeiten und Urlaubsansprüchen zur Erfüllung arbeitsvertraglicher Pflichten.
- Zuweisung von Parkplätzen zur betrieblichen Organisation und Sicherheit.

### 2.2 Rechtsgrundlagen
Die Verarbeitung erfolgt auf Basis der folgenden Rechtsgrundlagen:
- **Vertragserfüllung (Art. 6 Abs. 1 lit. b DSGVO):**
  Die Verarbeitung ist erforderlich, um Arbeitsverträge zu erfüllen (z. B. Erfassung von Arbeitszeiten, Verwaltung von Urlaubstagen).
- **Berechtigtes Interesse (Art. 6 Abs. 1 lit. f DSGVO):**
  Die Parkplatzverwaltung dient der betrieblichen Organisation und Sicherheit.
- **§ 26 BDSG:**
  Speziell für die Verarbeitung von Beschäftigtendaten in Deutschland (z. B. Personalakten).

---

## 3. Kategorien personenbezogener Daten und Datenquellen

### 3.1 Verarbeitete Datenkategorien
Wir verarbeiten folgende Kategorien personenbezogener Daten:
- **Persönliche Daten:**
  - Name
  - Kontaktdaten (E-Mail, Telefon)
  - Adresse
- **Beschäftigtendaten:**
  - Arbeitszeiten
  - Urlaubstage
  - Personalnummer
  - Position
- **Fahrzeugdaten:**
  - Kennzeichen

### 3.2 Datenquellen
Die Daten stammen aus folgenden Quellen:
- HR-Software (z. B. für Arbeitszeiten, Urlaubsanträge)
- E-Mail-Systeme (z. B. Urlaubsanträge per E-Mail)
- Unternehmensinterne Plattformen (z. B. Intranet für Parkplatzanmeldungen)
- Manuelle Eingaben (z. B. Excel-Listen für Arbeitszeiten)

---

## 4. Betroffene Personen und Empfänger

### 4.1 Kategorien betroffener Personen
Die Verarbeitung betrifft folgende Personengruppen:
- Mitarbeiter:innen

### 4.2 Empfänger der Daten
Die Daten werden ausschließlich intern an folgende Bereiche übermittelt:
- **Keine spezifischen internen Empfängerkategorien** (Zugriff erfolgt nach dem Need-to-Know-Prinzip).

Externe Empfänger oder Auftragsverarbeiter außerhalb der EU sind nicht vorgesehen.

---

## 5. Löschfristen und Speicherdauer

Wir löschen die in diesem Zusammenhang gespeicherten Informationen **spätestens 3 Monate nach Austritt der jeweiligen Person**.

---

## 6. Technische und organisatorische Maßnahmen (TOM)

Um die Sicherheit und Vertraulichkeit der verarbeiteten Daten zu gewährleisten, haben wir folgende Maßnahmen implementiert:

### 6.1 Technische Maßnahmen
- **Rollenbasierte Zugriffskontrollen:** Nur autorisierte Personen haben Zugang zu den Daten.
- **Verschlüsselung:** Sensible Daten (z. B. Fahrzeugkennzeichen) werden verschlüsselt gespeichert.
- **Regelmäßige Backups:** Sicherungskopien werden in definierten Intervallen erstellt.
- **Physische Zutrittsbeschränkungen:** Der Serverraum ist nur für befugtes Personal zugänglich.

### 6.2 Organisatorische Maßnahmen
- **Schulungen:** Mitarbeiter:innen werden regelmäßig zu Datenschutzthemen geschult.
- **Vertraulichkeitsvereinbarungen:** Alle Mitarbeiter:innen unterzeichnen Vertraulichkeitserklärungen.
- **Protokollierung von Zugriffen:** Zugriffe auf personenbezogene Daten werden dokumentiert.
- **Datenminimierung:** Parkplatzdaten werden auf das notwendige Minimum beschränkt (z. B. nur Kennzeichen).

---
**Stand:** [Datum der Erstellung]
**Verantwortlich:** Datenschutzbeauftragter der APOR GmbH

---
User ID: NIL1922
Mode: ask
Time elapsed: 497 seconds
Date: 2026-02-02T17:45:42.959Z
```"
"63","PVV2109","chat","```markdown
# Arbeitsplatz und Parkplatz
**Verzeichnis von Verarbeitungstätigkeiten (VVT) gemäß Artikel 30 DSGVO**

---

## 1. Verantwortlicher und Organisation

**Name des Verantwortlichen:**
Microhard

**Rolle:**
Verantwortlicher im Sinne der DSGVO

**Anschrift:**
Ulmerstr. 123

**Kontaktdaten:**
- E-Mail: kontakt
- Telefon: 0049187187187

**Vertreter des Verantwortlichen:**
AI

**Datenschutzbeauftragter:**
AI

---

## 2. Zweck und Rechtsgrundlage der Verarbeitung

### Zweck der Verarbeitung
Wir verarbeiten personenbezogene Daten zur Verwaltung und Organisation von Arbeitsplätzen sowie zur Bereitstellung und Steuerung von Parkmöglichkeiten für Mitarbeiter:innen und autorisierte Besucher:innen. Dies umfasst insbesondere:

- Die Zuweisung und Verwaltung von Arbeitsplätzen (z. B. Raumbelegung, Zutrittsberechtigungen).
- Die Reservierung, Zuweisung und Überwachung von Parkplätzen (z. B. über digitale Systeme oder physische Kontrollen).
- Die Sicherstellung der Einhaltung von Sicherheits- und Compliance-Vorgaben (z. B. Zutrittsprotokollierung, Videoüberwachung in definierten Bereichen).
- Die Abwicklung administrativer Prozesse (z. B. Ausstellung von Parkausweisen, Verwaltung von Berechtigungen).

Die Verarbeitung erfolgt zur Erfüllung arbeitsvertraglicher Pflichten, zur Gewährleistung der betrieblichen Sicherheit sowie zur Optimierung der Ressourcennutzung.

### Rechtsgrundlage der Verarbeitung
Zum aktuellen Zeitpunkt liegen keine spezifischen Angaben zu den Rechtsgrundlagen gemäß Artikel 6 Abs. 1 DSGVO oder anderen relevanten Vorschriften vor.

---

## 3. Kategorien personenbezogener Daten und Datenquellen

### Kategorien personenbezogener Daten
Zum aktuellen Zeitpunkt liegen keine spezifischen Angaben zu den verarbeiteten Datenkategorien vor.

### Datenquellen
Zum aktuellen Zeitpunkt liegen keine spezifischen Angaben zu den verwendeten Datenquellen vor.

---

## 4. Betroffene Personen und Empfänger

### Kategorien betroffener Personen
Zum aktuellen Zeitpunkt liegen keine spezifischen Angaben zu den Kategorien betroffener Personen vor.

### Empfänger der Daten
#### Interne Empfänger
Zum aktuellen Zeitpunkt liegen keine spezifischen Angaben zu internen Empfängerkategorien vor.

#### Externe Empfänger (innerhalb der EU)
Zum aktuellen Zeitpunkt liegen keine spezifischen Angaben zu externen Empfängerkategorien innerhalb der EU vor.

#### Berechtigte Personen
Zum aktuellen Zeitpunkt liegen keine spezifischen Angaben zu berechtigten Personen oder Rollen vor.

---

## 5. Speicherfristen und Löschung

### Speicherfristen
Zum aktuellen Zeitpunkt liegen keine spezifischen Angaben zu Speicherfristen oder Löschkonzepten vor.

---

## 6. Technische und organisatorische Maßnahmen (TOM)

Zum aktuellen Zeitpunkt liegen keine spezifischen Angaben zu den implementierten technischen und organisatorischen Maßnahmen vor. Wir sind uns jedoch unserer Verpflichtung gemäß Artikel 32 DSGVO bewusst, angemessene Maßnahmen zum Schutz personenbezogener Daten zu ergreifen, und werden diese entsprechend ergänzen.

---
**Stand:** [Datum der Erstellung]
**Verantwortlich:** Datenschutzbeauftragter der Microhard

---
User ID: PVV2109
Mode: chat
Time elapsed: 460 seconds
Date: 2026-02-02T17:49:49.169Z
```"
"64","NIL1922","chat","```markdown
# Mitarbeiterverwaltung (Arbeitszeit/Urlaub) & Parkplatzberechtigung
**Verzeichnis von Verarbeitungstätigkeiten (VVT) gemäß Art. 30 DSGVO**

---

## 1. Verantwortliche Stelle und Kontaktdaten

Als verantwortliche Stelle im Sinne der Datenschutz-Grundverordnung (DSGVO) verarbeiten wir personenbezogene Daten im Rahmen unserer Geschäftstätigkeit. Die folgenden Angaben dienen der Identifikation und Kontaktaufnahme:

- **Name der verantwortlichen Stelle:** APOR GmbH
- **Rolle:** Verantwortlicher (Art. 4 Nr. 7 DSGVO) sowie benannter Datenschutzbeauftragter
- **Anschrift:** Mainstraße 67, 89073 Ulm
- **E-Mail-Adresse:** mail@apor.eu
- **Vertreter der verantwortlichen Stelle:** A.I., ai@apor.eu
- **Datenschutzbeauftragter:** A.I., ai@apor.eu

---

## 2. Zwecke und Rechtsgrundlagen der Verarbeitung

### 2.1 Zwecke der Verarbeitung
Die Verarbeitung personenbezogener Daten erfolgt im Rahmen der Verwaltung von Mitarbeiterdaten, insbesondere zur Organisation von Arbeitszeiten, Urlaubsplanung sowie zur Verwaltung von Parkplatzberechtigungen. 

### 2.2 Rechtsgrundlagen der Verarbeitung
Zum gegenwärtigen Zeitpunkt liegen keine spezifischen Angaben zu den anwendbaren Rechtsgrundlagen gemäß Art. 6 Abs. 1 DSGVO oder anderen einschlägigen Vorschriften vor.

---

## 3. Kategorien personenbezogener Daten und Datenquellen

### 3.1 Kategorien personenbezogener Daten
Derzeit liegen keine Angaben zu den verarbeiteten Kategorien personenbezogener Daten vor.

### 3.2 Datenquellen
Es wurden keine spezifischen Datenquellen benannt, aus denen personenbezogene Daten erhoben oder bezogen werden.

---

## 4. Betroffene Personen und Empfänger

### 4.1 Kategorien betroffener Personen
Mitarbeiter:innen

### 4.2 Empfängerkategorien
#### 4.2.1 Interne Empfänger
Es wurden keine internen Empfängerkategorien benannt.

#### 4.2.2 Externe Empfänger innerhalb der EU
Es wurden keine externen Empfängerkategorien innerhalb der Europäischen Union benannt.

#### 4.2.3 Berechtigte Personen
Es wurden keine spezifischen Rollen oder Funktionen benannt, die Zugriff auf die verarbeiteten Daten haben.

---

## 5. Speicherfristen und Löschkonzept

### 5.1 Speicherfristen
Zum gegenwärtigen Zeitpunkt liegen keine Angaben zu Speicherfristen oder Löschfristen vor.

### 5.2 Löschkonzept
Alle in diesem Zusammenhang gespeicherten Informationen werden spätestens 3 Monate nach Austritt der jeweiligen Person gelöscht.

---

## 6. Technische und organisatorische Maßnahmen (TOM)

Zum Schutz der verarbeiteten personenbezogenen Daten haben wir technische und organisatorische Maßnahmen implementiert. Derzeit liegen jedoch keine spezifischen Angaben zu den umgesetzten Maßnahmen vor.

Wir verpflichten uns, die Sicherheit der Verarbeitung gemäß Art. 32 DSGVO kontinuierlich zu gewährleisten und die Maßnahmen regelmäßig zu überprüfen und anzupassen.

---

**Stand:** [Datum der Erstellung]
**Verantwortlich:** APOR GmbH, vertreten durch den Datenschutzbeauftragten

---
User ID: NIL1922
Mode: chat
Time elapsed: 455 seconds
Date: 2026-02-02T17:55:12.408Z
```"
"65","aea2442","ask","```markdown
# Verzeichnis von Verarbeitungstätigkeiten (VVT)
**Mitarbeiterverwaltung**

---

## 1. Verantwortlicher und Organisation

Wir, die **APOR GMBH**, sind als Verantwortlicher im Sinne der Datenschutz-Grundverordnung (DSGVO) für die Verarbeitung personenbezogener Daten im Rahmen der Mitarbeiterverwaltung zuständig.

- **Name des Verantwortlichen:** APOR GMBH
- **Anschrift:** Mainstraße 67, 89073 Ulm
- **Kontakt:**
  - E-Mail: mail@apor.eu
  - Telefon: 012345678
- **Vertreter:** A.I.
- **Datenschutzbeauftragter:** A.I.

---

## 2. Zwecke und Rechtsgrundlagen der Verarbeitung

Wir verarbeiten personenbezogene Daten zu folgenden Zwecken:

- Anlegen neuer Mitarbeitender
- Dokumentation von Arbeitszeiten
- Verwaltung von Urlaub und Abwesenheiten
- Parkplatzberechtigung (Zuordnung von Fahrzeugkennzeichen)

**Rechtsgrundlagen der Verarbeitung:**
- **Parkplatzverwaltung** (sonstige Rechtsgrundlage gemäß Art. 6 Abs. 1 DSGVO, soweit erforderlich)

---

## 3. Kategorien personenbezogener Daten und Datenquellen

### Verarbeitete Datenkategorien:
- Persönliche Daten
- Beschäftigungsdaten

### Datenquellen:
- Intern gehostetes Microsoft Office sowie interne Server

---

## 4. Betroffene Personen und Empfänger

### Betroffene Personen:
- Mitarbeiter

### Empfänger der Daten:
- **Interne Empfänger:**
  - Zugriffsbeschränkung nach Rollen (Need-to-know-Prinzip)

Es erfolgt keine Weitergabe personenbezogener Daten an externe Empfänger außerhalb der EU.

---

## 5. Speicherfristen und Löschung

- **Löschfrist:**
  Informationen werden spätestens **3 Monate nach Austritt der jeweiligen Person** gelöscht.
- Besondere gesetzliche Aufbewahrungspflichten bleiben unberührt.

---

## 6. Technische und organisatorische Maßnahmen (TOM)

Wir haben folgende Maßnahmen zum Schutz personenbezogener Daten implementiert:

- **Hosting:**
  Nutzung eines intern gehosteten Microsoft Office sowie interner Server (keine externe Cloud).
- **Zugriffskontrolle:**
  - Rollenbasierte Zugriffsbeschränkung (Need-to-know-Prinzip)
  - Passwortschutz (ggf. Multi-Faktor-Authentifizierung)
- **Physische Sicherheit:**
  - Zutrittskontrolle zu Serverraum und Archiv
- **Datenintegrität und Verfügbarkeit:**
  - Regelmäßige Backups
- **Vertraulichkeit:**
  - Verpflichtung der berechtigten Mitarbeitenden zur Vertraulichkeit

---
**Stand:** [Datum der Erstellung/letzten Aktualisierung]
**Verantwortlich:** Datenschutzbeauftragter der APOR GMBH

---
User ID: aea2442
Mode: ask
Time elapsed: 1314 seconds
Date: 2026-02-02T18:10:04.043Z
```"
"66","NLL0820","form","```markdown
# Verzeichnis von Verarbeitungstätigkeiten (VVT)
**Mitarbeiterverwaltung**

---

## 1. Verantwortliche Stelle und Kontaktdaten

Wir, die **APOR GmbH**, fungieren als datenschutzrechtlich Verantwortliche gemäß Artikel 4 Nr. 7 DSGVO für die Verarbeitung personenbezogener Daten im Rahmen der Mitarbeiterverwaltung.

- **Name der verantwortlichen Stelle**: APOR GmbH
- **Anschrift**: Mainstraße 67, 89073 Ulm
- **E-Mail-Adresse**: mail@apor.eu
- **Telefonnummer**: 012345678
- **Vertreter der verantwortlichen Stelle**: A. I.
- **Datenschutzbeauftragter (DSB)**: A. I.

---

## 2. Zwecke und Rechtsgrundlagen der Verarbeitung

### 2.1 Zwecke der Verarbeitung
Wir verarbeiten personenbezogene Daten unserer Mitarbeiterinnen und Mitarbeiter zu folgenden Zwecken:
- Erfüllung arbeitsvertraglicher Pflichten, einschließlich Personalplanung, Gehaltsabrechnung und Sozialversicherungsmeldungen.
- Einhaltung gesetzlicher Aufbewahrungs- und Dokumentationspflichten gemäß Handelsgesetzbuch (HGB), Abgabenordnung (AO) und Bundesdatenschutzgesetz (BDSG).
- Verwaltung von Stammdaten, Arbeitszeiten, Urlaubsansprüchen, Vertragsunterlagen sowie steuerrelevanten Informationen zur ordnungsgemäßen Durchführung des Beschäftigungsverhältnisses.

### 2.2 Rechtsgrundlagen der Verarbeitung
Die Verarbeitung erfolgt auf Grundlage folgender Rechtsnormen:
- **Art. 6 Abs. 1 lit. b DSGVO**: Erfüllung eines Vertrags (Arbeitsvertrag).
- **Art. 6 Abs. 1 lit. c DSGVO**: Erfüllung einer rechtlichen Verpflichtung (z. B. Aufbewahrungspflichten nach HGB, AO).
- **§ 26 BDSG**: Datenverarbeitung für Zwecke des Beschäftigungsverhältnisses.
- **§ 257 HGB**: Aufbewahrung von Handelsbüchern, Inventaren, Bilanzen und Buchungsbelegen.
- **§ 239 Abs. 1 HGB**: Führung und Aufbewahrung von Handelsbüchern.
- **§ 147 AO**: Aufbewahrung von Unterlagen für steuerliche Zwecke.
- **Weitere Rechtsgrundlagen**: Erfüllung arbeitsvertraglicher Pflichten (§ 26 BDSG), gesetzliche Aufbewahrungspflichten (HGB, AO).

---

## 3. Kategorien personenbezogener Daten und Datenquellen

### 3.1 Kategorien personenbezogener Daten
Wir verarbeiten folgende Kategorien personenbezogener Daten:

#### Personenbezogene Daten
- Nachname
- Vorname
- Geburtsdatum
- Geschlecht
- Anschrift
- Telefonnummer
- E-Mail-Adresse

#### Beschäftigungsdaten
- Arbeitszeiten
- Berufliche Position
- Personalnummer
- Unternehmenszugehörigkeit
- Urlaubsanspruch
- Urlaubstage
- Urlaubszeiten

#### Finanzdaten
- Gehalt/Lohn
- Bankverbindung
- Steueridentifikationsnummer
- Steuerklasse
- Monatliche Gehälter
- Monatliche Löhne

#### Vertrags- und Rechtsdaten
- Vertragsdaten
- Ausweisdokumente

#### Fahrzeugdaten
- Kennzeichen
- Führerscheindaten

#### Qualifikationsdaten
- Fähigkeiten

#### Dokumentations- und Aufzeichnungsdaten
- Individuelle Dokumentation
- Rechnungsdaten

#### Sonstige Daten
- Steuerrelevante Informationen
- Sozialversicherungsmeldungen
- Arbeitsvertragsunterlagen

### 3.2 Datenquellen
Die personenbezogenen Daten stammen aus folgenden Quellen:
- Microsoft Office 365
- E-Mail-Anbieter
- Web- und Intranet-Systeme
- HR-Software (z. B. für Gehaltsabrechnung, Sozialversicherungsmeldungen, Personalplanung)
- Unternehmenssysteme
- Sicherheits- und Compliance-Systeme
- HR-spezifische Software (z. B. für Gehaltsabrechnung, Sozialversicherungsmeldungen, Personalplanung)

---

## 4. Betroffene Personen und Empfänger

### 4.1 Kategorien betroffener Personen
Die Verarbeitung betrifft folgende Kategorien betroffener Personen:
- Interne Gruppen (Mitarbeiterinnen und Mitarbeiter)

### 4.2 Interne Empfängerkategorien
Personenbezogene Daten werden innerhalb unserer Organisation an folgende interne Empfängerkategorien übermittelt:
- Geschäftsführung
- Verwaltung
- Rechts- und Compliance-Abteilung

### 4.3 Externe Empfängerkategorien (innerhalb der EU)
Personenbezogene Daten werden an folgende externe Empfängerkategorien innerhalb der EU übermittelt:
- Behörden
- Software- und Cloud-Anbieter
- Finanzinstitute

### 4.4 Berechtigte Personen
Folgende Rollen innerhalb unserer Organisation sind zur Verarbeitung der Daten berechtigt:
- Managementrollen
- Administrative Rollen
- Rechts- und Compliance-Rollen
- HR- und Rekrutierungsrollen

---

## 5. Speicherfristen und Löschung

### 5.1 Speicherfristen
Wir speichern personenbezogene Daten unserer Mitarbeiterinnen und Mitarbeiter für die Dauer des Beschäftigungsverhältnisses sowie darüber hinaus, soweit gesetzliche Aufbewahrungspflichten dies erfordern.

### 5.2 Löschung
- Informationen werden spätestens **3 Monate nach Austritt der jeweiligen Person** gelöscht, sofern keine gesetzlichen Aufbewahrungspflichten entgegenstehen.
- Für Daten, die gesetzlichen Aufbewahrungspflichten unterliegen (z. B. nach HGB oder AO), gelten die jeweiligen Fristen.

---

## 6. Technische und organisatorische Maßnahmen (TOM)

Wir haben folgende technische und organisatorische Maßnahmen implementiert, um die Sicherheit und den Schutz personenbezogener Daten gemäß Artikel 32 DSGVO zu gewährleisten:

### 6.1 Zugangskontrolle
- Rollenbasierte Zugriffsrechte (RBAC) für Mitarbeiterdaten.
- Multi-Faktor-Authentifizierung (MFA) für HR-Systeme.
- Regelmäßige Überprüfung der Berechtigungen.

### 6.2 Weitergabekontrolle
- Verschlüsselung personenbezogener Daten (TLS 1.3 für die Übertragung, AES-256 für die Speicherung).
- Protokollierung aller Datenzugriffe.

### 6.3 Eingabekontrolle
- Automatisierte Logging-Mechanismen für Änderungen an Mitarbeiterdaten.
- Regelmäßige Audits.

### 6.4 Verfügbarkeitskontrolle
- Tägliche Backups (georedundant).
- Notfallwiederherstellungsplan (RTO < 4 Stunden).

### 6.5 Trennungskontrolle
- Getrennte Datenbanken für Stammdaten, Gehaltsdaten und Gesundheitsdaten.

### 6.6 Organisatorische Maßnahmen
- Jährliche Schulungen zu Datenschutz (DSGVO/BDSG).
- Ernennung eines Datenschutzbeauftragten (DSB).
- Regelmäßige Penetrationstests.

### 6.7 Technische Maßnahmen
- EDR-Lösungen (Endpoint Detection & Response).
- SIEM-System für Echtzeit-Überwachung.
- Automatisierte Löschroutinen gemäß Aufbewahrungsfristen.

---
**Stand**: [Datum der Erstellung]
**Verantwortlich**: Datenschutzbeauftragter der APOR GmbH

---
User ID: NLL0820
Mode: form
Time elapsed: 583 seconds
Date: 2026-02-02T18:33:35.248Z
```"
"67","aea2442","form","```markdown
# Verzeichnis von Verarbeitungstätigkeiten (VVT)
**Mitarbeiterverwaltung**

---

## 1. Verantwortliche Stelle und Kontaktdaten

Wir, die **APOR GMBH**, fungieren als datenschutzrechtlich Verantwortliche im Sinne der Datenschutz-Grundverordnung (DSGVO) für die im Folgenden beschriebene Verarbeitung personenbezogener Daten.

- **Name der verantwortlichen Stelle:** APOR GMBH
- **Anschrift:** Mainstraße 67, 89073 Ulm
- **E-Mail-Adresse:** mail@apor.eu
- **Telefonnummer:** 12345678
- **Vertreter der verantwortlichen Stelle:** A. I. (ai@apor.eu)
- **Datenschutzbeauftragter:** A. I. (ai@apor.eu)

---

## 2. Zwecke und Rechtsgrundlagen der Verarbeitung

### 2.1 Zwecke der Verarbeitung
Die Verarbeitung personenbezogener Daten im Rahmen der Mitarbeiterverwaltung dient folgenden Zwecken:
- Erfüllung arbeitsvertraglicher Pflichten gemäß § 611a BGB,
- Personalverwaltung, einschließlich der Verwaltung von Stammdaten, Arbeitszeiten und Urlaubsansprüchen,
- Meldungen an Sozialversicherungsträger,
- Einhaltung gesetzlicher Aufbewahrungs- und Dokumentationspflichten nach Handelsgesetzbuch (HGB), Abgabenordnung (AO) und Bundesdatenschutzgesetz (BDSG).

### 2.2 Rechtsgrundlagen der Verarbeitung
Die Verarbeitung erfolgt auf Grundlage folgender Rechtsnormen:
- **Art. 6 Abs. 1 lit. b DSGVO** (Erfüllung eines Vertrags oder vorvertraglicher Maßnahmen),
- **Art. 6 Abs. 1 lit. c DSGVO** (Erfüllung einer rechtlichen Verpflichtung),
- **§ 26 BDSG** (Datenverarbeitung für Zwecke des Beschäftigungsverhältnisses),
- **§ 257 HGB** (Aufbewahrung von Handelsbüchern, Inventaren, Bilanzen und Buchungsbelegen),
- **§ 239 Abs. 1 HGB** (Führung der Handelsbücher),
- **§ 147 AO** (Aufbewahrung von Unterlagen).

---

## 3. Kategorien personenbezogener Daten und Datenquellen

### 3.1 Kategorien personenbezogener Daten
Wir verarbeiten folgende Kategorien personenbezogener Daten unserer Mitarbeiter:

**Personenbezogene Daten:**
- Nachname
- Vorname
- Anschrift
- Telefonnummer
- E-Mail-Adresse

**Beschäftigungsdaten:**
- Arbeitszeiten
- Urlaubsanspruch
- Urlaubstage
- Krankheitstage

**Fahrzeugdaten:**
- Kennzeichen

### 3.2 Datenquellen
Die personenbezogenen Daten werden aus folgenden Quellen erhoben:
- Microsoft Office 365
- Enterprise-Systeme (z. B. HR-Software, interne Datenbanken)

---

## 4. Betroffene Personen und Empfänger der Daten

### 4.1 Kategorien betroffener Personen
Die Verarbeitung betrifft folgende Personengruppen:
- Interne Gruppen (Mitarbeiter der APOR GMBH)

### 4.2 Empfänger der Daten
Die personenbezogenen Daten werden an folgende interne Empfänger übermittelt:
- Verwaltung

Externe Empfänger innerhalb der EU:
- Keine Übermittlung an externe Empfänger.

---

## 5. Löschfristen und Aufbewahrungsdauern

Die personenbezogenen Daten werden nach Beendigung des Beschäftigungsverhältnisses gelöscht. Die konkrete Löschfrist beträgt:
- **Drei Monate nach Austritt des Mitarbeiters.**

Sofern gesetzliche Aufbewahrungspflichten (z. B. nach HGB oder AO) bestehen, werden die Daten darüber hinaus gespeichert, bis diese Pflichten erfüllt sind.

---

## 6. Technische und organisatorische Maßnahmen (TOM)

Zum Schutz der verarbeiteten personenbezogenen Daten haben wir folgende technische und organisatorische Maßnahmen implementiert:

- **Zugriffsbeschränkungen:** Rollenbasierte Zugriffskontrolle nach dem Need-to-know-Prinzip.
- **Authentifizierung:** Passwortschutz, ggf. Multi-Faktor-Authentifizierung (MFA).
- **Datensicherung:** Regelmäßige Backups zur Sicherstellung der Datenverfügbarkeit.
- **Physische Sicherheit:** Zutrittskontrolle zu Serverräumen und Archiven.
- **Vertraulichkeit:** Verpflichtung der berechtigten Mitarbeiter zur Wahrung der Vertraulichkeit.
- **Dokumentation:** Protokollierung von Zugriffen und Änderungen an personenbezogenen Daten.

---
**Stand:** [Datum der Erstellung/letzten Aktualisierung]
**Verantwortlich:** Datenschutzbeauftragter der APOR GMBH

---
User ID: aea2442
Mode: form
Time elapsed: 719 seconds
Date: 2026-02-02T18:44:34.252Z
```"
"68","aea2442","chat","```markdown
# Verzeichnis von Verarbeitungstätigkeiten (VVT)
**Mitarbeiterverwaltung**

---

## 1. Organisation und Verantwortlicher

Wir, die **APOR GmbH**, sind als Verantwortlicher für die Verarbeitung personenbezogener Daten im Rahmen der Mitarbeiterverwaltung tätig. Unsere Kontaktdaten lauten wie folgt:

- **Name der Organisation:** APOR GmbH
- **Rolle:** Verantwortlicher
- **Anschrift:** Mainstraße 67, 89073 Ulm
- **E-Mail-Adresse:** mail@apor.eu
- **Telefonnummer:** 01234 5678
- **Vertreter:** A.I.
- **Datenschutzbeauftragter:** A.I.

---

## 2. Zweck und Rechtsgrundlage der Verarbeitung

### Zweck der Verarbeitung
Wir verarbeiten personenbezogene Daten unserer Mitarbeiter zur Verwaltung und Organisation der Mitarbeiterverhältnisse. Dies umfasst insbesondere:

- Die Erfassung und Dokumentation von Arbeitszeiten gemäß gesetzlichen Vorgaben,
- Die Verwaltung von Urlaubsansprüchen und -anträgen,
- Die Organisation von Parkplatzberechtigungen für Mitarbeiter,
- Die Anlage und Pflege von Mitarbeiterstammdaten,
- Die Erfüllung damit verbundener administrativer und rechtlicher Pflichten.

### Rechtsgrundlage der Verarbeitung
Die Verarbeitung personenbezogener Daten erfolgt auf Grundlage folgender Rechtsvorschriften:

*(Anmerkung: Gemäß den bereitgestellten Informationen wurde keine spezifische Rechtsgrundlage nach Art. 6 Abs. 1 DSGVO oder anderen Gesetzen angegeben. Die Verarbeitung erfolgt daher ausschließlich im Rahmen der gesetzlichen Pflichten und vertraglichen Notwendigkeiten, die sich aus dem Arbeitsverhältnis ergeben.)*

---

## 3. Kategorien personenbezogener Daten und Datenquellen

### Kategorien personenbezogener Daten
Wir verarbeiten folgende Kategorien personenbezogener Daten unserer Mitarbeiter:

- **Personenbezogene Daten:**
  - Nachname
  - Vorname
  - Anschrift
  - Telefonnummer
  - E-Mail-Adresse

- **Beschäftigungsdaten:**
  - Arbeitszeiten
  - Berufliche Position
  - Personalnummer
  - Unternehmenszugehörigkeit
  - Urlaubsanspruch
  - Urlaubstage
  - Urlaubszeiten

### Datenquellen
Die personenbezogenen Daten stammen aus folgenden Quellen:

- Microsoft Office 365
- Interne Server

---

## 4. Betroffene Personen und Empfänger

### Betroffene Personen
Die Verarbeitung personenbezogener Daten betrifft folgende Kategorien von Personen:

- Mitarbeiter der APOR GmbH

### Empfänger der Daten
*(Anmerkung: Gemäß den bereitgestellten Informationen wurden keine internen oder externen Empfängerkategorien angegeben. Die Daten werden ausschließlich innerhalb der Organisation verarbeitet und nicht an Dritte weitergegeben, sofern keine gesetzliche Verpflichtung besteht.)*

---

## 5. Speicherfristen und Löschung

### Speicherfristen
Wir speichern personenbezogene Daten unserer Mitarbeiter wie folgt:

- Die Daten werden **3 Monate nach Austritt des Mitarbeiters** gelöscht.
- Sofern gesetzliche Aufbewahrungspflichten bestehen, die über diesen Zeitraum hinausgehen, behalten wir die Daten entsprechend länger vor.

---

## 6. Technische und organisatorische Maßnahmen (TOM)

Zum Schutz der verarbeiteten personenbezogenen Daten haben wir folgende technische und organisatorische Maßnahmen implementiert:

- **Zugriffsbeschränkung nach dem Need-to-know-Prinzip:** Nur berechtigte Personen (z. B. HR, Führungskräfte) erhalten Zugang zu den für ihre Aufgaben notwendigen Daten.
- **Passwortschutz mit Mehrfaktor-Authentifizierung (MFA):** Für Systeme mit sensiblen Daten setzen wir MFA ein.
- **Regelmäßige Backups:** Wir führen regelmäßige Backups der Mitarbeiterdaten durch, um Datenverlust zu vermeiden.
- **Physische Zutrittskontrolle:** Der Zugang zum Serverraum und Archiv ist physisch gesichert.
- **Vertraulichkeitsverpflichtung:** Alle berechtigten Mitarbeiter sind schriftlich zur Vertraulichkeit verpflichtet.
- **Verschlüsselung sensibler Daten:** Sensible Daten werden bei Übertragung und Speicherung verschlüsselt.
- **Protokollierung von Zugriffen:** Zugriffe auf Mitarbeiterdaten werden protokolliert.
- **Regelmäßige Überprüfung der Berechtigungen:** Berechtigungen werden insbesondere bei Mitarbeiterwechseln überprüft.

---
**Ende des Verzeichnisses von Verarbeitungstätigkeiten**

---
User ID: aea2442
Mode: chat
Time elapsed: 1792 seconds
Date: 2026-02-02T18:44:51.946Z
```"
"69","IHB1316","form","```markdown
# Verzeichnis von Verarbeitungstätigkeiten (VVT)
**Mitarbeiterverwaltung (Arbeitszeit/Urlaub) & Parkplatzberechtigung**

---

## 1. Verantwortliche Stelle und Kontaktdaten

**Verantwortliche Stelle (Verantwortlicher im Sinne der DSGVO):**
- **Name:** APOR GmbH
- **Anschrift:** Mainstraße 67, 89073 Ulm
- **E-Mail:** mail@apor.eu
- **Telefon:** 012345678

**Vertreter des Verantwortlichen:**
- **Name:** A. I.
- **E-Mail:** ai@apor.eu

**Datenschutzbeauftragter (DSB):**
- **Name:** A. I.
- **E-Mail:** ai@apor.eu

**Rolle:**
Wir sind als **Verantwortlicher** im Sinne von Art. 4 Nr. 7 DSGVO für die Verarbeitung personenbezogener Daten im Rahmen der Mitarbeiterverwaltung (Arbeitszeit/Urlaub) sowie der Parkplatzberechtigung zuständig. Unsere Tätigkeit unterliegt den Vorgaben der DSGVO sowie des Bundesdatenschutzgesetzes (BDSG).

---

## 2. Zwecke und Rechtsgrundlagen der Verarbeitung

### 2.1 Zwecke der Verarbeitung
Wir verarbeiten personenbezogene Daten unserer Mitarbeiter zu folgenden Zwecken:
- **Verwaltung von Arbeitszeiten und Urlaubsansprüchen:**
  - Erfassung, Speicherung und Auswertung von Arbeitszeiten, Überstunden, Urlaubstagen sowie Urlaubsanträgen.
  - Sicherstellung der Einhaltung arbeitsvertraglicher und gesetzlicher Pflichten (z. B. Arbeitszeitgesetz, Bundesurlaubsgesetz).
  - Planung und Koordination betrieblicher Abläufe.
- **Regelung der Parkplatzberechtigung:**
  - Verwaltung von Fahrzeugkennzeichen zur Zuweisung und Kontrolle von Parkplätzen auf dem Betriebsgelände.
  - Gewährleistung einer geregelten und fairen Nutzung betrieblicher Ressourcen.

### 2.2 Rechtsgrundlagen der Verarbeitung
Die Verarbeitung erfolgt auf Grundlage der folgenden Rechtsnormen gemäß Art. 6 DSGVO sowie ergänzender nationaler Vorschriften:

- **Einwilligung der betroffenen Person (Art. 6 Abs. 1 lit. a DSGVO):**
  Wir holen die freiwillige, informierte und widerrufbare Einwilligung unserer Mitarbeiter für die Verarbeitung personenbezogener Daten ein, insbesondere im Zusammenhang mit der Parkplatzverwaltung. Die Einwilligungserklärung umfasst:
  - Den konkreten Verarbeitungszweck (z. B. Zuweisung von Parkplätzen).
  - Das Recht zum jederzeitigen Widerruf der Einwilligung (Art. 7 Abs. 3 DSGVO).
  - Die Dokumentation der Einwilligung gemäß Art. 7 Abs. 1 DSGVO.

- **Erfüllung eines Vertrags oder vorvertraglicher Maßnahmen (Art. 6 Abs. 1 lit. b DSGVO):**
  Die Verarbeitung ist erforderlich zur Erfüllung des Arbeitsvertrags, insbesondere zur:
  - Verwaltung von Arbeitszeiten und Urlaubsansprüchen.
  - Durchführung von Gehaltsabrechnungen (sofern relevant).
  - Einhaltung arbeitsrechtlicher Pflichten.

- **Erfüllung einer rechtlichen Verpflichtung (BDSG § 26):**
  Die Verarbeitung personenbezogener Daten von Beschäftigten ist gemäß § 26 BDSG zulässig, soweit sie für die Begründung, Durchführung oder Beendigung des Beschäftigungsverhältnisses erforderlich ist. Dies umfasst:
  - Die Erfassung von Arbeitszeiten zur Einhaltung des Arbeitszeitgesetzes.
  - Die Verwaltung von Urlaubsansprüchen gemäß Bundesurlaubsgesetz.
  - Die Dokumentation von Personalstammdaten.

---

## 3. Kategorien personenbezogener Daten und Datenquellen

### 3.1 Kategorien personenbezogener Daten
Wir verarbeiten folgende Kategorien personenbezogener Daten:

**Personenbezogene Daten:**
- Nachname
- Vorname
- Personalnummer

**Beschäftigungsdaten:**
- Arbeitszeiten
- Zugehörigkeit zum Unternehmen
- Urlaubsanspruch
- Urlaubstage
- Urlaubszeiten

**Fahrzeugdaten:**
- Fahrzeugkennzeichen

### 3.2 Datenquellen
Die personenbezogenen Daten werden aus folgenden Quellen erhoben:
- **Interne HR-Systeme:**
  Nutzung spezialisierter Softwarelösungen für die Arbeitszeit- und Urlaubsverwaltung sowie die Parkplatzberechtigung (z. B. internes HR-System oder branchenspezifische Lösung).
- **Unternehmensinterne Systeme:**
  Integration in bestehende Enterprise-Systeme zur zentralen Verwaltung von Mitarbeiterdaten.

---

## 4. Betroffene Personen und Empfänger der Daten

### 4.1 Kategorien betroffener Personen
Die Verarbeitung betrifft folgende Kategorien von Personen:
- **Interne Gruppen:**
  - Mitarbeiter der APOR GmbH.

### 4.2 Empfängerkategorien
Die personenbezogenen Daten werden an folgende interne und externe Empfänger übermittelt:

**Interne Empfänger:**
- **Geschäftsführung:**
  Zugriff auf aggregierte Daten zur strategischen Planung und Kontrolle.
- **Verwaltung (HR-Abteilung):**
  Verantwortlich für die Verwaltung von Arbeitszeiten, Urlaubsansprüchen und Personalstammdaten.
- **Technische Abteilung:**
  Unterstützung bei der Wartung und Pflege der HR-Software sowie der Parkplatzverwaltungssysteme.
- **Recht und Compliance:**
  Überwachung der Einhaltung datenschutzrechtlicher Vorgaben und Bearbeitung von Betroffenenanfragen.
- **HR- und Rekrutierungsabteilung:**
  Verwaltung von Mitarbeiterdaten im Rahmen des Beschäftigungsverhältnisses.

**Autorisierte Personen:**
- **Führungskräfte:**
  Zugriff auf relevante Mitarbeiterdaten ihrer Teams (z. B. Arbeitszeiten, Urlaubsplanung).
- **Administrative Rollen:**
  Verantwortlich für die Pflege und Aktualisierung der Daten in den HR-Systemen.
- **Technische Rollen:**
  Unterstützung bei der Systemwartung und -sicherheit.
- **Rechtliche und Compliance-Rollen:**
  Bearbeitung von Datenschutzanfragen und Überwachung der Compliance.
- **HR- und Rekrutierungsrollen:**
  Verwaltung von Mitarbeiterdaten und Durchführung von Personalprozessen.

**Externe Empfänger:**
- Derzeit werden keine personenbezogenen Daten an externe Empfänger außerhalb der EU übermittelt. Sollten zukünftig externe Dienstleister (z. B. Cloud-Anbieter) eingebunden werden, erfolgen entsprechende vertragliche Regelungen gemäß Art. 28 DSGVO sowie die Prüfung geeigneter Garantien für Drittlandtransfers (Art. 44–49 DSGVO).

---

## 5. Löschfristen und Speicherdauer

### 5.1 Löschfristen
Wir löschen personenbezogene Daten gemäß den folgenden Fristen:

- **Nach Beendigung des Arbeitsverhältnisses:**
  Die Daten werden **drei Jahre nach Beendigung des Arbeitsverhältnisses** gelöscht, sofern keine längeren gesetzlichen Aufbewahrungsfristen (z. B. 10 Jahre für steuerrelevante Daten gemäß § 147 AO) gelten.
  - **Ausnahme:**
    Daten, die über die gesetzlichen Aufbewahrungsfristen hinaus erforderlich sind (z. B. für laufende Rechtsstreitigkeiten), werden erst nach Wegfall des Erfordernisses gelöscht.

- **Bei Widerruf der Einwilligung:**
  Im Falle eines Widerrufs der Einwilligung (z. B. für die Parkplatzverwaltung) werden die betroffenen Daten unverzüglich gelöscht, sofern keine anderen Rechtsgrundlagen für die weitere Speicherung bestehen.

### 5.2 Technische Umsetzung der Löschung
- **Automatisierte Löschroutinen:**
  Wir setzen automatisierte Prozesse ein, um die Löschung nach Ablauf der Fristen sicherzustellen.
- **Manuelle Überprüfung:**
  Vor der Löschung erfolgt eine manuelle Prüfung, ob die Daten für andere Zwecke (z. B. laufende Verfahren) weiterhin benötigt werden.
- **Dokumentation:**
  Die Löschung wird revisionssicher dokumentiert.

---

## 6. Technische und organisatorische Maßnahmen (TOM)

Zur Gewährleistung der Sicherheit der Verarbeitung gemäß Art. 32 DSGVO haben wir folgende technische und organisatorische Maßnahmen implementiert:

### 6.1 Zugangskontrolle
- **Rollenbasierte Zugriffsrechte:**
  Der Zugriff auf personenbezogene Daten ist auf autorisierte Personen beschränkt (z. B. HR-Abteilung, Parkplatzverwaltung).
- **Multi-Faktor-Authentifizierung (MFA):**
  Für den Zugriff auf sensible Systeme ist eine Zwei-Faktor-Authentifizierung erforderlich.
- **Physische Sicherheit:**
  Server und Arbeitsplätze mit Zugriff auf personenbezogene Daten sind vor unbefugtem Zutritt geschützt.

### 6.2 Weitergabekontrolle
- **Verschlüsselung:**
  Daten werden bei der Übertragung (z. B. via TLS 1.3) und im Ruhezustand verschlüsselt.
- **VPN für Remote-Zugriff:**
  Externe Zugriffe erfolgen ausschließlich über ein gesichertes Virtual Private Network (VPN).

### 6.3 Eingabekontrolle
- **Protokollierung:**
  Alle Änderungen an personenbezogenen Daten werden revisionssicher protokolliert (Wer? Wann? Was?).
- **Revisionssichere Speicherung:**
  Protokolldaten werden für mindestens 12 Monate gespeichert und sind vor Manipulation geschützt.

### 6.4 Verfügbarkeitskontrolle
- **Tägliche Backups:**
  Es werden tägliche, verschlüsselte Backups erstellt und offline gespeichert.
- **Notfallplan:**
  Ein Notfallplan für Systemausfälle und Datenverluste ist implementiert.

### 6.5 Trennungskontrolle
- **Logische Trennung:**
  Arbeitszeitdaten und Parkplatzdaten werden in separaten Datenbanken gespeichert.
- **Pseudonymisierung:**
  Fahrzeugkennzeichen sind nur für die Parkplatzverwaltung einsehbar und werden für andere Zwecke pseudonymisiert.

### 6.6 Schulungen und Sensibilisierung
- **Jährliche DSGVO-Schulungen:**
  Mitarbeiter mit Zugriff auf personenbezogene Daten erhalten regelmäßige Schulungen zu Datenschutz und Datensicherheit.
- **Verpflichtung auf Vertraulichkeit:**
  Alle Mitarbeiter unterzeichnen eine Vertraulichkeitsvereinbarung.

### 6.7 Löschkonzept
- **Automatisierte Löschung:**
  Daten werden nach Ablauf der Speicherfristen automatisch gelöscht.
- **Manuelle Überprüfung:**
  Vor der Löschung erfolgt eine Prüfung auf weitere Speicherpflichten.

### 6.8 Technische Sicherheit
- **Firewalls und Intrusion Detection:**
  Netzwerke sind durch Firewalls und Systeme zur Erkennung von Eindringversuchen geschützt.
- **Regelmäßige Penetrationstests:**
  Externe Sicherheitsaudits und Penetrationstests werden mindestens einmal jährlich durchgeführt.
- **Patch-Management:**
  Sicherheitsupdates für alle Systeme werden zeitnah eingespielt.

### 6.9 Dokumentation und Compliance
- **Aktualisierung des Verarbeitungsverzeichnisses:**
  Das Verzeichnis von Verarbeitungstätigkeiten wird regelmäßig überprüft und aktualisiert.
- **Datenschutz-Folgenabschätzung (DSFA):**
  Bei risikoreichen Verarbeitungen (z. B. Parkplatzverwaltung mit Fahrzeugdaten) führen wir eine DSFA gemäß Art. 35 DSGVO durch.

### 6.10 Meldung von Datenschutzvorfällen
- **Prozess für Datenschutzvorfälle:**
  Ein klar definierter Prozess zur Meldung und Bearbeitung von Datenschutzvorfällen gemäß Art. 33 DSGVO ist etabliert.

---

## 7. Besondere Hinweise und zusätzliche Anforderungen

### 7.1 Einwilligungserklärung und Widerrufsrecht
- **Dokumentation der Einwilligung:**
  Wir dokumentieren die Einwilligung unserer Mitarbeiter gemäß Art. 7 DSGVO und stellen sicher, dass diese freiwillig, informiert und widerruflich erteilt wird.
- **Widerrufsrecht:**
  Mitarbeiter können ihre Einwilligung jederzeit mit Wirkung für die Zukunft widerrufen. Der Widerruf ist formlos möglich und wird unverzüglich umgesetzt.

### 7.2 Datenminimierung
- **Prüfung der Erforderlichkeit:**
  Wir prüfen regelmäßig, ob alle erhobenen Daten (z. B. Fahrzeugkennzeichen) für den jeweiligen Zweck zwingend erforderlich sind. Nicht benötigte Daten werden gelöscht oder nicht erhoben.

### 7.3 Betroffenenrechte
- **Prozesse für Betroffenenanfragen:**
  Wir haben klare Prozesse zur Bearbeitung von Auskunfts-, Berichtigungs-, Lösch- und Einschränkungsanfragen gemäß Art. 15–22 DSGVO etabliert.
  - **Auskunftsrecht (Art. 15 DSGVO):**
    Mitarbeiter erhalten auf Anfrage Auskunft über die zu ihrer Person gespeicherten Daten.
  - **Berichtigungsrecht (Art. 16 DSGVO):**
    Unrichtige Daten werden unverzüglich berichtigt.
  - **Löschrecht (Art. 17 DSGVO):**
    Daten werden auf Anfrage gelöscht, sofern keine gesetzlichen Aufbewahrungspflichten entgegenstehen.
  - **Einschränkungsrecht (Art. 18 DSGVO):**
    Die Verarbeitung kann auf Anfrage eingeschränkt werden.

### 7.4 Drittlandtransfers
- **Externe Dienstleister:**
  Sollten externe Dienstleister (z. B. Cloud-Anbieter) eingebunden werden, prüfen wir, ob diese ihren Sitz in einem Drittland haben. In diesem Fall stellen wir sicher, dass geeignete Garantien gemäß Art. 44–49 DSGVO (z. B. Standardvertragsklauseln) vorliegen.

### 7.5 Vertragliche Regelungen mit Auftragsverarbeitern
- **Auftragsverarbeitungsverträge (AVV):**
  Mit allen externen Dienstleistern, die personenbezogene Daten in unserem Auftrag verarbeiten, schließen wir Verträge gemäß Art. 28 DSGVO ab.

### 7.6 Meldung von Datenschutzvorfällen
- **Prozess für Datenschutzvorfälle:**
  Im Falle einer Datenschutzverletzung melden wir diese unverzüglich und innerhalb von 72 Stunden an die zuständige Aufsichtsbehörde, sofern ein Risiko für die Rechte und Freiheiten der betroffenen Personen besteht (Art. 33 DSGVO).

---

**Stand:** [Datum der letzten Aktualisierung]
**Verantwortlich:** Datenschutzbeauftragter der APOR GmbH

---
User ID: IHB1316
Mode: form
Time elapsed: 403 seconds
Date: 2026-02-02T20:27:18.504Z
```"
"70","IHB1316","form","```markdown
# Verzeichnis von Verarbeitungstätigkeiten (VVT)
**Mitarbeiterverwaltung (Arbeitszeit/Urlaub) & Parkplatzberechtigung**

---

## 1. Verantwortliche Stelle und Kontaktdaten

**Verantwortliche Stelle (Verantwortlicher im Sinne der DSGVO):**
- **Name:** APOR GmbH
- **Anschrift:** Mainstraße 67, 89073 Ulm
- **E-Mail:** mail@apor.eu
- **Telefon:** 012345678

**Vertreter des Verantwortlichen:**
- **Name:** A. I.
- **E-Mail:** ai@apor.eu

**Datenschutzbeauftragter (DSB):**
- **Name:** A. I.
- **E-Mail:** ai@apor.eu

**Rolle:**
Wir sind als **Verantwortlicher** im Sinne von Art. 4 Nr. 7 DSGVO für die Verarbeitung personenbezogener Daten im Rahmen der Mitarbeiterverwaltung (Arbeitszeit/Urlaub) sowie der Parkplatzberechtigung zuständig. Unsere Tätigkeit unterliegt den Vorgaben der DSGVO sowie des Bundesdatenschutzgesetzes (BDSG).

---

## 2. Zwecke und Rechtsgrundlagen der Verarbeitung

### 2.1 Zwecke der Verarbeitung
Wir verarbeiten personenbezogene Daten unserer Mitarbeiter zu folgenden Zwecken:
- **Verwaltung von Arbeitszeiten und Urlaubsansprüchen:**
  - Erfassung, Speicherung und Auswertung von Arbeitszeiten, Überstunden, Urlaubstagen sowie Urlaubsanträgen.
  - Sicherstellung der Einhaltung arbeitsvertraglicher und gesetzlicher Pflichten (z. B. Arbeitszeitgesetz, Bundesurlaubsgesetz).
  - Planung und Koordination betrieblicher Abläufe.
- **Regelung der Parkplatzberechtigung:**
  - Verwaltung von Fahrzeugkennzeichen zur Zuweisung und Kontrolle von Parkplätzen auf dem Betriebsgelände.
  - Gewährleistung einer geregelten und fairen Nutzung betrieblicher Ressourcen.

### 2.2 Rechtsgrundlagen der Verarbeitung
Die Verarbeitung erfolgt auf Grundlage der folgenden Rechtsnormen gemäß Art. 6 DSGVO sowie ergänzender nationaler Vorschriften:

- **Einwilligung der betroffenen Person (Art. 6 Abs. 1 lit. a DSGVO):**
  Wir holen die freiwillige, informierte und widerrufbare Einwilligung unserer Mitarbeiter für die Verarbeitung personenbezogener Daten ein, insbesondere im Zusammenhang mit der Parkplatzverwaltung. Die Einwilligungserklärung umfasst:
  - Den konkreten Verarbeitungszweck (z. B. Zuweisung von Parkplätzen).
  - Das Recht zum jederzeitigen Widerruf der Einwilligung (Art. 7 Abs. 3 DSGVO).
  - Die Dokumentation der Einwilligung gemäß Art. 7 Abs. 1 DSGVO.

- **Erfüllung eines Vertrags oder vorvertraglicher Maßnahmen (Art. 6 Abs. 1 lit. b DSGVO):**
  Die Verarbeitung ist erforderlich zur Erfüllung des Arbeitsvertrags, insbesondere zur:
  - Verwaltung von Arbeitszeiten und Urlaubsansprüchen.
  - Durchführung von Gehaltsabrechnungen (sofern relevant).
  - Einhaltung arbeitsrechtlicher Pflichten.

- **Erfüllung einer rechtlichen Verpflichtung (BDSG § 26):**
  Die Verarbeitung personenbezogener Daten von Beschäftigten ist gemäß § 26 BDSG zulässig, soweit sie für die Begründung, Durchführung oder Beendigung des Beschäftigungsverhältnisses erforderlich ist. Dies umfasst:
  - Die Erfassung von Arbeitszeiten zur Einhaltung des Arbeitszeitgesetzes.
  - Die Verwaltung von Urlaubsansprüchen gemäß Bundesurlaubsgesetz.
  - Die Dokumentation von Personalstammdaten.

---

## 3. Kategorien personenbezogener Daten und Datenquellen

### 3.1 Kategorien personenbezogener Daten
Wir verarbeiten folgende Kategorien personenbezogener Daten:

**Personenbezogene Daten:**
- Nachname
- Vorname
- Personalnummer

**Beschäftigungsdaten:**
- Arbeitszeiten
- Zugehörigkeit zum Unternehmen
- Urlaubsanspruch
- Urlaubstage
- Urlaubszeiten

**Fahrzeugdaten:**
- Fahrzeugkennzeichen

### 3.2 Datenquellen
Die personenbezogenen Daten werden aus folgenden Quellen erhoben:
- **Interne HR-Systeme:**
  Nutzung spezialisierter Softwarelösungen für die Arbeitszeit- und Urlaubsverwaltung sowie die Parkplatzberechtigung (z. B. internes HR-System oder branchenspezifische Lösung).
- **Unternehmensinterne Systeme:**
  Integration in bestehende Enterprise-Systeme zur zentralen Verwaltung von Mitarbeiterdaten.

---

## 4. Betroffene Personen und Empfänger der Daten

### 4.1 Kategorien betroffener Personen
Die Verarbeitung betrifft folgende Kategorien von Personen:
- **Interne Gruppen:**
  - Mitarbeiter der APOR GmbH.

### 4.2 Empfängerkategorien
Die personenbezogenen Daten werden an folgende interne und externe Empfänger übermittelt:

**Interne Empfänger:**
- **Geschäftsführung:**
  Zugriff auf aggregierte Daten zur strategischen Planung und Kontrolle.
- **Verwaltung (HR-Abteilung):**
  Verantwortlich für die Verwaltung von Arbeitszeiten, Urlaubsansprüchen und Personalstammdaten.
- **Technische Abteilung:**
  Unterstützung bei der Wartung und Pflege der HR-Software sowie der Parkplatzverwaltungssysteme.
- **Recht und Compliance:**
  Überwachung der Einhaltung datenschutzrechtlicher Vorgaben und Bearbeitung von Betroffenenanfragen.
- **HR- und Rekrutierungsabteilung:**
  Verwaltung von Mitarbeiterdaten im Rahmen des Beschäftigungsverhältnisses.

**Autorisierte Personen:**
- **Führungskräfte:**
  Zugriff auf relevante Mitarbeiterdaten ihrer Teams (z. B. Arbeitszeiten, Urlaubsplanung).
- **Administrative Rollen:**
  Verantwortlich für die Pflege und Aktualisierung der Daten in den HR-Systemen.
- **Technische Rollen:**
  Unterstützung bei der Systemwartung und -sicherheit.
- **Rechtliche und Compliance-Rollen:**
  Bearbeitung von Datenschutzanfragen und Überwachung der Compliance.
- **HR- und Rekrutierungsrollen:**
  Verwaltung von Mitarbeiterdaten und Durchführung von Personalprozessen.

**Externe Empfänger:**
- Derzeit werden keine personenbezogenen Daten an externe Empfänger außerhalb der EU übermittelt. Sollten zukünftig externe Dienstleister (z. B. Cloud-Anbieter) eingebunden werden, erfolgen entsprechende vertragliche Regelungen gemäß Art. 28 DSGVO sowie die Prüfung geeigneter Garantien für Drittlandtransfers (Art. 44–49 DSGVO).

---

## 5. Löschfristen und Speicherdauer

### 5.1 Löschfristen
Wir löschen personenbezogene Daten gemäß den folgenden Fristen:

- **Nach Beendigung des Arbeitsverhältnisses:**
  Die Daten werden **drei Jahre nach Beendigung des Arbeitsverhältnisses** gelöscht, sofern keine längeren gesetzlichen Aufbewahrungsfristen (z. B. 10 Jahre für steuerrelevante Daten gemäß § 147 AO) gelten.
  - **Ausnahme:**
    Daten, die über die gesetzlichen Aufbewahrungsfristen hinaus erforderlich sind (z. B. für laufende Rechtsstreitigkeiten), werden erst nach Wegfall des Erfordernisses gelöscht.

- **Bei Widerruf der Einwilligung:**
  Im Falle eines Widerrufs der Einwilligung (z. B. für die Parkplatzverwaltung) werden die betroffenen Daten unverzüglich gelöscht, sofern keine anderen Rechtsgrundlagen für die weitere Speicherung bestehen.

### 5.2 Technische Umsetzung der Löschung
- **Automatisierte Löschroutinen:**
  Wir setzen automatisierte Prozesse ein, um die Löschung nach Ablauf der Fristen sicherzustellen.
- **Manuelle Überprüfung:**
  Vor der Löschung erfolgt eine manuelle Prüfung, ob die Daten für andere Zwecke (z. B. laufende Verfahren) weiterhin benötigt werden.
- **Dokumentation:**
  Die Löschung wird revisionssicher dokumentiert.

---

## 6. Technische und organisatorische Maßnahmen (TOM)

Zur Gewährleistung der Sicherheit der Verarbeitung gemäß Art. 32 DSGVO haben wir folgende technische und organisatorische Maßnahmen implementiert:

### 6.1 Zugangskontrolle
- **Rollenbasierte Zugriffsrechte:**
  Der Zugriff auf personenbezogene Daten ist auf autorisierte Personen beschränkt (z. B. HR-Abteilung, Parkplatzverwaltung).
- **Multi-Faktor-Authentifizierung (MFA):**
  Für den Zugriff auf sensible Systeme ist eine Zwei-Faktor-Authentifizierung erforderlich.
- **Physische Sicherheit:**
  Server und Arbeitsplätze mit Zugriff auf personenbezogene Daten sind vor unbefugtem Zutritt geschützt.

### 6.2 Weitergabekontrolle
- **Verschlüsselung:**
  Daten werden bei der Übertragung (z. B. via TLS 1.3) und im Ruhezustand verschlüsselt.
- **VPN für Remote-Zugriff:**
  Externe Zugriffe erfolgen ausschließlich über ein gesichertes Virtual Private Network (VPN).

### 6.3 Eingabekontrolle
- **Protokollierung:**
  Alle Änderungen an personenbezogenen Daten werden revisionssicher protokolliert (Wer? Wann? Was?).
- **Revisionssichere Speicherung:**
  Protokolldaten werden für mindestens 12 Monate gespeichert und sind vor Manipulation geschützt.

### 6.4 Verfügbarkeitskontrolle
- **Tägliche Backups:**
  Es werden tägliche, verschlüsselte Backups erstellt und offline gespeichert.
- **Notfallplan:**
  Ein Notfallplan für Systemausfälle und Datenverluste ist implementiert.

### 6.5 Trennungskontrolle
- **Logische Trennung:**
  Arbeitszeitdaten und Parkplatzdaten werden in separaten Datenbanken gespeichert.
- **Pseudonymisierung:**
  Fahrzeugkennzeichen sind nur für die Parkplatzverwaltung einsehbar und werden für andere Zwecke pseudonymisiert.

### 6.6 Schulungen und Sensibilisierung
- **Jährliche DSGVO-Schulungen:**
  Mitarbeiter mit Zugriff auf personenbezogene Daten erhalten regelmäßige Schulungen zu Datenschutz und Datensicherheit.
- **Verpflichtung auf Vertraulichkeit:**
  Alle Mitarbeiter unterzeichnen eine Vertraulichkeitsvereinbarung.

### 6.7 Löschkonzept
- **Automatisierte Löschung:**
  Daten werden nach Ablauf der Speicherfristen automatisch gelöscht.
- **Manuelle Überprüfung:**
  Vor der Löschung erfolgt eine Prüfung auf weitere Speicherpflichten.

### 6.8 Technische Sicherheit
- **Firewalls und Intrusion Detection:**
  Netzwerke sind durch Firewalls und Systeme zur Erkennung von Eindringversuchen geschützt.
- **Regelmäßige Penetrationstests:**
  Externe Sicherheitsaudits und Penetrationstests werden mindestens einmal jährlich durchgeführt.
- **Patch-Management:**
  Sicherheitsupdates für alle Systeme werden zeitnah eingespielt.

### 6.9 Dokumentation und Compliance
- **Aktualisierung des Verarbeitungsverzeichnisses:**
  Das Verzeichnis von Verarbeitungstätigkeiten wird regelmäßig überprüft und aktualisiert.
- **Datenschutz-Folgenabschätzung (DSFA):**
  Bei risikoreichen Verarbeitungen (z. B. Parkplatzverwaltung mit Fahrzeugdaten) führen wir eine DSFA gemäß Art. 35 DSGVO durch.

### 6.10 Meldung von Datenschutzvorfällen
- **Prozess für Datenschutzvorfälle:**
  Ein klar definierter Prozess zur Meldung und Bearbeitung von Datenschutzvorfällen gemäß Art. 33 DSGVO ist etabliert.

---

## 7. Besondere Hinweise und zusätzliche Anforderungen

### 7.1 Einwilligungserklärung und Widerrufsrecht
- **Dokumentation der Einwilligung:**
  Wir dokumentieren die Einwilligung unserer Mitarbeiter gemäß Art. 7 DSGVO und stellen sicher, dass diese freiwillig, informiert und widerruflich erteilt wird.
- **Widerrufsrecht:**
  Mitarbeiter können ihre Einwilligung jederzeit mit Wirkung für die Zukunft widerrufen. Der Widerruf ist formlos möglich und wird unverzüglich umgesetzt.

### 7.2 Datenminimierung
- **Prüfung der Erforderlichkeit:**
  Wir prüfen regelmäßig, ob alle erhobenen Daten (z. B. Fahrzeugkennzeichen) für den jeweiligen Zweck zwingend erforderlich sind. Nicht benötigte Daten werden gelöscht oder nicht erhoben.

### 7.3 Betroffenenrechte
- **Prozesse für Betroffenenanfragen:**
  Wir haben klare Prozesse zur Bearbeitung von Auskunfts-, Berichtigungs-, Lösch- und Einschränkungsanfragen gemäß Art. 15–22 DSGVO etabliert.
  - **Auskunftsrecht (Art. 15 DSGVO):**
    Mitarbeiter erhalten auf Anfrage Auskunft über die zu ihrer Person gespeicherten Daten.
  - **Berichtigungsrecht (Art. 16 DSGVO):**
    Unrichtige Daten werden unverzüglich berichtigt.
  - **Löschrecht (Art. 17 DSGVO):**
    Daten werden auf Anfrage gelöscht, sofern keine gesetzlichen Aufbewahrungspflichten entgegenstehen.
  - **Einschränkungsrecht (Art. 18 DSGVO):**
    Die Verarbeitung kann auf Anfrage eingeschränkt werden.

### 7.4 Drittlandtransfers
- **Externe Dienstleister:**
  Sollten externe Dienstleister (z. B. Cloud-Anbieter) eingebunden werden, prüfen wir, ob diese ihren Sitz in einem Drittland haben. In diesem Fall stellen wir sicher, dass geeignete Garantien gemäß Art. 44–49 DSGVO (z. B. Standardvertragsklauseln) vorliegen.

### 7.5 Vertragliche Regelungen mit Auftragsverarbeitern
- **Auftragsverarbeitungsverträge (AVV):**
  Mit allen externen Dienstleistern, die personenbezogene Daten in unserem Auftrag verarbeiten, schließen wir Verträge gemäß Art. 28 DSGVO ab.

### 7.6 Meldung von Datenschutzvorfällen
- **Prozess für Datenschutzvorfälle:**
  Im Falle einer Datenschutzverletzung melden wir diese unverzüglich und innerhalb von 72 Stunden an die zuständige Aufsichtsbehörde, sofern ein Risiko für die Rechte und Freiheiten der betroffenen Personen besteht (Art. 33 DSGVO).

---

**Stand:** [Datum der letzten Aktualisierung]
**Verantwortlich:** Datenschutzbeauftragter der APOR GmbH

---
User ID: IHB1316
Mode: form
Time elapsed: 420 seconds
Date: 2026-02-02T20:27:35.686Z
```"
"71","IHB1316","ask","```markdown
# Verzeichnis von Verarbeitungstätigkeiten (VVT)
**Mitarbeiterverwaltung (Arbeitszeit/Urlaub) & Parkplatzberechtigung**

---

## 1. Verantwortliche Stelle und Kontaktdaten

Wir, die **APOR GmbH**, fungieren als datenschutzrechtlich Verantwortliche im Sinne der Datenschutz-Grundverordnung (DSGVO) für die im Folgenden beschriebenen Verarbeitungstätigkeiten.

- **Firmenname:** APOR GmbH
- **Anschrift:** Mainstraße 67, 89073 Ulm
- **E-Mail-Adresse:** mail@apor.eu
- **Telefonnummer:** 012345678
- **Vertreter der verantwortlichen Stelle:** A. I. (ai@apor.e)
- **Datenschutzbeauftragter:** A. I. (ai@apor.e)

---

## 2. Zwecke und Rechtsgrundlagen der Verarbeitung

### 2.1 Zwecke der Verarbeitung
Die Verarbeitung personenbezogener Daten erfolgt im Rahmen der **Mitarbeiterverwaltung (Arbeitszeit- und Urlaubserfassung) sowie der Verwaltung von Parkplatzberechtigungen** für unsere Beschäftigten.

### 2.2 Rechtsgrundlagen der Verarbeitung
Für die beschriebenen Verarbeitungstätigkeiten liegen derzeit **keine spezifischen Rechtsgrundlagen gemäß Artikel 6 Abs. 1 DSGVO oder anderer einschlägiger Vorschriften** vor. Eine rechtliche Prüfung und Ergänzung der Rechtsgrundlagen ist erforderlich, um die Konformität mit der DSGVO sicherzustellen.

---

## 3. Kategorien personenbezogener Daten und Datenquellen

### 3.1 Verarbeitete Datenkategorien
Aufgrund der aktuellen Angaben werden **keine spezifischen Kategorien personenbezogener Daten** im Rahmen dieser Verarbeitungstätigkeiten verarbeitet.

### 3.2 Datenquellen
Die Daten werden aus folgenden Quellen erhoben:
- **Intern gehostetes Microsoft Office** (z. B. für Dokumentenverwaltung, Kommunikation)
- **Interne Server** (ohne Nutzung externer Cloud-Dienste)

---

## 4. Betroffene Personen und Empfänger der Daten

### 4.1 Kategorien betroffener Personen
Die Verarbeitung betrifft **interne Personen**, insbesondere unsere Mitarbeiterinnen und Mitarbeiter.

### 4.2 Empfänger der Daten
Die personenbezogenen Daten werden **ausschließlich intern** verarbeitet und nicht an externe Empfänger übermittelt.

---

## 5. Löschfristen und Aufbewahrungsdauern

Die personenbezogenen Daten werden **drei Monate nach ihrer Erhebung oder Nutzung** gelöscht, sofern keine gesetzlichen Aufbewahrungspflichten entgegenstehen.

---

## 6. Technische und organisatorische Maßnahmen (TOM)

Um die Sicherheit und Vertraulichkeit der verarbeiteten Daten zu gewährleisten, haben wir folgende technische und organisatorische Maßnahmen implementiert:

- **Zugriffsbeschränkungen nach dem Need-to-know-Prinzip:**
  Der Zugriff auf personenbezogene Daten ist auf berechtigte Mitarbeiterinnen und Mitarbeiter beschränkt, die diese für ihre Aufgaben benötigen.
- **Passwortschutz und Multi-Faktor-Authentifizierung (MFA):**
  Systeme und Anwendungen sind durch starke Passwörter und, wo möglich, durch MFA geschützt.
- **Regelmäßige Datensicherungen:**
  Es werden regelmäßige Backups durchgeführt, um Datenverlust zu verhindern.
- **Zutrittskontrolle zu Serverräumen und Archiven:**
  Physische Zugänge zu Serverräumen und Archiven sind durch geeignete Maßnahmen (z. B. Schlüssel, Zugangskarten) gesichert.
- **Vertraulichkeitsverpflichtung der Mitarbeiter:**
  Alle berechtigten Mitarbeiterinnen und Mitarbeiter sind zur Vertraulichkeit verpflichtet und wurden entsprechend geschult.

---

## 7. Ergänzende Hinweise

Dieses Verzeichnis von Verarbeitungstätigkeiten wird regelmäßig überprüft und bei Bedarf aktualisiert, um die Einhaltung der DSGVO und anderer datenschutzrechtlicher Vorschriften sicherzustellen.

**Stand:** [Datum der Erstellung]
**Verantwortlich:** Datenschutzbeauftragter der APOR GmbH

---
User ID: IHB1316
Mode: ask
Time elapsed: 299 seconds
Date: 2026-02-02T20:48:14.394Z
```"
"72","IHB53","chat","```markdown
# Mitarbeiterverwaltung (Arbeitszeit/Urlaub) & Parkplatzberechtigung
**Verzeichnis von Verarbeitungstätigkeiten gemäß Artikel 30 DSGVO**

---

## 1. Verantwortliche Stelle und Kontaktdaten

Als verantwortliche Stelle im Sinne der Datenschutz-Grundverordnung (DSGVO) verarbeiten wir personenbezogene Daten im Rahmen unserer betrieblichen Tätigkeiten. Die folgenden Angaben dienen der Identifikation und Kontaktaufnahme:

- **Name der verantwortlichen Stelle**: APOR GmbH
- **Rolle**: Verantwortlicher (Data Controller)
- **Anschrift**: Mainstraße 67, 89073 Ulm
- **E-Mail-Adresse**: mail@apor.eu
- **Telefonnummer**: 012345678
- **Vertreter der verantwortlichen Stelle**: A. I., ai@apor.eu
- **Datenschutzbeauftragter (DSB)**: A. I., ai@apor.eu

---

## 2. Zwecke und Rechtsgrundlagen der Verarbeitung

Wir verarbeiten personenbezogene Daten ausschließlich zu den folgenden, festgelegten Zwecken und auf Grundlage der jeweils genannten Rechtsgrundlagen:

### 2.1 Zwecke der Verarbeitung

1. **Verwaltung von Arbeitszeiten und Urlaubsansprüchen**
   - Erfassung, Genehmigung und Dokumentation von Arbeitszeiten, Urlaubsanträgen sowie Überstunden zur Erfüllung arbeitsvertraglicher Pflichten.
   - Einhaltung gesetzlicher Vorgaben (z. B. Arbeitszeitgesetz, Bundesurlaubsgesetz).
   - Bereitstellung von Auswertungen für die Personalabteilung und Führungskräfte zur internen Planung und Steuerung.
   - Nutzung der Daten für interne Audits oder zur Erfüllung rechtlicher Auskunftspflichten.

2. **Organisation der Parkplatzberechtigung**
   - Verwaltung und Zuweisung von Parkplätzen für Mitarbeiter:innen.
   - Überprüfung von Berechtigungen (z. B. Fahrzeugkennzeichen) und Sicherstellung einer geregelten Nutzung der Parkflächen.

Die Verarbeitung erfolgt stets zweckgebunden, auf das notwendige Maß beschränkt und unter Einhaltung der Grundsätze der Datenminimierung und Speicherbegrenzung.

### 2.2 Rechtsgrundlagen der Verarbeitung

Aufgrund der vorliegenden Informationen konnten keine spezifischen Rechtsgrundlagen gemäß Artikel 6 Absatz 1 DSGVO oder anderen einschlägigen Vorschriften identifiziert werden. Die Rechtsgrundlage für die Verarbeitung ist daher an dieser Stelle nicht dokumentiert.

---

## 3. Kategorien personenbezogener Daten und Datenquellen

### 3.1 Kategorien personenbezogener Daten

Wir verarbeiten folgende Kategorien personenbezogener Daten im Rahmen der genannten Verarbeitungszwecke:

- **Personenbezogene Daten**:
    - Nachname
    - Vorname
    - Anschrift
    - Telefonnummer
    - E-Mail-Adresse
    - Benutzername

- **Beschäftigungsbezogene Daten**:
    - Arbeitszeiten
    - Berufliche Position
    - Personalnummer
    - Unternehmenszugehörigkeit
    - Urlaubsanspruch
    - Urlaubstage
    - Urlaubszeiten

- **Fahrzeugbezogene Daten**:
    - Fahrzeugkennzeichen

### 3.2 Datenquellen

Die personenbezogenen Daten werden aus folgenden Quellen erhoben und verarbeitet:

- Microsoft Office 365
- Interne Server

---

## 4. Betroffene Personen und Empfänger der Daten

### 4.1 Kategorien betroffener Personen

Die Verarbeitung personenbezogener Daten betrifft folgende Kategorien von Personen:

- Es liegen keine spezifischen Angaben zu Kategorien betroffener Personen vor.

### 4.2 Empfänger der Daten

Die personenbezogenen Daten werden an folgende Empfängerkategorien übermittelt oder offengelegt:

- **Interne Empfänger**:
    - Es liegen keine spezifischen Angaben zu internen Empfängerkategorien vor.

- **Externe Empfänger in der EU**:
    - Es liegen keine spezifischen Angaben zu externen Empfängerkategorien in der EU vor.

---

## 5. Löschfristen und Speicherdauer

Wir speichern personenbezogene Daten nur so lange, wie dies für die Erfüllung der genannten Zwecke oder zur Einhaltung gesetzlicher Aufbewahrungspflichten erforderlich ist. Die folgenden Löschfristen und Speicherdauern gelten für die verarbeiteten Daten:

- **Nach Beendigung des Arbeitsverhältnisses**:
    - Die Daten werden grundsätzlich **3 Monate nach Beendigung des Arbeitsverhältnisses** gelöscht.
    - **Ausnahmen**:
        - Bei Vorliegen gesetzlicher Aufbewahrungspflichten (z. B. 2 Jahre für Arbeitszeitnachweise gemäß Arbeitszeitgesetz) werden die Daten über die reguläre Löschfrist hinaus gespeichert.

Ein gesondertes Löschkonzept liegt nicht vor.

---

## 6. Technische und organisatorische Maßnahmen (TOM)

Um die Sicherheit und den Schutz der verarbeiteten personenbezogenen Daten zu gewährleisten, haben wir folgende technische und organisatorische Maßnahmen implementiert:

- **Zugriffskontrolle nach dem Need-to-know-Prinzip**:
    - Der Zugang zu personenbezogenen Daten ist auf berechtigte Personen beschränkt, die diese für ihre Aufgaben benötigen.

- **Passwortschutz mit Mehrfaktor-Authentifizierung (MFA)**:
    - Alle Systeme, die auf personenbezogene Daten zugreifen, sind durch starke Passwörter und MFA geschützt.

- **Regelmäßige Backups**:
    - Daten werden in festgelegten Intervallen gesichert, um im Falle eines Datenverlusts eine Wiederherstellung zu ermöglichen.

- **Zutrittskontrolle zu Serverräumen und Archiven**:
    - Der physische Zugang zu sensiblen Bereichen ist durch Schlüssel, Zugangskarten oder ähnliche Maßnahmen beschränkt.

- **Vertraulichkeitsverpflichtung**:
    - Alle berechtigten Mitarbeiter:innen sind schriftlich zur Vertraulichkeit verpflichtet.

- **Verschlüsselung von Daten**:
    - Daten werden sowohl bei der Speicherung als auch bei der Übertragung verschlüsselt (z. B. TLS für E-Mails und Datenbanken).

- **Protokollierung von Zugriffen**:
    - Es wird dokumentiert, wer wann auf welche Daten zugegriffen hat, um unautorisierte Zugriffe nachvollziehen zu können.

- **Regelmäßige Überprüfung und Aktualisierung der Sicherheitsmaßnahmen**:
    - Interne Audits und Reviews stellen sicher, dass die Maßnahmen stets dem aktuellen Stand der Technik entsprechen.

- **Schulungen für Mitarbeiter:innen**:
    - Regelmäßige Schulungen sensibilisieren die Mitarbeiter:innen für den sicheren Umgang mit personenbezogenen Daten.

---
User ID: IHB53
Mode: chat
Time elapsed: 389 seconds
Date: 2026-02-02T21:03:06.866Z
```"
"73","DAB1519","chat","```markdown
# Test
**Verzeichnis von Verarbeitungstätigkeiten gemäß Artikel 30 DSGVO**

---

## 1. Verantwortliche und Kontaktdaten

Als verantwortliche Stelle im Sinne der Datenschutz-Grundverordnung (DSGVO) dokumentieren wir unsere Verarbeitungstätigkeiten wie folgt:

- **Name der verantwortlichen Stelle:** APOR GmbH
- **Rolle:** Verantwortlicher, Datenschutzbeauftragter
- **Anschrift:** Mainstraße 67, 89073 Ulm
- **E-Mail-Adresse:** mail@apor.eu
- **Telefonnummer:** 012345678
- **Vertreter der verantwortlichen Stelle:** A. I., ai@apor.eu
- **Datenschutzbeauftragter:** A. I., ai@apor.eu

---

## 2. Zwecke und Rechtsgrundlagen der Verarbeitung

Wir verarbeiten personenbezogene Daten ausschließlich zu folgenden Zwecken:

- Sicherstellung interner Verwaltungsprozesse der APOR GmbH, insbesondere zur Gewährleistung betrieblicher Abläufe.
- Erfüllung gesetzlicher Pflichten, darunter steuer- und sozialversicherungsrechtliche Vorgaben.
- Verwaltung von Mitarbeiterdaten im Rahmen des Beschäftigungsverhältnisses.

**Rechtsgrundlagen der Verarbeitung:**
Aufgrund der bereitgestellten Informationen liegen keine spezifischen Rechtsgrundlagen gemäß Artikel 6 Absatz 1 DSGVO oder anderen einschlägigen Vorschriften vor.

---

## 3. Kategorien personenbezogener Daten und Datenquellen

### Kategorien personenbezogener Daten
Auf Basis der bereitgestellten Informationen verarbeiten wir derzeit keine der folgenden Kategorien personenbezogener Daten:

- Personenbezogene Daten (z. B. Name, Geburtsdatum, Adresse)
- Beschäftigtendaten (z. B. Arbeitszeiten, Personalnummer)
- Finanzdaten (z. B. Gehaltsdaten, Bankverbindungen)
- Gesundheitsdaten (z. B. Krankenversicherungsnummer, Krankheitstage)
- Rechtliche Daten (z. B. Vertragsdaten, Identitätsdokumente)
- Verhaltensdaten (z. B. Nutzungsverhalten, Browserhistorie)
- Dokumentations- und Aufzeichnungsdaten (z. B. Rechnungen, Angebote)
- Fahrzeugdaten (z. B. Kennzeichen, Führerscheindaten)
- Sonstige Daten (z. B. Qualifikationen, Fähigkeiten)

### Datenquellen
Wir nutzen derzeit keine der folgenden Datenquellen zur Erhebung personenbezogener Daten:

- Microsoft Office 365
- E-Mail-Anbieter
- Microsoft Azure
- Google Workspace
- Google Cloud
- Videokonferenzsysteme
- Amazon AWS
- E-Commerce-Plattformen
- LibreOffice
- Online-Banking
- Finanzdienstleister
- Web- und Intranet-Systeme
- Kreditdienstleister
- HR-Software
- Unternehmenssysteme
- Sicherheits- und Compliance-Tools
- Dokumentenverarbeitungssysteme
- Sonstige spezialisierte Software

---

## 4. Betroffene Personen und Empfänger

### Kategorien betroffener Personen
Auf Basis der bereitgestellten Informationen verarbeiten wir derzeit keine Daten folgender Personengruppen:

- Interne Gruppen (z. B. Mitarbeiter)
- Externe Kunden
- Juristische Personen
- Gesundheitseinrichtungen
- Personalvermittlungsagenturen

### Empfängerkategorien
Wir übermitteln personenbezogene Daten derzeit nicht an folgende Empfängerkategorien:

**Interne Empfänger:**
- Geschäftsführung
- Verwaltung
- Technische Abteilungen
- Finanzabteilung
- Rechts- und Compliance-Abteilung
- Marketing und Vertrieb
- Logistik und Betrieb

**Externe Empfänger innerhalb der EU:**
- Behörden
- Software- und Cloud-Anbieter
- Gesundheits- und Versicherungsdienstleister
- Finanzinstitute
- Geschäftspartner und Agenturen
- Dienstleister

**Berechtigte Personen:**
- Managementrollen
- Administrative Rollen
- Technische Rollen
- Finanzrollen
- Rechts- und Compliance-Rollen
- Marketing- und Vertriebsrollen
- Gesundheitsrollen
- HR- und Personalvermittlungsrollen

---

## 5. Aufbewahrungsfristen und Löschung

Auf Basis der bereitgestellten Informationen liegen keine spezifischen Aufbewahrungsfristen oder Löschkonzepte vor.

Wir löschen personenbezogene Daten derzeit nicht nach folgenden Kriterien:
- Nach Beendigung des Beschäftigungsverhältnisses
- Nach Beendigung eines Vertragsverhältnisses
- Nach Widerruf einer Einwilligung

Es bestehen keine besonderen Löschkonzepte oder Ausnahmen von gesetzlichen Aufbewahrungspflichten.

---

## 6. Technische und organisatorische Maßnahmen (TOM)

Zur Gewährleistung der Sicherheit personenbezogener Daten haben wir folgende technische und organisatorische Maßnahmen implementiert:

### Technische Maßnahmen
- **Verschlüsselung:** Alle personenbezogenen Daten werden mit AES-256 und TLS 1.3 verschlüsselt.
- **Zugriffskontrollen:** Rollenbasierte Zugriffskontrollen mit Zwei-Faktor-Authentifizierung.
- **Backups:** Regelmäßige, verschlüsselte Backups (täglich/wöchentlich).
- **Netzwerksicherheit:** Einsatz von Firewalls und Intrusion-Detection-Systemen.
- **Automatisierte Löschroutinen:** Implementierung von Löschprozessen zur Einhaltung von Aufbewahrungsfristen.

### Organisatorische Maßnahmen
- **Schulungen:** Regelmäßige Datenschutzschulungen für Mitarbeiter.
- **Auftragsverarbeitung:** Abschluss von Auftragsverarbeitungsverträgen mit allen Dienstleistern.
- **Protokollierung:** Dokumentation aller Zugriffe auf personenbezogene Daten.
- **Notfallplan:** Vorhandener Notfallplan für den Umgang mit Datenlecks.
- **Physische Sicherheit:** Physische Zugangskontrollen und sichere Entsorgung von Dokumenten.

---
User ID: DAB1519
Mode: chat
Time elapsed: 637 seconds
Date: 2026-02-02T21:37:10.354Z
```"
"74","IIV2704","form","```markdown
# Verzeichnis von Verarbeitungstätigkeiten (VVT)
**Mitarbeitendenverwaltung**

---

## 1. Verantwortliche Stelle und Kontaktdaten

Als verantwortliche Stelle im Sinne der Datenschutz-Grundverordnung (DSGVO) verarbeiten wir personenbezogene Daten im Rahmen unserer Geschäftstätigkeit. Die folgenden Angaben dienen der Identifikation und Kontaktaufnahme:

- **Name der verantwortlichen Stelle:** APOR GmbH
- **Rolle:** Verantwortlicher (Data Controller) und Datenschutzbeauftragter (DPO)
- **Anschrift:** Mainstraße 67, 89073 Ulm
- **E-Mail-Adresse:** mail@apor.eu
- **Telefonnummer:** 012345678
- **Vertreter der verantwortlichen Stelle:** A. I. (Verantwortlicher)
- **Datenschutzbeauftragter:** A. I.

---

## 2. Zwecke und Rechtsgrundlagen der Verarbeitung

Wir verarbeiten personenbezogene Daten unserer Mitarbeitenden zur Verwaltung des Beschäftigungsverhältnisses während des gesamten Arbeitsverhältnisses – vom Eintritt bis zum Austritt. Die Verarbeitung erfolgt zu folgenden Zwecken:

- Anlegen und Pflege von Mitarbeiterstammdaten
- Dokumentation von Arbeitszeiten
- Verwaltung von Urlaub und sonstigen Abwesenheiten
- Zuweisung und Verwaltung von Parkplatzberechtigungen für den Firmenparkplatz (z. B. durch Hinterlegung von Fahrzeugkennzeichen zur Zugangskontrolle)

Die Verarbeitung erfolgt auf Grundlage der folgenden Rechtsgrundlagen gemäß DSGVO und nationalem Recht:

- **Art. 6 Abs. 1 lit. b DSGVO:** Erforderlichkeit zur Durchführung des Arbeitsvertrags
- **Art. 6 Abs. 1 lit. f DSGVO:** Berechtigtes Interesse (z. B. Verwaltung von Parkplatzberechtigungen)
- **§ 26 BDSG:** Verarbeitung personenbezogener Daten von Beschäftigten für Zwecke des Beschäftigungsverhältnisses

Eine Einwilligung nach Art. 6 Abs. 1 lit. a DSGVO ist in diesem Szenario nicht erforderlich, da alle verarbeiteten Daten für die Durchführung des Arbeitsverhältnisses notwendig sind und keine freiwilligen Zusatzdaten erhoben werden.

---

## 3. Kategorien personenbezogener Daten und Datenquellen

### Verarbeitete Datenkategorien
Wir verarbeiten folgende Kategorien personenbezogener Daten unserer Mitarbeitenden:

**Personenbezogene Daten:**
- Nachname
- Vorname
- Geburtsdatum
- Geschlecht
- Staatsangehörigkeit
- Anschrift
- Telefonnummer
- E-Mail-Adresse

**Beschäftigungsdaten:**
- Arbeitszeiten
- Berufliche Position
- Personalnummer
- Unternehmenszugehörigkeit
- Urlaubsanspruch
- Urlaubstage
- Urlaubszeiten

**Finanzdaten:**
- Gehalt/Lohn
- Bankverbindung
- Steueridentifikationsnummer
- Steuerklasse
- Monatliche Gehälter

**Gesundheitsdaten:**
- Krankenversicherungsnummer
- Sozialversicherungsnummer
- Krankheitstage

**Rechtliche Daten:**
- Vertragsdaten
- Ausweisdokumente (z. B. Personalausweis, Reisepass)

**Dokumentations- und Aufzeichnungsdaten:**
- Individuelle Dokumentation (z. B. Personalakten)

**Fahrzeugdaten:**
- Fahrzeugkennzeichen (zur Verwaltung der Parkplatzberechtigung)

### Datenquellen
Die personenbezogenen Daten stammen aus folgenden Quellen:

- E-Mail-Anbieter (z. B. für die Kommunikation mit Mitarbeitenden)
- HR-Software (z. B. zur Verwaltung von Mitarbeiterdaten)
- Unternehmenssysteme (z. B. Zeiterfassung, Urlaubsverwaltung)
- Intern gehostete Systeme und Server (eigene IT-Infrastruktur der APOR GmbH)

---

## 4. Betroffene Personen und Empfänger der Daten

### Kategorien betroffener Personen
Wir verarbeiten personenbezogene Daten der folgenden Personengruppen:

- Interne Gruppen (Mitarbeitende der APOR GmbH)

### Interne Empfängerkategorien
Innerhalb unserer Organisation erhalten folgende Abteilungen und Rollen Zugriff auf die personenbezogenen Daten:

- Geschäftsführung
- Verwaltung
- Technik
- Finanzen
- Recht und Compliance
- Personalwesen und Recruiting

### Externe Empfängerkategorien (innerhalb der EU)
Personenbezogene Daten werden an folgende externe Empfänger übermittelt:

- Behörden (z. B. Finanzamt, Sozialversicherungsträger)
- Kranken- und Versicherungsträger (z. B. Krankenkassen)
- Finanzinstitute (z. B. Banken zur Gehaltsabwicklung)

### Externe Dienstleister
Sofern externe Dienstleister (z. B. Steuerberater) eingebunden werden, sind deren Rollen, Verantwortlichkeiten und die getroffenen technischen und organisatorischen Maßnahmen (TOMs) in separaten Auftragsverarbeitungsverträgen (AVV) dokumentiert.

---

## 5. Löschfristen und Datenaufbewahrung

Wir halten uns an gesetzliche Aufbewahrungsfristen und löschen personenbezogene Daten nach Ablauf der relevanten Fristen. Die folgenden Löschfristen gelten für die Verarbeitungstätigkeiten im Rahmen der Mitarbeitendenverwaltung:

- **6 Jahre nach Beendigung des Beschäftigungsverhältnisses:**
  Aufbewahrung steuerrelevanter Unterlagen gemäß § 247 HGB und § 147 AO.
- **3 Jahre nach Beendigung des Beschäftigungsverhältnisses:**
  Löschung personenbezogener Daten ohne gesetzliche Aufbewahrungspflicht (Verjährungsfrist nach § 195 BGB).

**Spezifische Löschfristen:**
- Parkplatzdaten (z. B. Fahrzeugkennzeichen) werden spätestens drei Monate nach Austritt des Mitarbeitenden gelöscht.

Sofern Daten über die gesetzlichen Aufbewahrungsfristen hinaus gespeichert werden müssen, erfolgt dies nur in Ausnahmefällen und unter Einhaltung der datenschutzrechtlichen Vorgaben.

---

## 6. Technische und organisatorische Maßnahmen (TOMs)

Wir haben geeignete technische und organisatorische Maßnahmen implementiert, um die Sicherheit und den Schutz personenbezogener Daten zu gewährleisten. Diese Maßnahmen umfassen:

### Zugangskontrollen
- **Physische Sicherheit:**
  Serverräume und Archivbereiche sind durch Zutrittskontrollen vor unbefugtem Zugang geschützt.
- **Logische Sicherheit:**
  Der Zugriff auf personenbezogene Daten ist auf berechtigte Personen beschränkt und erfolgt nach dem Need-to-know-Prinzip auf Basis eines rollenbasierten Berechtigungskonzepts.

### Zugriffskontrollen
- Alle IT-Systeme sind durch Passwörter geschützt.
- Bei Bedarf wird eine Mehrfaktor-Authentifizierung eingesetzt.
- Die Verarbeitung der Daten erfolgt ausschließlich auf intern gehosteten Systemen und Servern. Eine Übermittlung an externe Cloud-Anbieter findet nicht statt.

### Weitergabekontrollen
- Daten werden nur an berechtigte interne und externe Empfänger übermittelt.
- Externe Dienstleister unterliegen vertraglichen Vereinbarungen (AVV) und werden regelmäßig überprüft.

### Eingabekontrollen
- Protokollierung von Zugriffen auf besonders schützenswerte Daten (z. B. Gesundheitsdaten).

### Verfügbarkeitskontrollen
- Regelmäßige Backups zur Sicherstellung der Verfügbarkeit und Integrität der Daten.

### Datenschutzschulungen
- Alle Mitarbeitenden, die mit der Verarbeitung personenbezogener Daten betraut sind, werden regelmäßig in Datenschutzthemen geschult und zur Vertraulichkeit verpflichtet.

### Meldeprozess für Datenpannen
- Es besteht ein dokumentierter Meldeprozess für Datenpannen, der Fristen, Verantwortliche und Abläufe für Sicherheitsvorfälle regelt.

### Betroffenenrechte
- Wir haben ein Verfahren implementiert, das Mitarbeitenden die Wahrnehmung ihrer Betroffenenrechte ermöglicht, insbesondere:
  - Auskunft über die verarbeiteten Daten (Art. 15 DSGVO)
  - Berichtigung unrichtiger Daten (Art. 16 DSGVO)
  - Löschung von Daten (Art. 17 DSGVO)
  - Einschränkung der Verarbeitung (Art. 18 DSGVO)

---
User ID: IIV2704
Mode: form
Time elapsed: 1993 seconds
Date: 2026-02-02T21:41:09.589Z
```"
"75","DAB1519","ask","```markdown
# Verzeichnis von Verarbeitungstätigkeiten (VVT)

**Verantwortlicher:**
APOR GmbH

---

## 1. Angaben zur Organisation und zum Verantwortlichen

Wir, die **APOR GmbH**, fungieren als Verantwortlicher im Sinne der Datenschutz-Grundverordnung (DSGVO) und dokumentieren hiermit unsere Verarbeitungstätigkeiten gemäß Artikel 30 DSGVO.

- **Name des Verantwortlichen:** APOR GmbH
- **Rolle:** Verantwortlicher, Datenschutzbeauftragter (DSB)
- **Anschrift:** Mainstraße 67, 89073 Ulm
- **E-Mail-Adresse:** mail@apor.eu
- **Telefonnummer:** 012345678
- **Vertreter:** A. I., ai@apor.eu
- **Datenschutzbeauftragter:** A. I., ai@apor.eu

---

## 2. Zweck und Rechtsgrundlage der Verarbeitung

Zum aktuellen Zeitpunkt liegen keine spezifischen Angaben zu den Zwecken der Datenverarbeitung vor.

### Rechtsgrundlagen der Verarbeitung
Es wurden keine Rechtsgrundlagen gemäß Artikel 6 Abs. 1 DSGVO oder anderen relevanten Vorschriften angegeben.

---

## 3. Kategorien personenbezogener Daten und Datenquellen

### Verarbeitete Datenkategorien
Zum aktuellen Zeitpunkt werden keine personenbezogenen Daten verarbeitet.

### Datenquellen
Es liegen keine Angaben zu den verwendeten Datenquellen vor.

---

## 4. Betroffene Personen und Empfänger

### Kategorien betroffener Personen
Zum aktuellen Zeitpunkt liegen keine Angaben zu den Kategorien betroffener Personen vor.

### Empfängerkategorien
Es wurden keine internen oder externen Empfänger von personenbezogenen Daten benannt.

---

## 5. Speicherfristen und Löschung

### Speicher- und Löschfristen
Zum aktuellen Zeitpunkt liegen keine Angaben zu Speicherfristen oder Löschkonzepten vor.

---

## 6. Technische und organisatorische Maßnahmen (TOM)

Zum aktuellen Zeitpunkt wurden keine technischen und organisatorischen Maßnahmen zur Gewährleistung der Datensicherheit gemäß Artikel 32 DSGVO dokumentiert.

---

**Stand:** [Datum der Erstellung]
**Verantwortlich:** Datenschutzbeauftragter der APOR GmbH

---
User ID: DAB1519
Mode: ask
Time elapsed: 2196 seconds
Date: 2026-02-02T22:19:40.322Z
```"
"76","SAP2842","ask","```markdown
# Mitarbeiterverwaltung (Arbeitszeit/Urlaub) & Parkplatzberechtigung
**Verzeichnis von Verarbeitungstätigkeiten (VVT) gemäß Art. 30 DSGVO**

---

## 1. Verantwortliche Stelle und Ansprechpartner

**Verantwortliche Stelle (Verantwortlicher im Sinne der DSGVO):**
- **Name:** APOR GmbH
- **Anschrift:** Mainstraße 67, 89073 Ulm
- **E-Mail:** mail@apor.eu
- **Telefon:** 012345678

**Vertreter der verantwortlichen Stelle:**
- **Name:** A. I.
- **E-Mail:** ai@apor.eu

**Datenschutzbeauftragter (DSB):**
- **Name:** A. I.
- **E-Mail:** ai@apor.eu

---

## 2. Zwecke und Rechtsgrundlagen der Verarbeitung

### 2.1 Zwecke der Verarbeitung
Wir verarbeiten personenbezogene Daten zu folgenden Zwecken:

- **Arbeitszeit- und Urlaubsverwaltung:**
  - Erfassung und Dokumentation von Arbeitszeiten, Überstunden und Urlaubsansprüchen zur Einhaltung arbeitsrechtlicher Pflichten (z. B. ArbZG, BUrlG).
  - Planung und Koordination von Personalressourcen sowie korrekte Abrechnung von Löhnen und Gehältern.
  - Bereitstellung von Nachweisen gegenüber Behörden (z. B. Finanzamt, Berufsgenossenschaft).

- **Parkplatzberechtigung:**
  - Verwaltung und Zuteilung von firmeneigenen Parkplätzen zur effizienten Nutzung der Infrastruktur.
  - Sicherstellung einer geregelten und transparenten Vergabe der Stellplätze an berechtigte Mitarbeiter:innen.
  - Dokumentation von Änderungen (z. B. Ausscheiden eines Mitarbeiters oder Wegfall der Berechtigung).

- **Rechtliche Compliance:**
  - Erfüllung gesetzlicher Aufbewahrungspflichten (z. B. nach § 257 HGB oder § 147 AO) für steuer- und sozialversicherungsrelevante Daten.

### 2.2 Rechtsgrundlagen der Verarbeitung
Die Verarbeitung personenbezogener Daten erfolgt auf folgenden rechtlichen Grundlagen:

- **Vertragserfüllung (Art. 6 Abs. 1 lit. b DSGVO):**
  - Für die Arbeitszeit- und Urlaubsverwaltung, da diese zur Erfüllung des Arbeitsvertrags und arbeitsrechtlicher Pflichten (z. B. ArbZG, BUrlG) erforderlich ist.

- **Rechtliche Verpflichtung (Art. 6 Abs. 1 lit. c DSGVO):**
  - Zur Einhaltung gesetzlicher Aufbewahrungspflichten nach § 257 HGB (Handelsbücher) und § 147 AO (steuerrelevante Unterlagen).

- **Beschäftigtendatenschutz (§ 26 BDSG):**
  - Für die Verarbeitung von Beschäftigtendaten (z. B. Arbeitszeiten, Urlaubsansprüche) im Rahmen des Arbeitsverhältnisses.

- **Berechtigtes Interesse (Art. 6 Abs. 1 lit. f DSGVO):**
  - Für die Verwaltung der Parkplatzberechtigung, sofern keine besonderen Kategorien personenbezogener Daten verarbeitet werden.
  - Die Parkplatzvergabe erfolgt nach transparenten Kriterien (z. B. Dienstwagen, Behinderung) und dient der effizienten Nutzung der Infrastruktur.
  - Daten werden ausschließlich für die genannten Zwecke genutzt und nicht an Dritte weitergegeben.

---

## 3. Kategorien personenbezogener Daten und Datenquellen

### 3.1 Kategorien personenbezogener Daten
Wir verarbeiten folgende Kategorien personenbezogener Daten:

- **Persönliche Daten:**
  - Name, Vorname
  - Adresse
  - Telefonnummer
  - E-Mail-Adresse
  - Personalnummer

- **Arbeitsbezogene Daten:**
  - Arbeitszeiten (Erfassung von Kommen/Gehen, Überstunden)
  - Urlaubsansprüche, genehmigte Urlaubstage, Resturlaub
  - Position/Abteilung
  - Dienstwagen-Status (falls relevant für Parkplatzvergabe)

- **Finanzielle Daten:**
  - Bankverbindung
  - Steuerklasse

- **Fahrzeugdaten (im Rahmen der Parkplatzverwaltung):**
  - Kennzeichen
  - Fahrzeugtyp (z. B. bei Behindertenparkplätzen)

- **Sonstige Daten:**
  - Zugangsdaten zum Parkplatzsystem (falls digital verwaltet)
  - Dokumentation von Änderungen (z. B. bei Parkplatzumverteilung)

### 3.2 Datenquellen
Die personenbezogenen Daten stammen aus folgenden Systemen und Quellen:

- HR-Software (z. B. für Arbeitszeiten, Urlaubsanträge, Personalakten)
- Microsoft 365 (z. B. Outlook für Urlaubsanträge, Excel-Listen zur Arbeitszeiterfassung)
- Separates Parkplatzverwaltungssystem (digitale Zuweisung von Stellplätzen)
- Manuelle Eingaben (z. B. Stundenzettel in Papierform oder digitale Formulare)
- E-Mail-Kommunikation (z. B. Urlaubsanträge oder Änderungen der Parkplatzberechtigung)

---

## 4. Betroffene Personen und Empfänger

### 4.1 Betroffene Personen (Dateninhaber)
- Aktive Mitarbeiter:innen der APOR GmbH
- Ehemalige Mitarbeiter:innen (für Archivierungszwecke, z. B. Lohnunterlagen)
- Bewerber:innen (falls Arbeitszeiten bereits vor Vertragsbeginn erfasst werden)

### 4.2 Interne Empfänger:innen
- Personalabteilung (Verwaltung von Arbeitszeiten, Urlaub, Parkplätzen)
- Buchhaltung (Lohnabrechnung, Steuerdokumentation)
- Geschäftsführung (strategische Personalplanung)
- Teamleitungen (Genehmigung von Urlaubsanträgen)
- IT-Administration (Wartung der HR-Software)

### 4.3 Externe Empfänger:innen
- Steuerberater:innen (Lohnbuchhaltung)
- Finanzamt (Lohnsteuernachweise)
- Externe IT-Dienstleister (z. B. HR-Software-Anbieter)

### 4.4 Berechtigte Personen (konkrete Rollen mit Zugriff)
- HR-Sachbearbeiter:in (Pflege der Personalakten)
- Parkplatzverantwortliche:r (Zuweisung der Stellplätze)
- Systemadministrator:in (Technische Wartung)

---

## 5. Speicherfristen und Löschkonzept

### 5.1 Speicherfristen
- **Arbeitszeit- und Urlaubsdaten:**
  - 10 Jahre ab Ende des Kalenderjahres (gesetzliche Pflicht nach § 147 AO für Lohnunterlagen, § 257 HGB für Handelsbücher).
  - 3 Jahre nach Beendigung des Arbeitsverhältnisses für nicht steuerrelevante Daten (z. B. Urlaubsanträge, Arbeitszeitnachweise).

- **Parkplatzberechtigungen:**
  - Bis zum Ende des Arbeitsverhältnisses oder bei Änderung der Berechtigung (z. B. Dienstwagenrückgabe).
  - Löschung innerhalb von 3 Monaten nach Ausscheiden des Mitarbeiters oder Wegfall der Berechtigung.

- **Besondere Fälle:**
  - Daten mit Bezug zu Sozialversicherung/Rentenansprüchen: Bis zu 30 Jahre (z. B. für Nachweise bei Rentenfragen).
  - Manuelle Unterlagen (z. B. Stundenzettel): 6 Jahre nach Ablauf des Kalenderjahres (§ 147 AO).

### 5.2 Löschprozess
- Automatische Löschung in der HR-Software nach Fristablauf.
- Manuelle Überprüfung bei Papierakten oder Sonderfällen.

---

## 6. Technische und organisatorische Maßnahmen (TOM)

### 6.1 Technische Maßnahmen
- **Zugriffskontrolle:**
  - Nur autorisierte Personen (z. B. HR, Verwaltung) haben Zugang zu den Systemen (z. B. HR-Software, digitale Personalakten).
  - Zugriff erfolgt über individuelle Benutzerkonten mit Passwortschutz und Zwei-Faktor-Authentifizierung.

- **Verschlüsselung:**
  - Daten werden sowohl bei der Speicherung (z. B. in Microsoft 365 oder HR-Software) als auch bei der Übertragung (z. B. E-Mails mit sensiblen Daten) verschlüsselt.

- **Datensicherung:**
  - Regelmäßige Backups (täglich/wöchentlich) schützen vor Datenverlust.
  - Backups werden an einem sicheren Ort (z. B. Cloud mit DSGVO-konformem Anbieter) gespeichert.

- **Systemaktualisierungen:**
  - Alle genutzten Systeme (z. B. HR-Software, Betriebssysteme) werden regelmäßig aktualisiert, um Sicherheitslücken zu schließen.

### 6.2 Organisatorische Maßnahmen
- **Rollenbasierte Zugriffsrechte:**
  - Mitarbeiter:innen erhalten nur Zugriff auf Daten, die sie für ihre Aufgaben benötigen (z. B. Teamleiter:innen sehen nur die Arbeitszeiten ihres Teams).

- **Schulungen:**
  - Alle Mitarbeiter:innen werden regelmäßig zu Datenschutz und sicheren Arbeitsweisen geschult (z. B. Umgang mit Passwörtern, Erkennen von Phishing-E-Mails).

- **Dokumentation:**
  - Zugriffe auf sensible Daten (z. B. Änderungen an Arbeitszeiten) werden protokolliert und regelmäßig überprüft.

- **Löschkonzept:**
  - Daten werden nach Ablauf der gesetzlichen Aufbewahrungsfristen (z. B. 10 Jahre für Lohnunterlagen) automatisch oder manuell gelöscht.

- **Parkplatzverwaltung:**
  - Die Vergabe von Parkplätzen erfolgt nach transparenten Kriterien (z. B. Dienstwagen, Behinderung).
  - Die Daten werden ausschließlich für diesen Zweck genutzt und nicht an Dritte weitergegeben.
  - Bei Änderungen (z. B. Ausscheiden eines Mitarbeiters) wird der Zugang zum Parkplatzsystem sofort gesperrt.
  - Bei Behindertenparkplätzen gelten strengere Zugriffsbeschränkungen (nur HR und Parkplatzverantwortliche).

### 6.3 Besondere Maßnahmen für Datenübermittlungen
- **Arbeitszeitdaten:**
  - Monatliche Übermittlung an den Steuerberater per verschlüsselter E-Mail oder SFTP.
  - Es besteht ein Auftragsverarbeitungsvertrag (AV-Vertrag) gemäß Art. 28 DSGVO.

- **Externe IT-Dienstleister:**
  - Zugriff erfolgt nur nach vorheriger Freigabe durch die IT-Administration.

---

## 7. Besondere Hinweise

- **Manuelle Stundenzettel:**
  - Falls genutzt, werden diese nach 6 Jahren vernichtet (§ 147 AO).

- **Automatisierte Urlaubsgenehmigungen:**
  - Bei automatisierten Genehmigungen (z. B. nach Dienstalter) wird dies transparent kommuniziert.

- **Kontakt:**
  - Für Fragen steht der Datenschutzbeauftragte (A. I., ai@apor.eu) zur Verfügung.

---
User ID: SAP2842
Mode: ask
Time elapsed: 832 seconds
Date: 2026-02-03T10:56:23.246Z
```"
"77","ANN1112","chat","```markdown
# Mitarbeiterdatenverwaltung
**Verzeichnis von Verarbeitungstätigkeiten gemäß Artikel 30 DSGVO**

---

## 1. Verantwortliche Stelle und Kontaktdaten

Als Verantwortliche im Sinne der Datenschutz-Grundverordnung (DSGVO) verarbeiten wir personenbezogene Daten im Rahmen unserer betrieblichen Tätigkeiten. Die folgenden Angaben dienen der Erfüllung unserer Dokumentationspflichten gemäß Artikel 30 DSGVO.

- **Name der verantwortlichen Stelle:**
  APOR GmbH

- **Rolle:**
  Verantwortlicher (Data Controller)

- **Anschrift:**
  Mainstraße 67, 89073 Ulm

- **Kontaktdaten:**
  - E-Mail: mail@apor.eu
  - Telefon: 012345678

- **Vertreter der verantwortlichen Stelle:**
  A.I., ai@apor.eu

- **Datenschutzbeauftragte:r (DSB):**
  A.I., ai@apor.eu

---

## 2. Zwecke und Rechtsgrundlagen der Verarbeitung

Wir verarbeiten personenbezogene Daten unserer Mitarbeiter:innen ausschließlich zu folgenden Zwecken und auf der Grundlage der nachstehenden Rechtsgrundlagen:

### Zwecke der Verarbeitung
Die Verarbeitung personenbezogener Daten dient der administrativen und betrieblichen Verwaltung, insbesondere zur:
- Anlage und Integration neuer Mitarbeitender in unsere Systeme,
- Dokumentation von Arbeitszeiten zur Sicherstellung der Lohnabrechnung und Compliance mit arbeitsrechtlichen Vorgaben,
- Verwaltung von Urlaubs- und Abwesenheitszeiten, einschließlich der Genehmigungsprozesse,
- Organisation von Parkplatzberechtigungen, einschließlich der Speicherung von Fahrzeugkennzeichen.

Die Verarbeitung erfolgt zur Erfüllung rechtlicher Pflichten (z. B. Arbeitszeitnachweise gemäß § 16 Abs. 2 ArbZG) sowie zur Unterstützung interner Abläufe, wie der Ressourcenplanung und betrieblichen Organisation.

### Rechtsgrundlagen der Verarbeitung
Aufgrund der fehlenden Angabe einer konkreten Rechtsgrundlage in den bereitgestellten Daten gehen wir davon aus, dass die Verarbeitung auf Grundlage von **§ 26 Abs. 1 Bundesdatenschutzgesetz (BDSG)** erfolgt. Diese Norm erlaubt die Verarbeitung personenbezogener Daten von Beschäftigten, soweit dies für die Begründung, Durchführung oder Beendigung des Beschäftigungsverhältnisses erforderlich ist.

---

## 3. Kategorien personenbezogener Daten und Datenquellen

### Kategorien personenbezogener Daten
Wir verarbeiten folgende Kategorien personenbezogener Daten unserer Mitarbeiter:innen:

#### Personenbezogene Daten
- Nachname
- Vorname
- Geburtsdatum
- Anschrift
- Telefonnummer
- E-Mail-Adresse

#### Beschäftigungsdaten
- Arbeitszeiten
- Berufliche Position
- Personalnummer
- Unternehmenszugehörigkeit
- Urlaubsanspruch
- Urlaubstage
- Urlaubszeiten

#### Finanzdaten
- Gehalt/Lohn
- Bankverbindung
- Steueridentifikationsnummer
- Steuerklasse

#### Gesundheitsdaten
- Krankenversicherungsnummer
- Sozialversicherungsnummer
- Krankheitstage

#### Fahrzeugdaten
- Kennzeichen

#### Sonstige Daten
- Fachkenntnisse
- Fähigkeiten

### Datenquellen
Die personenbezogenen Daten werden aus folgenden Quellen erhoben und verarbeitet:
- Microsoft Office 365
- Interne Server

---

## 4. Betroffene Personen und Empfänger der Daten

### Betroffene Personen
Die Verarbeitung personenbezogener Daten betrifft ausschließlich unsere **Mitarbeiter:innen**.

### Empfänger der Daten
Aufgrund der bereitgestellten Informationen liegen keine spezifischen Angaben zu internen oder externen Empfängerkategorien vor. Wir bestätigen jedoch, dass der Zugriff auf personenbezogene Daten ausschließlich nach dem **Need-to-know-Prinzip** erfolgt und auf berechtigte Personen beschränkt ist.

Sollten Daten an Dritte übermittelt werden (z. B. an Steuerberater:innen oder Sozialversicherungsträger), erfolgt dies ausschließlich auf Grundlage einer rechtlichen Verpflichtung oder einer Einwilligung der betroffenen Person.

---

## 5. Speicherfristen und Löschung

### Speicherfristen
Die personenbezogenen Daten unserer Mitarbeiter:innen werden wie folgt gespeichert:
- **Grundsatz:** Die Daten werden **drei Monate nach Austritt der Mitarbeiter:in** gelöscht.
- **Ausnahme:** Sofern gesetzliche Aufbewahrungspflichten (z. B. nach Handelsgesetzbuch (HGB) oder Abgabenordnung (AO)) eine längere Speicherung erfordern, werden die Daten entsprechend länger aufbewahrt.

### Löschkonzept
Wir haben ein internes Löschkonzept implementiert, das sicherstellt, dass personenbezogene Daten nach Ablauf der Speicherfristen automatisch oder manuell gelöscht werden. Dies gilt insbesondere für Fahrzeugkennzeichen, die im Rahmen der Parkplatzverwaltung gespeichert werden.

---

## 6. Technische und organisatorische Maßnahmen (TOM)

Zur Gewährleistung eines angemessenen Schutzniveaus für die verarbeiteten personenbezogenen Daten haben wir folgende technische und organisatorische Maßnahmen implementiert:

### Zugriffskontrollen
- **Rollenbasierte Berechtigungen:** Der Zugriff auf personenbezogene Daten erfolgt ausschließlich nach dem **Need-to-know-Prinzip**. Berechtigungen werden individuell vergeben und regelmäßig überprüft.
- **Mehrfaktor-Authentifizierung (MFA):** Für den Zugriff auf sensible Daten (z. B. Gehaltsinformationen) ist eine Mehrfaktor-Authentifizierung erforderlich.

### Passwortrichtlinien
- **Mindeststandards:** Passwörter müssen eine bestimmte Länge und Komplexität aufweisen und regelmäßig geändert werden.
- **Automatische Sperrung:** Bei wiederholten Fehlversuchen wird der Zugriff automatisch gesperrt.

### Physische Sicherheit
- **Zutrittskontrolle:** Der Zugang zu Serverräumen und Archiven ist durch Schlüsselkarten und Protokollierung gesichert.
- **Sichere Aufbewahrung:** Physische Dokumente werden in abschließbaren Schränken aufbewahrt.

### Datenverfügbarkeit
- **Regelmäßige Backups:** Tägliche und wöchentliche Backups werden erstellt und verschlüsselt an einem externen Standort gespeichert.

### Schulungen und Verpflichtungen
- **Jährliche Datenschutzschulungen:** Alle berechtigten Mitarbeiter:innen erhalten regelmäßige Schulungen zum Datenschutz.
- **Vertraulichkeitserklärungen:** Alle Mitarbeiter:innen mit Zugriff auf personenbezogene Daten unterzeichnen schriftliche Vertraulichkeitserklärungen.

### Dokumentation und Überwachung
- **Protokollierung:** Zugriffe auf sensible Daten werden in Logfiles dokumentiert.
- **Regelmäßige Überprüfung:** Die Wirksamkeit der technischen und organisatorischen Maßnahmen wird regelmäßig überprüft und aktualisiert.

---
**Ende des Verzeichnisses**

---
User ID: ANN1112
Mode: chat
Time elapsed: 1129 seconds
Date: 2026-02-03T11:37:13.501Z
```"
"78","ANN1112","form","```markdown
# Mitarbeiterdatenverwaltung
**Verzeichnis von Verarbeitungstätigkeiten gemäß Artikel 30 DSGVO**

---

## 1. Organisation und Verantwortlicher

**Name des Verantwortlichen:**
APOR GmbH

**Rolle:**
Verantwortlicher (Data Controller)

**Kontaktdaten:**
- **Anschrift:** Mainstraße 67, 89073 Ulm
- **E-Mail:** mail@apor.eu
- **Telefon:** 01234 5678

**Vertreter des Verantwortlichen:**
A.I. (ai@apor.eu)

**Datenschutzbeauftragte:r (DSB):**
A.I. (ai@apor.eu)

---

## 2. Zweck und Rechtsgrundlage der Verarbeitung

### Zweck der Verarbeitung
Wir verarbeiten personenbezogene Daten unserer Mitarbeiter:innen ausschließlich zur Erfüllung arbeitsvertraglicher Pflichten sowie zur Personalverwaltung der APOR GmbH. Die Verarbeitung umfasst folgende Tätigkeiten:
- Anlage und Pflege von Mitarbeiterstammdaten,
- Dokumentation von Arbeitszeiten,
- Verwaltung von Urlaubs- und Abwesenheitszeiten,
- Zuweisung von Parkplatzberechtigungen,
- Abwicklung von Gehaltszahlungen und steuerrelevanten Prozessen,
- Einhaltung gesetzlicher Aufbewahrungs- und Meldepflichten.

Die Verarbeitung erfolgt ausschließlich zur ordnungsgemäßen Durchführung des Beschäftigungsverhältnisses und zur Erfüllung rechtlicher Vorgaben.

### Rechtsgrundlage der Verarbeitung
Die Verarbeitung personenbezogener Daten erfolgt auf folgenden Rechtsgrundlagen:
- **Art. 6 Abs. 1 lit. b DSGVO** (Erfüllung eines Vertrags oder vorvertraglicher Maßnahmen),
- **Art. 6 Abs. 1 lit. c DSGVO** (Erfüllung einer rechtlichen Verpflichtung),
- **§ 26 BDSG** (Datenverarbeitung für Zwecke des Beschäftigungsverhältnisses),
- **§ 26 Abs. 1 und 3 BDSG** (insbesondere zur Begründung, Durchführung oder Beendigung des Beschäftigungsverhältnisses sowie zur Ausübung oder Erfüllung von Rechten und Pflichten der Interessenvertretung der Beschäftigten).

Falls erforderlich, werden Betriebsvereinbarungen oder Tarifverträge als zusätzliche Rechtsgrundlage herangezogen.

---

## 3. Kategorien personenbezogener Daten und Datenquellen

### Kategorien personenbezogener Daten
Wir verarbeiten folgende Kategorien personenbezogener Daten unserer Mitarbeiter:innen:

**Personenbezogene Grunddaten:**
- Nachname
- Vorname
- Geburtsdatum
- Geburtsort
- Geschlecht
- Staatsangehörigkeit
- Anschrift
- Telefonnummer
- E-Mail-Adresse
- Familienstand

**Beschäftigungsdaten:**
- Arbeitszeiten
- Berufliche Position
- Personalnummer
- Unternehmenszugehörigkeit
- Urlaubsanspruch
- Urlaubstage
- Urlaubszeiten

**Finanzdaten:**
- Gehalt/Lohn
- Bankverbindung
- Steueridentifikationsnummer
- Steuerklasse
- Monatliche Gehälter/Löhne

**Gesundheitsdaten:**
- Krankenversicherungsnummer
- Sozialversicherungsnummer
- Krankheitstage

**Rechtliche Daten:**
- Vertragsdaten
- Ausweisdokumente (z. B. Personalausweis, Reisepass)

**Dokumentations- und Aufzeichnungsdaten:**
- Individuelle Dokumentation (z. B. Personalakten)

**Fahrzeugdaten:**
- Kfz-Kennzeichen

**Sonstige Daten:**
- Fähigkeiten und Qualifikationen
- Parkplatzberechtigungsdaten

### Datenquellen
Die personenbezogenen Daten werden aus folgenden Quellen erhoben:
- Microsoft Office 365
- E-Mail-Anbieter
- HR-Software
- Unternehmenssysteme (ERP, CRM etc.)
- Interne Server (keine externe Cloud)

---

## 4. Betroffene Personen und Empfänger der Daten

### Kategorien betroffener Personen
Die Verarbeitung betrifft folgende Kategorien von Personen:
- Interne Mitarbeiter:innen der APOR GmbH

### Empfängerkategorien
Die personenbezogenen Daten werden an folgende interne und externe Empfänger übermittelt:

**Interne Empfänger:**
- Geschäftsführung
- Verwaltung (Personalabteilung, HR)
- Technische Abteilungen (IT, Systemadministration)
- Finanzabteilung
- Rechts- und Compliance-Abteilung
- Personalverantwortliche und HR-Rollen

**Externe Empfänger innerhalb der EU:**
- Behörden (z. B. Finanzamt, Sozialversicherungsträger)
- Software- und Cloud-Anbieter (im Rahmen von Auftragsverarbeitungsverträgen)
- Krankenkassen und Versicherungsträger
- Finanzinstitute (z. B. Banken für Gehaltszahlungen)

Falls Daten an Empfänger in Drittländern übermittelt werden (z. B. bei Nutzung von HR-Software mit Servern außerhalb der EU), erfolgt dies ausschließlich auf Grundlage von Angemessenheitsbeschlüssen der EU-Kommission oder unter Verwendung von Standardvertragsklauseln (SCC).

---

## 5. Speicherfristen und Löschung

### Speicherfristen
Die personenbezogenen Daten werden gemäß den gesetzlichen Aufbewahrungsfristen und betrieblichen Erfordernissen wie folgt gespeichert:
- **10 Jahre nach Beendigung des Beschäftigungsverhältnisses:**
  Steuerrelevante Daten (z. B. Gehaltsabrechnungen, Lohnsteuerdaten gemäß § 147 AO).
- **6 Jahre nach Beendigung des Beschäftigungsverhältnisses:**
  Sonstige arbeitsvertragliche Unterlagen (z. B. Arbeitsverträge gemäß § 257 HGB).
- **3 Jahre nach Austritt des Mitarbeiters:**
  Allgemeine Mitarbeiterstammdaten (z. B. Kontaktdaten, Parkplatzberechtigungen).

### Löschkonzept
Wir haben ein automatisiertes Löschkonzept implementiert, das die Einhaltung der oben genannten Fristen sicherstellt. Nach Ablauf der jeweiligen Speicherfrist werden die Daten unwiderruflich gelöscht, sofern keine gesetzlichen Ausnahmen (z. B. laufende Rechtsstreitigkeiten) vorliegen.

---

## 6. Technische und organisatorische Maßnahmen (TOM)

Zur Gewährleistung der Sicherheit und des Schutzes personenbezogener Daten haben wir folgende technische und organisatorische Maßnahmen implementiert:

### Zugriffskontrolle
- Rollenbasierte Zugriffsrechte (RBAC) nach dem Need-to-Know-Prinzip,
- Multi-Faktor-Authentifizierung (MFA) für den Zugriff auf sensible Daten,
- Regelmäßige Überprüfung und Anpassung der Zugriffsrechte.

### Datenverschlüsselung
- Verschlüsselung von Daten im Ruhezustand (AES-256),
- Verschlüsselung von Daten während der Übertragung (TLS 1.3).

### Protokollierung und Überwachung
- Automatisierte Protokollierung aller Zugriffe auf Mitarbeiterdaten,
- Alarmierung bei verdächtigen Zugriffen oder Anomalien.

### Physische Sicherheit
- Zutrittskontrolle zu Serverräumen und Archiven (Biometrie, Schlüsselkarten),
- Videoüberwachung und Alarmsysteme in sensiblen Bereichen.

### Schulungen und Sensibilisierung
- Regelmäßige Datenschutzschulungen für alle Mitarbeiter:innen,
- Verpflichtung zur Vertraulichkeit und Einhaltung der Datenschutzrichtlinien.

### Backup und Notfallmanagement
- Tägliche, georedundante Backups,
- Dokumentierter Notfallwiederherstellungsplan.

### Datenminimierung und Pseudonymisierung
- Löschkonzept gemäß gesetzlichen Fristen (z. B. § 26 BDSG),
- Automatisierte Löschroutinen,
- Anonymisierung oder Pseudonymisierung von Daten, wo möglich (z. B. für Analysen).

### Zusammenarbeit mit Auftragsverarbeitern
- Vertragliche Vereinbarungen mit Auftragsverarbeitern (AV-Verträge gemäß Art. 28 DSGVO),
- Regelmäßige Audits und Überprüfungen der Auftragsverarbeiter.

### Incident-Response und Meldung von Datenschutzvorfällen
- Interner Meldeprozess für Datenschutzvorfälle,
- Verpflichtende Meldung an die Aufsichtsbehörde innerhalb von 72 Stunden gemäß Art. 33 DSGVO,
- Dokumentation aller Vorfälle und getroffenen Maßnahmen.

### Betroffenenrechte
Wir gewährleisten die Einhaltung der Betroffenenrechte gemäß DSGVO, insbesondere:
- **Auskunftsrecht (Art. 15 DSGVO):** Bearbeitung von Anfragen innerhalb eines Monats,
- **Berichtigungsrecht (Art. 16 DSGVO):** Korrektur unrichtiger Daten auf Anfrage,
- **Löschrecht (Art. 17 DSGVO):** Löschung von Daten unter Einhaltung der gesetzlichen Fristen,
- **Einschränkungsrecht (Art. 18 DSGVO):** Einschränkung der Verarbeitung auf Anfrage,
- **Datenübertragbarkeit (Art. 20 DSGVO):** Bereitstellung von Daten in einem strukturierten Format,
- **Widerspruchsrecht (Art. 21 DSGVO):** Berücksichtigung von Widersprüchen gegen die Verarbeitung.

### Einbindung des Betriebsrats
Falls Mitbestimmungsrechte gemäß § 87 BetrVG betroffen sind, dokumentieren wir die Einbindung des Betriebsrats und die getroffenen Vereinbarungen.

---
**Stand:** [Datum der letzten Aktualisierung]
**Verantwortlich:** Datenschutzbeauftragte:r der APOR GmbH

---
User ID: ANN1112
Mode: form
Time elapsed: 331 seconds
Date: 2026-02-03T11:46:43.336Z
```"
"79","ANN1112","ask","```markdown
# Mitarbeiterdatenverwaltung
**Verzeichnis von Verarbeitungstätigkeiten gemäß Art. 30 DSGVO**

---

## 1. Organisation und Verantwortlicher

**Name des Verantwortlichen:**
APOR GmbH

**Rolle:**
Verantwortlicher (Data Controller)

**Anschrift:**
Mainstraße 67, 89073 Ulm

**Kontaktdaten:**
- E-Mail: mail@apor.eu
- Telefon: 012345678

**Vertreter des Verantwortlichen:**
A.I. (ai@apor.eu)

**Datenschutzbeauftragte:r (DSB):**
A.I. (ai@apor.eu)

---

## 2. Zweck und Rechtsgrundlage der Verarbeitung

### Zwecke der Verarbeitung
Wir verarbeiten personenbezogene Daten unserer Mitarbeitenden zu folgenden Zwecken:
- Anlegen neuer Mitarbeitender
- Dokumentation von Arbeitszeiten
- Verwaltung von Urlaub und Abwesenheiten
- Verwaltung von Parkplatzberechtigungen für berechtigte Mitarbeitende (Firmenparkplatz mit Schranke)

### Rechtsgrundlagen der Verarbeitung
Die Verarbeitung erfolgt auf Basis der folgenden Rechtsgrundlagen gemäß DSGVO und nationalem Recht:

- **Vertragserfüllung (Art. 6 Abs. 1 lit. b DSGVO):**
  - Anlegen neuer Mitarbeitender (Arbeitsverträge)
  - Dokumentation von Arbeitszeiten (zur korrekten Gehaltsabrechnung)
  - Verwaltung von Urlaub und Abwesenheiten (zur Planung und Erfüllung vertraglicher Pflichten)

- **Rechtliche Verpflichtung (Art. 6 Abs. 1 lit. c DSGVO):**
  - Aufbewahrungspflichten nach § 257 HGB (z. B. Lohnunterlagen für 10 Jahre)
  - Steuerrechtliche Pflichten nach § 147 AO (z. B. Gehaltsabrechnungen)

- **Beschäftigtendatenschutz (§ 26 BDSG):**
  - Verarbeitung von Personalakten (z. B. Bewerbungsunterlagen, Qualifikationen)
  - Verwaltung von Disziplinarmaßnahmen oder Leistungsbeurteilungen

- **Berechtigtes Interesse (Art. 6 Abs. 1 lit. f DSGVO):**
  - Verwaltung von Parkplatzberechtigungen (sofern keine sensiblen Daten verarbeitet werden)

---

## 3. Kategorien personenbezogener Daten und Datenquellen

### Verarbeitete Datenkategorien
Wir verarbeiten folgende personenbezogene Daten unserer Mitarbeitenden:

**Persönliche Daten (Grundlegende Informationen):**
- Nachname, Vorname
- Adresse
- Telefonnummer
- E-Mail-Adresse
- Geburtsdatum
- Personalnummer

**Beschäftigungsdaten:**
- Arbeitszeiten
- Position/Tätigkeit (z. B. „Buchhalter:in“)
- Urlaubstage und Urlaubszeiten
- Vertragsdaten (Eintrittsdatum, Probezeit)

**Finanzdaten:**
- Gehalt/Lohn (inkl. Steuerklasse)
- Bankverbindung
- Steueridentifikationsnummer

**Fahrzeugdaten (für Parkplatzverwaltung):**
- Kennzeichen

### Datenquellen
Die Daten werden aus folgenden Quellen erhoben:
- Intern gehostetes Microsoft Office
- Interne Server (keine externe Cloud-Nutzung)

*Hinweis:* Krankentage oder medizinische Angaben werden im Rahmen dieser Verarbeitung nicht erhoben oder verarbeitet.

---

## 4. Betroffene Personen und Empfänger

### Betroffene Personen
Die Verarbeitung betrifft folgende Kategorien von Personen:
- Festangestellte (Vollzeit/Teilzeit)
- Auszubildende
- Befristet Beschäftigte
- Bewerber:innen (sofern Daten nach Einstellung gespeichert werden)
- Ehemalige Mitarbeitende (solange Daten nicht gelöscht sind)

### Interne Empfänger
Folgende interne Abteilungen oder Rollen haben Zugang zu den Daten:
- Personalabteilung (für Verträge, Urlaub, Arbeitszeiten)
- Buchhaltung (für Gehaltsabrechnungen, Steuerdaten)
- Vorgesetzte (für Arbeitszeitkontrolle oder Urlaubsplanung)
- IT-Administration (für Zugriffsrechte auf Systeme)
- Geschäftsführung (für strategische Entscheidungen)
- Facility-Management (für Parkplatzverwaltung)

### Externe Empfänger
Daten werden an folgende externe Empfänger übermittelt:
- Steuerberater:innen (für Lohnsteueranmeldungen)
- Sozialversicherungsträger (Krankenkassen, Rentenversicherung)
- Banken (für Gehaltsüberweisungen)
- Externe Dienstleister (z. B. für die Verwaltung der Parkplatz-Schranke)

### Berechtigte Personen
Folgende spezifische Rollen sind zur Datenverarbeitung berechtigt:
- HR-Manager:in (darf Verträge anlegen/bearbeiten)
- Lohnbuchhalter:in (darf Gehaltsdaten einsehen)
- Systemadministrator:in (darf Zugriffsrechte verwalten)
- Teamleiter:in (darf Arbeitszeiten bestätigen)

---

## 5. Speicherfristen und Löschung

### Speicherfristen
- **Reguläre Löschfrist:**
  Alle im Rahmen dieser Verarbeitung gespeicherten personenbezogenen Daten werden spätestens **3 Monate nach Austritt der jeweiligen Person** gelöscht.

- **Ausnahmen aufgrund gesetzlicher Aufbewahrungspflichten:**
  - Lohnunterlagen: 10 Jahre (§ 257 HGB)
  - Gehaltsabrechnungen: 6 Jahre (§ 147 AO)

---

## 6. Technische und organisatorische Maßnahmen (TOM)

Wir haben folgende technische und organisatorische Maßnahmen implementiert, um die Sicherheit und den Schutz der verarbeiteten Daten zu gewährleisten:

- **Zugriffsbeschränkungen:**
  - Rollenbasierter Zugriff nach dem Need-to-know-Prinzip
  - Separate Berechtigungen für Personalabteilung, Buchhaltung, IT und Management

- **Authentifizierung:**
  - Passwortschutz für alle Systeme
  - Mehrfaktor-Authentifizierung (MFA) für sensible Datenzugriffe

- **Datensicherung:**
  - Regelmäßige Backups (täglich/wöchentlich)
  - Verschlüsselung von Backups und sensiblen Daten

- **Physische Sicherheit:**
  - Zutrittskontrolle zum Serverraum und Archiv
  - Videoüberwachung in kritischen Bereichen

- **Schulungen und Verpflichtungen:**
  - Regelmäßige Datenschutzschulungen für Mitarbeitende
  - Vertraulichkeitsverpflichtung für berechtigte Personen

- **Dokumentation und Protokollierung:**
  - Protokollierung von Zugriffen auf sensible Daten
  - Regelmäßige Überprüfung der Zugriffsrechte

---
**Ende des Verzeichnisses**

---
User ID: ANN1112
Mode: ask
Time elapsed: 717 seconds
Date: 2026-02-03T12:00:02.506Z
```"
"80","AEB2451","form","```markdown
# Mitarbeiterdatenverwaltung
**Verzeichnis von Verarbeitungstätigkeiten gemäß Artikel 30 DSGVO**

---

## 1. Verantwortliche Stelle und Kontaktdaten

Als verantwortliche Stelle im Sinne der Datenschutz-Grundverordnung (DSGVO) verarbeiten wir personenbezogene Daten unserer Mitarbeitenden unter Einhaltung der gesetzlichen Vorgaben. Die folgenden Angaben dienen der Erfüllung unserer Dokumentationspflichten gemäß Artikel 30 DSGVO.

- **Name der verantwortlichen Stelle:** APOR GmbH
- **Rolle:** Verantwortlicher (Data Controller)
- **Anschrift:** Mainstraße 67, 89073 Ulm
- **E-Mail-Adresse:** mail@apor.eu
- **Telefonnummer:** 012345678
- **Vertreter der verantwortlichen Stelle:** A. I.
- **Datenschutzbeauftragter:** A. I., ai@apor.eu

---

## 2. Zwecke und Rechtsgrundlagen der Verarbeitung

Wir verarbeiten personenbezogene Daten unserer Mitarbeitenden ausschließlich zur Verwaltung des Beschäftigungsverhältnisses von der Einstellung bis zum Austritt. Dies umfasst folgende Zwecke:

- Erfassung und Pflege von Stammdaten der Mitarbeitenden
- Dokumentation von Arbeitszeiten und Anwesenheiten
- Verwaltung von Urlaubs- und Abwesenheitszeiten
- Verwaltung von Parkplatzberechtigungen (z. B. Fahrzeugkennzeichen)
- Erfüllung gesetzlicher Aufbewahrungs- und Meldepflichten
- Sicherstellung der betrieblichen Abläufe und Compliance

Die Verarbeitung erfolgt auf Grundlage folgender Rechtsgrundlagen:

- **Art. 6 Abs. 1 lit. b DSGVO** (Erfüllung eines Vertrags oder vorvertraglicher Maßnahmen)
- **§ 26 BDSG** (Datenverarbeitung für Zwecke des Beschäftigungsverhältnisses)
- **§ 257 HGB** (Aufbewahrung von Handelsbüchern und Unterlagen)
- **§ 147 AO** (Aufbewahrung von steuerrelevanten Unterlagen)
- **§ 239 Abs. 1 HGB** (Führung der Handelsbücher)
- **§ 2 Abs. 1 Nr. 1 BDSG** (Verarbeitung personenbezogener Daten im Beschäftigungskontext)

---

## 3. Kategorien personenbezogener Daten und Datenquellen

### 3.1 Verarbeitete Datenkategorien

Wir verarbeiten folgende Kategorien personenbezogener Daten unserer Mitarbeitenden:

**Personenbezogene Grunddaten:**
- Nachname
- Vorname
- Geburtsdatum
- Geschlecht
- Staatsangehörigkeit
- Anschrift
- Telefonnummer
- E-Mail-Adresse

**Beschäftigungsdaten:**
- Arbeitszeiten
- Berufliche Position
- Personalnummer
- Unternehmenszugehörigkeit
- Urlaubsanspruch
- Urlaubstage
- Urlaubszeiten

**Finanzdaten:**
- Steueridentifikationsnummer
- Steuerklasse

**Gesundheitsdaten:**
- Krankenversicherungsnummer
- Sozialversicherungsnummer
- Krankheitstage

**Rechtsdaten:**
- Vertragsdaten
- Ausweisdokumente (z. B. Personalausweis, Reisepass)

**Dokumentations- und Aufzeichnungsdaten:**
- Individuelle Dokumentationen (z. B. Personalakten)

**Fahrzeugdaten:**
- Fahrzeugkennzeichen

**Sonstige Daten:**
- Biometrische Daten (für Zutrittskontrolle zum Serverraum)
- Videoüberwachungsdaten (im Rahmen der physischen Sicherheit)

### 3.2 Datenquellen

Die personenbezogenen Daten stammen aus folgenden Quellen:

- E-Mail-Systeme
- Personalverwaltungssoftware (HR-Software)
- Interne Unternehmenssysteme (keine externe Cloud)
- Sicherheits- und Compliance-Systeme

---

## 4. Betroffene Personen und Empfänger der Daten

### 4.1 Kategorien betroffener Personen

Die Verarbeitung betrifft folgende Kategorien betroffener Personen:

- Interne Gruppen (Mitarbeitende der APOR GmbH)

### 4.2 Empfängerkategorien

Die personenbezogenen Daten werden an folgende interne und externe Empfänger übermittelt:

**Interne Empfänger:**
- Geschäftsführung
- Verwaltung
- Technische Abteilungen
- Finanzabteilung
- Rechts- und Compliance-Abteilung
- Personalabteilung

**Externe Empfänger innerhalb der EU:**
- Behörden (z. B. Finanzamt, Sozialversicherungsträger)
- Kranken- und Versicherungsträger
- Finanzinstitute (z. B. Banken für Gehaltszahlungen)

### 4.3 Berechtigte Personen

Folgende Rollen innerhalb unseres Unternehmens sind zur Verarbeitung der Daten berechtigt:

- Führungskräfte
- Administrative Mitarbeiter
- Technische Mitarbeiter
- Mitarbeiter der Finanzabteilung
- Mitarbeiter der Rechts- und Compliance-Abteilung
- Mitarbeiter der Personalabteilung

---

## 5. Aufbewahrungsfristen und Löschung

Wir bewahren personenbezogene Daten unserer Mitarbeitenden gemäß den gesetzlichen Vorgaben auf und löschen diese nach Ablauf der festgelegten Fristen. Die Aufbewahrungsfristen richten sich nach den folgenden Grundsätzen:

- **Grundsatz:** 6 Jahre nach Beendigung des Beschäftigungsverhältnisses (gemäß § 257 HGB und § 147 AO für steuerrelevante Unterlagen).
- **Ausnahmen:**
  - Sozialversicherungsnummern und Vertragsdaten können bis zu 10 Jahre aufbewahrt werden, sofern dies aufgrund rechtlicher Auseinandersetzungen oder Verdachtsmomenten (z. B. Sozialversicherungsbetrug) erforderlich ist.
  - Biometrische Daten und Videoüberwachungsdaten werden nur so lange gespeichert, wie dies für den jeweiligen Zweck (z. B. Zutrittskontrolle) notwendig ist.

Nach Ablauf der Aufbewahrungsfristen werden die Daten automatisch gelöscht, sofern keine gesetzlichen oder vertraglichen Gründe für eine längere Speicherung vorliegen.

---

## 6. Technische und organisatorische Maßnahmen (TOM)

Wir haben umfassende technische und organisatorische Maßnahmen implementiert, um die Sicherheit und den Schutz der verarbeiteten personenbezogenen Daten zu gewährleisten. Diese Maßnahmen umfassen:

- **Zugriffskontrolle:**
  - Rollenbasierte Zugriffsrechte nach dem Need-to-know-Prinzip
  - Multi-Faktor-Authentifizierung (MFA) für den Zugriff auf sensible Daten

- **Verschlüsselung:**
  - Verschlüsselung von Daten im Ruhezustand (AES-256)
  - Verschlüsselung von Daten während der Übertragung (TLS 1.3)

- **Physische Sicherheit:**
  - Zutrittskontrolle zum Serverraum mittels Schlüsselkarten und biometrischer Verfahren
  - Videoüberwachung der Serverräume

- **Datenminimierung:**
  - Speicherung nur der für den jeweiligen Zweck notwendigen Daten (z. B. Fahrzeugkennzeichen)

- **Backups:**
  - Tägliche automatisierte Backups mit Offline-Speicherung nach der 3-2-1-Regel

- **Protokollierung:**
  - Automatisierte Protokollierung von Zugriffen und Änderungen (SIEM-System)
  - Regelmäßige Überprüfung der Protokolle

- **Schulungen:**
  - Jährliche Datenschutzschulungen für alle Mitarbeiter
  - Verpflichtung zur Vertraulichkeit

- **Incident-Response:**
  - Festgelegter Meldeprozess für Datenschutzvorfälle
  - Meldung an die Aufsichtsbehörde innerhalb von 72 Stunden

- **Patch-Management:**
  - Monatliche Sicherheitsupdates für alle Systeme

- **Datenlöschung:**
  - Automatisierte Löschroutinen nach Ablauf der Aufbewahrungsfristen (z. B. bei Austritt eines Mitarbeiters)

---

**Ende des Verzeichnisses von Verarbeitungstätigkeiten**
*Stand: [Datum der Erstellung/letzten Aktualisierung]*

---
User ID: AEB2451
Mode: form
Time elapsed: 604 seconds
Date: 2026-02-03T12:04:31.069Z
```"
"81","AEB2451","ask","```markdown
# Mitarbeiterdatenverwaltung
**Records of Processing Activities (ROPA) gemäß Art. 30 DSGVO**

---

## 1. Verantwortliche Stelle und Kontaktdaten

Als verantwortliche Stelle im Sinne der DSGVO verarbeiten wir personenbezogene Daten unserer Mitarbeitenden. Die folgenden Angaben dienen der Identifikation und Kontaktaufnahme:

- **Name der verantwortlichen Stelle:** APOR GmbH
- **Rolle:** Verantwortlicher (Data Controller) und Datenschutzbeauftragter (DPO)
- **Anschrift:** Mainstraße 67, 89073 Ulm
- **E-Mail-Adresse:** mail@apor.eu
- **Telefonnummer:** 012345678
- **Vertreter der verantwortlichen Stelle:** A. I.
- **Datenschutzbeauftragter (DSB):** A. I., ai@apor.eu

---

## 2. Zweck und Rechtsgrundlage der Verarbeitung

Wir verarbeiten personenbezogene Daten unserer Mitarbeitenden, um das gesamte Arbeitsverhältnis von der Einstellung bis zum Austritt rechtssicher und effizient zu verwalten. Die Verarbeitung erfolgt ausschließlich zu betrieblichen, vertraglichen und gesetzlichen Zwecken. Im Einzelnen umfassen die Verarbeitungszwecke:

- Anlegen und Pflege von Mitarbeiterstammdaten (z. B. Name, Kontaktdaten, Vertragsinformationen)
- Dokumentation von Arbeitszeiten (z. B. Zeiterfassung, Überstunden)
- Verwaltung von Urlaubs- und Abwesenheitszeiten (Planung, Genehmigung, Nachweise)
- Bereitstellung von Parkplatzberechtigungen für berechtigte Mitarbeitende (z. B. Hinterlegung von Fahrzeugkennzeichen zur Steuerung der Schrankenanlage)

**Rechtsgrundlagen der Verarbeitung:**
- **§ 26 Bundesdatenschutzgesetz (BDSG):** Verarbeitung personenbezogener Daten von Beschäftigten für Zwecke des Beschäftigungsverhältnisses.
- **Art. 6 Abs. 1 lit. b DSGVO:** Verarbeitung zur Erfüllung eines Vertrags (z. B. Arbeitsvertrag).
- **Art. 6 Abs. 1 lit. f DSGVO:** Verarbeitung zur Wahrung berechtigter Interessen (z. B. Sicherstellung interner Abläufe, Compliance).

Medizinische Daten oder Krankentage werden im Rahmen dieser Verarbeitung **nicht** erhoben oder verarbeitet.

---

## 3. Kategorien personenbezogener Daten und Datenquellen

### 3.1 Kategorien personenbezogener Daten
Wir verarbeiten folgende Kategorien personenbezogener Daten unserer Mitarbeitenden:

1. **Persönliche Identifikationsdaten (Stammdaten):**
   - Name (Vor- und Nachname)
   - Geburtsdatum und Geburtsort
   - Adresse (Straße, Hausnummer, PLZ, Ort)
   - Telefonnummer und E-Mail-Adresse
   - Nationalität und ggf. Geschlecht

2. **Beschäftigungsdaten:**
   - Arbeitsvertrag (Vertragsdaten, z. B. Eintrittsdatum, Position, Abteilung)
   - Personalnummer
   - Arbeitszeiten (Zeiterfassung, Überstunden)
   - Urlaubsanspruch und genehmigte Abwesenheiten

3. **Finanzdaten:**
   - Gehalt und Bankverbindung (Kontonummer, IBAN)
   - Steueridentifikationsnummer (Steuer-ID)
   - Steuerklasse

4. **Spezifische Daten für die Parkplatzverwaltung:**
   - Fahrzeugkennzeichen (für die Steuerung der Schrankenanlage)

## 3.2 Datenquellen
Die personenbezogenen Daten stammen aus folgenden Quellen:

- **Microsoft Office 365 (intern gehostet):**
  - Outlook (E-Mail-Kommunikation)
  - Excel (Dokumentation von Arbeitszeiten, Urlaubsplanung)
  - Teams (interne Kommunikation)
- **HR-Software:**
  - Tools für Urlaubsplanung, Gehaltsabrechnung und Stammdatenverwaltung
- **Enterprise Systems:**
  - Interne Server für die zentrale Datenspeicherung
- **Security and Compliance:**
  - Protokollierungstools für Zugriffe auf Mitarbeiterdaten
- **Spezialisierte Software:**
  - Parkplatzverwaltungssystem für die Hinterlegung von Fahrzeugkennzeichen

---

## 4. Betroffene Personen und Empfänger der Daten

### 4.1 Betroffene Personen (Dateninhaber)
Die Verarbeitung betrifft folgende Kategorien von betroffenen Personen:

- Aktive Mitarbeitende (Festanstellungen, Teilzeitkräfte, Auszubildende, Praktikant:innen)
- Ehemalige Mitarbeitende (solange Daten aus rechtlichen Gründen aufbewahrt werden müssen)

### 4.2 Interne Empfänger (Zugriffsberechtigte Abteilungen/Rollen)
Der Zugriff auf die personenbezogenen Daten ist auf folgende interne Empfänger beschränkt:

- **HR-Abteilung:**
  - Vollzugriff auf Stammdaten (Name, Adresse, Kontaktdaten)
  - Beschäftigungsdaten (Vertrag, Arbeitszeiten, Urlaub)
  - Finanzdaten (Gehalt, Steuer-ID)
- **Buchhaltung:**
  - Zugriff auf Finanzdaten (Gehalt, Bankverbindung, Steuerklasse) und Vertragsdaten
- **Führungskräfte:**
  - Einsicht in Arbeitszeiten, Urlaubsplanung und Abwesenheiten ihrer Teams
- **IT-Administration:**
  - Technischer Zugriff auf Systeme (z. B. Microsoft 365, HR-Software) zur Wartung und Sicherung
- **Facility Management:**
  - Verwaltung der Fahrzeugkennzeichen für Parkplatzberechtigungen

### 4.3 Externe Empfänger (Dritte mit Datenzugriff)
Personenbezogene Daten werden an folgende externe Empfänger übermittelt:

- **Steuerberater:innen:**
  - Erhalt von Gehaltsdaten für die Lohnabrechnung
- **Finanzbehörden:**
  - Meldung von Lohnsteuerdaten (z. B. an das Finanzamt)
- **IT-Dienstleister:**
  - Externe Wartung der HR-Software oder Cloud-Systeme (falls zutreffend)

### 4.4 Berechtigte Personen (konkrete Rollen)
Die Datenverarbeitung erfolgt durch folgende berechtigte Personen:

- **HR-Sachbearbeiter:innen:**
  - Pflege von Stamm- und Beschäftigungsdaten
- **Lohnbuchhalter:innen:**
  - Verarbeitung von Gehaltsdaten
- **Systemadministrator:innen:**
  - Technische Verwaltung der Datenbanken
- **Facility-Verantwortliche:**
  - Eingabe und Pflege von Fahrzeugkennzeichen

---

## 5. Aufbewahrungsfristen und Löschung

Wir bewahren personenbezogene Daten unserer Mitarbeitenden nur so lange auf, wie es für die Erfüllung der Verarbeitungszwecke oder aufgrund gesetzlicher Aufbewahrungspflichten erforderlich ist. Die folgenden Aufbewahrungsfristen gelten:

1. **Stammdaten (Name, Adresse, Vertrag, Personalnummer, Position):**
   - **Aufbewahrung:** Bis zum Ende des Arbeitsverhältnisses + 6 Jahre (gemäß § 257 HGB für Handelsbücher und Unterlagen).
   - **Löschung:** Nach Ablauf der Frist, sofern keine anderen gesetzlichen Pflichten (z. B. Steuerrecht) greifen.
   - **Begründung:** Vertragsunterlagen und Personalstammdaten müssen für handels- und steuerrechtliche Nachweise archiviert werden.

2. **Gehaltsdaten (Lohnabrechnungen, Bankverbindung, Steuer-ID, Steuerklasse):**
   - **Aufbewahrung:** 10 Jahre (gemäß § 147 AO für steuerrelevante Unterlagen).
   - **Löschung:** Nach Ablauf der Frist, sofern keine Sozialversicherungspflicht (z. B. Rentenversicherung) eine längere Speicherung erfordert.
   - **Begründung:** Lohnsteuer- und Sozialversicherungsnachweise unterliegen strengen Aufbewahrungspflichten.

3. **Arbeitszeiten (Zeiterfassung, Überstunden, Urlaubsplanung):**
   - **Aufbewahrung:** 2 Jahre nach Austritt (gemäß § 16 Abs. 2 ArbZG für Arbeitszeitnachweise).
   - **Löschung:** Nach Ablauf der Frist, sofern keine betrieblichen Gründe (z. B. Arbeitsgerichtsverfahren) dagegenstehen.
   - **Begründung:** Das Arbeitszeitgesetz verlangt eine Mindestaufbewahrung für Kontrollen.

4. **Fahrzeugkennzeichen (Parkplatzverwaltung):**
   - **Aufbewahrung:** 3 Monate nach Austritt (oder sofort nach Ende der Berechtigung).
   - **Löschung:** Automatisch nach Fristablauf, da keine gesetzliche Pflicht zur längeren Speicherung besteht.
   - **Begründung:** Die Daten dienen nur der Zugriffskontrolle und sind nicht steuer- oder sozialversicherungsrelevant.

### 5.1 Ausnahmen für längere Aufbewahrung
Falls Steuerprüfungen, Sozialversicherungsnachfragen oder Rechtsstreitigkeiten vorliegen, können Daten über die genannten Fristen hinaus aufbewahrt werden (Art. 6 Abs. 1 lit. c DSGVO). Beispielsweise müssen relevante Daten bei einem laufenden Arbeitsgerichtsverfahren bis zum Abschluss des Verfahrens gespeichert bleiben.

### 5.2 Praktische Umsetzung
- Automatisierte Löschfristen in unseren Systemen (z. B. Microsoft 365, HR-Software) sind eingerichtet.
- Der Datenschutzbeauftragte führt eine jährliche Überprüfung der Fristen durch.
- Die Löschprozesse werden dokumentiert (z. B. Protokollierung der gelöschten Daten).

---

## 6. Technische und organisatorische Maßnahmen (TOM)

Um die Sicherheit und Vertraulichkeit der verarbeiteten Mitarbeiterdaten zu gewährleisten, haben wir folgende technische und organisatorische Maßnahmen implementiert:

### 6.1 Technische Maßnahmen
- **Verschlüsselung:**
  - Sensible Daten (z. B. Gehaltsabrechnungen, Vertragsinformationen) werden bei der Übertragung (z. B. per E-Mail) und Speicherung verschlüsselt.
- **Zugriffsbeschränkungen:**
  - Der Zugriff auf Mitarbeiterdaten ist auf autorisierte Personen (HR, Buchhaltung, Führungskräfte) beschränkt und erfolgt über Zwei-Faktor-Authentifizierung (z. B. in Microsoft 365 oder der HR-Software).
- **Sichere Speicherung von Fahrzeugkennzeichen:**
  - Die für Parkplatzberechtigungen hinterlegten Kennzeichen werden pseudonymisiert oder verschlüsselt gespeichert, um Missbrauch zu verhindern.
- **Regelmäßige Backups:**
  - Mitarbeiterdaten werden täglich gesichert, um Datenverlust zu vermeiden.

### 6.2 Organisatorische Maßnahmen
- **Schulungen:**
  - Alle Mitarbeitenden mit Datenzugriff erhalten jährliche Datenschutzschulungen (z. B. zu Phishing, Passwortsicherheit).
- **Klare Zugriffsregeln:**
  - Es gelten strenge Richtlinien, wer welche Daten einsehen darf (z. B. darf die Buchhaltung Gehaltsdaten, aber keine privaten Kontaktdaten sehen).
- **Dokumentation:**
  - Alle Zugriffe auf Mitarbeiterdaten werden protokolliert und regelmäßig überprüft (z. B. bei Mitarbeiterwechseln).
- **Verantwortlichkeiten:**
  - Der Datenschutzbeauftragte überwacht die Einhaltung der Maßnahmen und führt jährliche Audits durch.

---
User ID: AEB2451
Mode: ask
Time elapsed: 925 seconds
Date: 2026-02-03T12:20:04.343Z
```"
"82","AEB2451","chat","```markdown
# Mitarbeiterdatenverwaltung
**Verzeichnis von Verarbeitungstätigkeiten gemäß Artikel 30 DSGVO**

---

## 1. Verantwortliche Stelle und Kontaktdaten

Als verantwortliche Stelle im Sinne der Datenschutz-Grundverordnung (DSGVO) verarbeiten wir personenbezogene Daten unserer Mitarbeitenden im Rahmen der folgenden Angaben:

- **Name der verantwortlichen Stelle:** APOR GmbH
- **Rolle:** Verantwortlicher (Data Controller) sowie Datenschutzbeauftragter (DSB)
- **Anschrift:** Mainstraße 67, 89073 Ulm
- **E-Mail-Adresse:** mail@apor.eu
- **Telefonnummer:** 012345678
- **Vertreter der verantwortlichen Stelle:** A. I.
- **Datenschutzbeauftragter:** A. I., ai@apor.eu

---

## 2. Zwecke und Rechtsgrundlagen der Verarbeitung

### 2.1 Zwecke der Verarbeitung
Wir verarbeiten personenbezogene Daten unserer Mitarbeitenden zur ganzheitlichen Verwaltung von der Einstellung bis zum Ausscheiden aus dem Unternehmen. Dies umfasst folgende Zwecke:

- Administrative Betreuung von Mitarbeiterstammdaten und Vertragsmanagement
- Organisation von Arbeitszeiten und Abwesenheiten (z. B. Urlaub, Krankheitstage ohne medizinische Details)
- Verwaltung von Parkplatzberechtigungen für autorisierte Mitarbeitende (z. B. durch Speicherung von Fahrzeugkennzeichen)
- Erfüllung interner und gesetzlicher Pflichten

Die Verarbeitung erfolgt ausschließlich auf internen Systemen (Microsoft Office, lokale Server) unter Einhaltung technischer und organisatorischer Maßnahmen, insbesondere rollenbasierter Zugriffskontrollen. Sensible Gesundheitsdaten werden nicht verarbeitet.

### 2.2 Rechtsgrundlagen der Verarbeitung
Die Verarbeitung personenbezogener Daten erfolgt auf folgenden Rechtsgrundlagen gemäß Artikel 6 Abs. 1 DSGVO sowie ergänzenden nationalen Vorschriften:

- **Artikel 6 Abs. 1 lit. b DSGVO:** Verarbeitung zur Erfüllung eines Vertrags (z. B. Arbeitsvertrag) oder zur Durchführung vorvertraglicher Maßnahmen
- **Artikel 6 Abs. 1 lit. c DSGVO:** Verarbeitung zur Erfüllung einer rechtlichen Verpflichtung (z. B. steuer- oder sozialversicherungsrechtliche Pflichten)
- **Artikel 6 Abs. 1 lit. f DSGVO:** Verarbeitung zur Wahrung berechtigter Interessen (z. B. Verwaltung von Parkplatzberechtigungen, interne Organisation)
- **§ 26 BDSG:** Verarbeitung von Beschäftigtendaten für Zwecke des Beschäftigungsverhältnisses

---

## 3. Kategorien personenbezogener Daten und Datenquellen

### 3.1 Kategorien personenbezogener Daten
Wir verarbeiten folgende Kategorien personenbezogener Daten unserer Mitarbeitenden:

**Personenbezogene Grunddaten:**
- Nachname
- Vorname
- Anschrift
- Telefonnummer
- E-Mail-Adresse

**Beschäftigungsdaten:**
- Arbeitszeiten
- Berufliche Position
- Personalnummer
- Urlaubsanspruch
- Urlaubstage

**Finanzdaten:**
- Bankverbindung

**Vertrags- und Rechtsdaten:**
- Vertragsdaten

**Fahrzeugdaten:**
- Fahrzeugkennzeichen

### 3.2 Datenquellen
Die personenbezogenen Daten werden aus folgenden Quellen erhoben und verarbeitet:

- Microsoft Office 365
- Lokale Server

---

## 4. Betroffene Personen und Empfänger der Daten

### 4.1 Kategorien betroffener Personen
Die Verarbeitung betrifft folgende Kategorien betroffener Personen:

- Mitarbeitende der APOR GmbH

### 4.2 Empfänger der Daten
Die personenbezogenen Daten werden ausschließlich intern verarbeitet und nicht an externe Empfänger übermittelt. Eine Weitergabe an Dritte erfolgt nur, sofern dies gesetzlich vorgeschrieben ist oder im Rahmen der Erfüllung rechtlicher Verpflichtungen erforderlich wird.

---

## 5. Löschfristen und Speicherdauer

Wir speichern personenbezogene Daten unserer Mitarbeitenden für die Dauer des Beschäftigungsverhältnisses sowie darüber hinaus, soweit dies zur Erfüllung gesetzlicher Aufbewahrungspflichten erforderlich ist.

- **Löschfrist nach Beendigung des Beschäftigungsverhältnisses:** 3 Monate nach Austritt
- **Ausnahmen:** Daten, die über die reguläre Löschfrist hinaus aufgrund gesetzlicher Aufbewahrungspflichten gespeichert werden müssen, werden entsprechend länger aufbewahrt.

---

## 6. Technische und organisatorische Maßnahmen (TOM)

Zur Gewährleistung der Sicherheit und Vertraulichkeit der verarbeiteten personenbezogenen Daten haben wir folgende technische und organisatorische Maßnahmen implementiert:

- **Zugriffskontrollen:**
  - Rollenbasierte Berechtigungen nach dem Need-to-know-Prinzip (z. B. für HR-Abteilung, Vorgesetzte)
- **Authentifizierung:**
  - Passwortschutz mit Mehrfaktor-Authentifizierung (MFA) für sensible Bereiche
- **Verschlüsselung:**
  - Verschlüsselung von Daten in Ruhe (auf Servern) und bei der Übertragung (TLS)
- **Physische Sicherheit:**
  - Zutrittskontrolle zu Serverräumen und Archiven (z. B. durch Schlüsselkarten)
- **Backups:**
  - Regelmäßige automatisierte Backups mit Testwiederherstellungen
- **Vertraulichkeit:**
  - Verpflichtungserklärungen für berechtigte Mitarbeitende zur Einhaltung der Vertraulichkeit
- **Datenlöschung:**
  - Automatisierte Löschung personenbezogener Daten 3 Monate nach Austritt des Mitarbeitenden
- **Parkplatzverwaltung:**
  - Sichere Speicherung von Fahrzeugkennzeichen ausschließlich für berechtigte Mitarbeitende

---
**Stand:** [Datum der Erstellung]
**Verantwortlich:** Datenschutzbeauftragter der APOR GmbH

---
User ID: AEB2451
Mode: chat
Time elapsed: 616 seconds
Date: 2026-02-03T12:32:56.027Z
```"
"83","LHL1942","chat","```markdown
# Verzeichnis von Verarbeitungstätigkeiten (VVT)
**Mitarbeiterverwaltung**

---

## 1. Verantwortliche Stelle und Angaben zum Verantwortlichen

Wir, die **APOR GmbH**, fungieren als datenschutzrechtlich Verantwortliche gemäß Artikel 4 Nr. 7 DSGVO für die in diesem Verzeichnis dokumentierten Verarbeitungstätigkeiten.

- **Name der verantwortlichen Stelle:** APOR GmbH
- **Anschrift:** Mainstraße 67, 89073 Ulm
- **Kontakt:**
  - E-Mail: mail@apor.eu
  - Telefon: 012345678
- **Vertreter der verantwortlichen Stelle:** A. I. (ai@apor.eu)
- **Datenschutzbeauftragter:** A. I. (ai@apor.eu)

---

## 2. Zwecke und Rechtsgrundlagen der Verarbeitung

Zum gegenwärtigen Zeitpunkt liegen keine spezifischen Angaben zu den Zwecken der Datenverarbeitung vor.

### Rechtsgrundlagen der Verarbeitung
Aufgrund der bereitgestellten Informationen wurden keine konkreten Rechtsgrundlagen für die Verarbeitung personenbezogener Daten gemäß den folgenden Bestimmungen identifiziert:
- Es liegen keine Verarbeitungen auf Basis einer Einwilligung (Art. 6 Abs. 1 lit. a DSGVO) vor.
- Es erfolgen keine Verarbeitungen zur Erfüllung eines Vertrags (Art. 6 Abs. 1 lit. b DSGVO).
- Es bestehen keine rechtlichen Verpflichtungen zur Verarbeitung (Art. 6 Abs. 1 lit. c DSGVO).
- Es werden keine Daten auf Grundlage berechtigter Interessen (Art. 6 Abs. 1 lit. f DSGVO) verarbeitet.
- Weitere spezifische Rechtsgrundlagen (z. B. § 28b IfSG, SARS-CoV-Verordnungen, § 26 BDSG, § 257 HGB, § 239 Abs. 1 HGB, § 147 AO) kommen nicht zur Anwendung.

---

## 3. Kategorien personenbezogener Daten und Datenquellen

### Kategorien personenbezogener Daten
Zum aktuellen Zeitpunkt werden keine der folgenden Kategorien personenbezogener Daten verarbeitet:
- Personenbezogene Grunddaten (z. B. Name, Geburtsdatum, Adresse, Kontaktdaten)
- Beschäftigtendaten (z. B. Arbeitszeiten, Position, Personalnummer)
- Finanzdaten (z. B. Gehalt, Bankverbindung, Steuerdaten)
- Gesundheitsdaten (z. B. Krankenversicherungsnummer, Krankheitstage)
- Rechtliche Daten (z. B. Vertragsdaten, Identitätsdokumente)
- Verhaltensdaten (z. B. Nutzungsverhalten, Metadaten)
- Dokumentations- und Aufzeichnungsdaten (z. B. Rechnungen, Angebote)
- Fahrzeugdaten (z. B. Kennzeichen, Führerscheindaten)
- Sonstige Daten (z. B. Qualifikationen, Fähigkeiten)

### Datenquellen
Es liegen keine Angaben zu den Quellen der verarbeiteten personenbezogenen Daten vor. Folgende potenzielle Datenquellen werden derzeit nicht genutzt:
- Microsoft Office 365
- E-Mail-Anbieter
- Microsoft Azure
- Google Workspace
- Google Cloud
- Videokonferenzsysteme
- Amazon AWS
- E-Commerce-Plattformen
- LibreOffice
- Online-Banking
- Finanzdienstleister
- Web- und Intranet-Systeme
- Kreditdienstleister
- HR-Software
- Unternehmenssysteme
- Sicherheits- und Compliance-Tools
- Dokumentenverarbeitungssysteme
- Sonstige spezialisierte Software

---

## 4. Betroffene Personen und Empfänger der Daten

### Kategorien betroffener Personen
Zum gegenwärtigen Zeitpunkt werden keine personenbezogenen Daten der folgenden Kategorien betroffener Personen verarbeitet:
- Interne Personengruppen (z. B. Mitarbeiter)
- Externe Kunden
- Juristische Personen
- Gesundheitseinrichtungen
- Personalvermittlungsagenturen

### Empfängerkategorien
Es liegen keine Angaben zu internen oder externen Empfängern der verarbeiteten Daten vor.

#### Interne Empfänger
- Keine Datenweitergabe an interne Abteilungen oder Rollen (z. B. Geschäftsführung, Verwaltung, Technik, Finanzen, Recht & Compliance, Marketing & Vertrieb, Logistik & Betrieb).

#### Externe Empfänger (innerhalb der EU)
- Keine Datenweitergabe an externe Empfänger wie:
  - Behörden
  - Software- und Cloud-Anbieter
  - Gesundheits- und Versicherungsdienstleister
  - Finanzinstitute
  - Geschäftspartner und Agenturen
  - Dienstleister

#### Berechtigte Personen
- Es liegen keine Angaben zu berechtigten Personen oder Rollen vor, die Zugang zu den verarbeiteten Daten haben.

---

## 5. Aufbewahrungsfristen und Löschung

Zum aktuellen Zeitpunkt liegen keine spezifischen Aufbewahrungsfristen oder Löschkonzepte vor. Folgende Szenarien wurden nicht definiert:
- Aufbewahrung nach Beendigung des Beschäftigungsverhältnisses
- Aufbewahrung nach Vertragsbeendigung
- Löschung nach Widerruf einer Einwilligung
- Spezifische Löschfristen oder -zeitpunkte
- Ausnahmen aufgrund gesetzlicher Aufbewahrungspflichten
- Besondere Löschkonzepte

---

## 6. Technische und organisatorische Maßnahmen (TOM)

Zum gegenwärtigen Zeitpunkt liegen keine dokumentierten technischen und organisatorischen Maßnahmen zum Schutz personenbezogener Daten vor. Gemäß Artikel 32 DSGVO sind wir verpflichtet, angemessene Maßnahmen zur Gewährleistung der Sicherheit der Verarbeitung zu implementieren. Eine detaillierte Beschreibung der umgesetzten Maßnahmen wird derzeit nicht bereitgestellt.

---
**Stand:** [Datum der Erstellung]
**Verantwortlich:** Datenschutzbeauftragter der APOR GmbH

---
User ID: LHL1942
Mode: chat
Time elapsed: 316 seconds
Date: 2026-02-03T12:56:43.687Z
```"
"84","aal1412","chat","```markdown
# Kundenverwaltung
**Verzeichnis von Verarbeitungstätigkeiten gemäß Art. 30 DSGVO**

---

## 1. Organisation und Verantwortlicher

**Name des Verantwortlichen bzw. Auftragsverarbeiters:**
XZ Unternehmen GmbH

**Rolle:**
Auftragsverarbeiter im Sinne von Art. 28 DSGVO

**Anschrift:**
Musterstraße 123, 12345 Musterstadt, Deutschland

**Kontaktdaten:**
- E-Mail: datenschutz@xz.com
- Telefon: +49 123 456789

**Vertreter des Verantwortlichen:**
Max Mustermann (Geschäftsführer)

**Datenschutzbeauftragter:**
Dr. Hans Weber (extern)
E-Mail: extern@datenschutz-service.de

---

## 2. Zweck und Rechtsgrundlage der Verarbeitung

### Zweck der Verarbeitung
Wir verarbeiten personenbezogene Daten im Auftrag unserer Kunden (Auftraggeber) zur Verwaltung von Kundendaten. Dies umfasst insbesondere:
- Die Erfassung, Speicherung und Pflege von Kundendaten zur Unterstützung der Geschäftsprozesse unserer Auftraggeber, einschließlich Auftragsabwicklung, Rechnungsstellung und Kommunikation.
- Die Bereitstellung von Daten zur Erfüllung vertraglicher oder gesetzlicher Pflichten unserer Auftraggeber, z. B. in den Bereichen Buchhaltung, Compliance und Reporting.
- Die technische und organisatorische Unterstützung bei der Kundenbetreuung, einschließlich der Verwaltung von Kontaktdaten, Bestellhistorien und individuellen Kundenanfragen.
- Die Sicherstellung der Datenverfügbarkeit und -integrität im Rahmen der vereinbarten Dienstleistungen.

### Rechtsgrundlage der Verarbeitung
Die Verarbeitung erfolgt auf Basis folgender Rechtsgrundlagen gemäß Art. 6 Abs. 1 DSGVO sowie weiterer einschlägiger Vorschriften:
- **Vertragserfüllung (Art. 6 Abs. 1 lit. b DSGVO):**
  Die Verarbeitung ist zur Erfüllung eines Vertrags mit dem betroffenen Kunden oder zur Durchführung vorvertraglicher Maßnahmen erforderlich.
- **Erfüllung rechtlicher Verpflichtungen (Art. 6 Abs. 1 lit. c DSGVO):**
  Die Verarbeitung ist zur Erfüllung gesetzlicher Pflichten, z. B. nach Handels- oder Steuerrecht, notwendig.
- **Berechtigtes Interesse (Art. 6 Abs. 1 lit. f DSGVO):**
  Die Verarbeitung erfolgt zur Wahrung berechtigter Interessen unserer Auftraggeber oder Dritter, sofern diese nicht durch die Interessen oder Grundrechte der betroffenen Personen überwiegen.
- **Handelsgesetzbuch (HGB):**
  - § 257 HGB (Aufbewahrung von Handelsbüchern, Inventaren, Bilanzen etc.)
  - § 239 Abs. 1 HGB (Führung der Handelsbücher)
- **Abgabenordnung (AO):**
  - § 147 AO (Aufbewahrung von Unterlagen)

Als Auftragsverarbeiter handeln wir ausschließlich auf Weisung unserer Auftraggeber und im Rahmen der mit diesen geschlossenen Auftragsverarbeitungsverträge (AVV) gemäß Art. 28 DSGVO.

---

## 3. Kategorien personenbezogener Daten und Datenquellen

### Verarbeitete Datenkategorien
Wir verarbeiten folgende Kategorien personenbezogener Daten:

**Personenbezogene Grunddaten:**
- Nachname
- Vorname
- Anschrift
- Telefonnummer
- E-Mail-Adresse

**Finanzdaten:**
- Bankverbindung
- Rechnungsinformationen

**Vertrags- und Rechtsdaten:**
- Vertragsdaten

**Verhaltens- und Nutzungsdaten:**
- Nutzungsverhalten
- Metadaten

**Dokumentations- und Aufzeichnungsdaten:**
- Bildmaterial
- Rechnungsdaten
- Angebote
- Bestelldaten
- Lieferadresse
- Eingangsrechnungen
- Ausgangsrechnungen

**Sonstige Daten:**
- Lieferbedingungen
- Benutzername
- Datenvolumen

### Datenquellen
Die personenbezogenen Daten werden direkt von unseren Auftraggebern oder von den betroffenen Personen selbst erhoben. Es werden keine Daten aus externen Quellen wie Cloud-Diensten, E-Mail-Providern oder anderen Drittanbietern verarbeitet.

---

## 4. Betroffene Personen und Empfänger

### Kategorien betroffener Personen
Die Verarbeitung betrifft folgende Kategorien betroffener Personen:
- Keine spezifischen Kategorien betroffener Personen angegeben.

### Empfängerkategorien
Die personenbezogenen Daten werden ausschließlich im Rahmen der Auftragsverarbeitung und auf Weisung unserer Auftraggeber verarbeitet. Eine Weitergabe an Dritte erfolgt nur, sofern dies vertraglich oder gesetzlich vorgesehen ist.

**Interne Empfänger:**
- Keine spezifischen internen Empfängerkategorien angegeben.

**Externe Empfänger (innerhalb der EU/des EWR):**
- Keine spezifischen externen Empfängerkategorien angegeben.

**Drittlandtransfers:**
Drittlandtransfers (z. B. durch Nutzung von Cloud-Diensten) werden nur auf Basis von Standardvertragsklauseln (SCC) oder anderen geeigneten Garantien gemäß Art. 46 DSGVO durchgeführt.

---

## 5. Löschfristen und Datenvernichtung

### Aufbewahrungsfristen
Die Löschung personenbezogener Daten erfolgt nach folgenden Fristen:
- **10 Jahre nach Vertragsende:**
  Für steuer- und handelsrechtliche Zwecke (z. B. gemäß § 147 AO, § 257 HGB).
- **3–5 Jahre bei Inaktivität:**
  Daten werden nach Ablauf dieser Frist gelöscht, sofern keine gesetzlichen Aufbewahrungspflichten entgegenstehen.
- **Unverzügliche Löschung:**
  Bei Widerruf einer Einwilligung, sofern keine anderen Rechtsgrundlagen für die weitere Speicherung bestehen.

### Ausnahmen von Löschfristen
In Einzelfällen können Daten über die regulären Löschfristen hinaus aufbewahrt werden, sofern dies zur Erfüllung gesetzlicher Pflichten oder zur Geltendmachung, Ausübung oder Verteidigung von Rechtsansprüchen erforderlich ist.

### Verfahren zur Datenlöschung
Die Löschung erfolgt automatisiert oder manuell, sobald die gesetzlichen oder vertraglichen Aufbewahrungsfristen abgelaufen sind. Sämtliche Löschvorgänge werden dokumentiert.

---

## 6. Technische und organisatorische Maßnahmen (TOM)

Zur Gewährleistung der Sicherheit der Verarbeitung gemäß Art. 32 DSGVO haben wir folgende technische und organisatorische Maßnahmen implementiert:

### Zugriffskontrollen
- **Rollen- und Berechtigungskonzept:**
  Streng rollenbasierter Zugriff auf personenbezogene Daten, der sich an der Funktion und Notwendigkeit der Mitarbeiter orientiert.
- **Zwei-Faktor-Authentifizierung (2FA):**
  Verpflichtend für alle Systeme mit Zugriff auf Kundendaten.

### Verschlüsselung
- **Daten bei der Speicherung:**
  Verschlüsselung mit AES-256 (z. B. für Festplatten und Datenbanken).
- **Daten bei der Übertragung:**
  Nutzung von TLS 1.2 oder höher für alle Datenübertragungen.

### Datensicherung
- **Automatisierte Backups:**
  Tägliche inkrementelle und wöchentliche vollständige Backups, die extern gesichert werden.
- **Verschlüsselung der Backups:**
  Alle Backups werden verschlüsselt gespeichert.

### Protokollierung und Überwachung
- **Zugriffs- und Änderungsprotokolle:**
  Alle Zugriffe und Änderungen an personenbezogenen Daten werden dokumentiert.
- **Automatisierte Meldungen:**
  Ungewöhnliche Aktivitäten werden automatisch an die zuständigen Stellen gemeldet.

### Physische Sicherheit
- **Zutrittskontrollen:**
  Nutzung von Schlüsselkarten, Alarmanlagen und Videoüberwachung für Serverräume und Arbeitsplätze.

### Schulungen und Richtlinien
- **Regelmäßige Schulungen:**
  Mitarbeiter werden regelmäßig zu Datenschutz, IT-Sicherheit und Kundenverwaltung geschult.
- **Verbindliche Sicherheitsrichtlinien:**
  Interne Richtlinien zu Passwortmanagement, Meldepflichten bei Sicherheitsvorfällen und anderen relevanten Themen.

### Auftragsverarbeitung
- **Auftragsverarbeitungsverträge (AVV):**
  Alle Subunternehmer und Dienstleister unterzeichnen AVVs gemäß Art. 28 DSGVO.
- **Individuelle AVVs mit Auftraggebern:**
  Mit jedem Auftraggeber wird ein spezifischer AVV abgeschlossen, der Löschfristen, Zugriffsbeschränkungen und Meldepflichten bei Datenpannen regelt.

### Notfallmanagement
- **Incident-Response-Plan:**
  Ein detaillierter Plan für den Umgang mit Datenpannen oder Systemausfällen, einschließlich Meldewegen und Wiederherstellungsprozessen.

---

## 7. Besondere Hinweise

### Auftragsverarbeitung gemäß Art. 28 DSGVO
Als Auftragsverarbeiter handeln wir ausschließlich auf Weisung unserer Auftraggeber. Die Verarbeitung erfolgt stets im Rahmen der mit den Auftraggebern geschlossenen AVVs, die spezifische Vorgaben zu Löschfristen, Zugriffsbeschränkungen und Meldepflichten enthalten.

### Datenübertragung in Drittländer
Drittlandtransfers erfolgen nur auf Basis von Standardvertragsklauseln (SCC) oder anderen geeigneten Garantien gemäß Art. 46 DSGVO. Die Einhaltung dieser Vorgaben wird regelmäßig überprüft.

### Verknüpfung mit anderen Prozessen
Die Kundenverwaltung ist mit der Rechnungsstellung und Auftragsabwicklung verknüpft. Daten werden ausschließlich über gesicherte Schnittstellen übertragen, um die Integrität und Vertraulichkeit zu gewährleisten.

---
**Stand:** [Datum der letzten Aktualisierung]
**Verantwortlich:** Dr. Hans Weber (Datenschutzbeauftragter)

---
User ID: aal1412
Mode: chat
Time elapsed: 1539 seconds
Date: 2026-02-03T17:40:50.097Z
```"
"85","CTL2527","form","```markdown
# Mitarbeiterverwaltung
**Verzeichnis von Verarbeitungstätigkeiten gemäß Artikel 30 DSGVO**

---

## 1. Verantwortlicher und Datenschutzbeauftragter

**Name des Verantwortlichen:**
APOR GmbH

**Rolle:**
Verantwortlicher (Data Controller) und Datenschutzbeauftragter (DSB)

**Kontaktdaten:**
- **Anschrift:** Mainstraße 67, 89073 Ulm, Deutschland
- **E-Mail:** mail@por.eu
- **Telefon:** 012345678
- **Vertreter:** A.I. (ai@apor.eu)
- **Datenschutzbeauftragter:** A.I. (ai@apor.eu)

---

## 2. Zwecke und Rechtsgrundlagen der Verarbeitung

### 2.1 Zwecke der Verarbeitung
Wir verarbeiten personenbezogene Daten im Rahmen der Mitarbeiterverwaltung zu folgenden Zwecken:
- Erfüllung arbeitsvertraglicher Pflichten gemäß § 611a BGB.
- Personalverwaltung, einschließlich Stammdatenpflege, Arbeitszeitmanagement und Urlaubsverwaltung.
- Gehaltsabrechnung und Sozialversicherungsmeldungen.
- Einhaltung gesetzlicher Aufbewahrungs- und Dokumentationspflichten nach HGB, AO und BDSG.
- Verwaltung von Parkplatzberechtigungen für den Firmenparkplatz mit Schranke zur Sicherstellung der betrieblichen Infrastruktur.

### 2.2 Rechtsgrundlagen der Verarbeitung
Die Verarbeitung erfolgt auf Basis folgender Rechtsgrundlagen:
- **Art. 6 Abs. 1 lit. b DSGVO:** Erfüllung des Arbeitsvertrags.
- **Art. 6 Abs. 1 lit. c DSGVO:** Erfüllung rechtlicher Verpflichtungen (z. B. § 257 HGB, § 147 AO).
- **§ 26 BDSG:** Datenverarbeitung für Zwecke des Beschäftigungsverhältnisses, einschließlich Parkplatzverwaltung.
- **§ 257 HGB:** Aufbewahrung von Handelsbüchern und Unterlagen.
- **§ 239 Abs. 1 HGB:** Führung und Aufbewahrung von Büchern.
- **§ 147 AO:** Aufbewahrung steuerrelevanter Unterlagen.

---

## 3. Kategorien personenbezogener Daten und Datenquellen

### 3.1 Kategorien personenbezogener Daten
Wir verarbeiten folgende Kategorien personenbezogener Daten:

**Personenbezogene Daten:**
- Nachname
- Vorname
- Geburtsdatum
- Geburtsort
- Geschlecht
- Staatsangehörigkeit
- Anschrift
- Telefonnummer
- E-Mail-Adresse
- Familienstand

**Beschäftigungsdaten:**
- Arbeitszeiten
- Berufliche Position
- Personalnummer
- Unternehmenszugehörigkeit
- Urlaubsanspruch
- Urlaubstage
- Urlaubszeiten

**Finanzdaten:**
- Gehalt/Lohn
- Bankverbindung
- Steueridentifikationsnummer
- Steuerklasse
- Monatliche Gehälter
- Monatliche Löhne

**Gesundheitsdaten:**
- Krankenversicherungsnummer
- Sozialversicherungsnummer
- Krankheitstage
- Versicherungsstatus

**Rechtliche Daten:**
- Vertragsdaten
- Ausweisdokumente

**Dokumentations- und Belegdaten:**
- Individuelle Dokumentation
- Belege
- Abrechnungsdaten

**Fahrzeugdaten:**
- Kennzeichen
- Parkplatzberechtigungsdaten für den Firmenparkplatz mit Schranke

### 3.2 Datenquellen
Die personenbezogenen Daten stammen aus folgenden Quellen:
- Microsoft Office 365 (intern gehostet)
- E-Mail-Anbieter
- Finanzdienstleister
- Web- und Intranet-Systeme
- HR-Software
- Unternehmenssysteme
- Dokumentenverarbeitungssysteme
- Interne HR-Systeme
- Parkplatzverwaltungssystem (Firmenparkplatz mit Schranke)

---

## 4. Betroffene Personen und Empfänger

### 4.1 Kategorien betroffener Personen
Die Verarbeitung betrifft folgende Personengruppen:
- Interne Mitarbeitergruppen

### 4.2 Interne Empfänger
Daten werden an folgende interne Empfängerkategorien übermittelt:
- Geschäftsführung
- Verwaltung
- Technische Abteilungen
- Finanzabteilung
- Rechts- und Compliance-Abteilung
- Personalabteilung

### 4.3 Externe Empfänger in der EU
Daten werden an folgende externe Empfängerkategorien übermittelt:
- Behörden (z. B. Finanzamt, Sozialversicherungsträger)
- Krankenkassen und Versicherungsträger
- Finanzinstitute

### 4.4 Berechtigte Personen
Folgende Rollen haben Zugriff auf die Daten:
- Managementrollen
- Administrative Rollen
- Finanzrollen
- Rechts- und Compliance-Rollen
- HR- und Rekrutierungsrollen

---

## 5. Speicherfristen und Löschung

### 5.1 Speicherfristen
Die personenbezogenen Daten werden wie folgt aufbewahrt:
- **10 Jahre nach Beendigung des Beschäftigungsverhältnisses** für steuerrelevante Daten (z. B. Gehaltsabrechnungen, Sozialversicherungsmeldungen gemäß § 147 AO, § 257 HGB).
- **6 Jahre** für sonstige Unterlagen (z. B. Arbeitsverträge, Urlaubsnachweise gemäß § 257 Abs. 4 HGB).
- **3 Monate nach Beendigung des Beschäftigungsverhältnisses** für Parkplatzberechtigungsdaten, sofern keine längeren gesetzlichen Aufbewahrungspflichten bestehen.

### 5.2 Ausnahmen von der Löschung
Daten können über die regulären Speicherfristen hinaus aufbewahrt werden, sofern dies zur Erfüllung gesetzlicher Pflichten oder zur Geltendmachung, Ausübung oder Verteidigung von Rechtsansprüchen erforderlich ist.

---

## 6. Technische und organisatorische Maßnahmen (TOM)

Wir haben folgende technische und organisatorische Maßnahmen implementiert, um die Sicherheit und den Schutz personenbezogener Daten zu gewährleisten:

### 6.1 Zugangskontrolle
- Rollenbasierte Zugriffskontrolle (RBAC) mit minimalen Rechten.
- Mehrfaktorauthentifizierung (MFA) für HR-Systeme.
- Regelmäßige Überprüfung und Anpassung von Zugriffsberechtigungen.

### 6.2 Verschlüsselung
- AES-256-Verschlüsselung für ruhende Daten.
- TLS 1.3 für Datenübertragungen.
- Ende-zu-Ende-Verschlüsselung für Gehaltsdaten.

### 6.3 Protokollierung
- Automatisierte Protokollierung aller Zugriffe auf sensible Daten (z. B. Gehaltsabrechnungen).
- Integration in ein Security Information and Event Management (SIEM)-System.

### 6.4 Physische Sicherheit
- Biometrische Zutrittskontrolle zu Serverräumen.
- Videoüberwachung der Serverräume.

### 6.5 Datenminimierung
- Automatisierte Löschung nach Ablauf der Speicherfristen.
- Anonymisierung von Testdaten.

### 6.6 Notfallmanagement
- Georedundante Backups.
- Jährliche Notfallübungen mit einer Wiederherstellungszeit (RTO) von weniger als 4 Stunden.

### 6.7 Schulungen
- Jährliche DSGVO-Schulungen für HR-Mitarbeiter.
- Regelmäßige Phishing-Tests.

### 6.8 Drittanbieter
- Abschluss von Auftragsverarbeitungsverträgen (AV-Verträgen) mit Auftragsverarbeitern.
- Regelmäßige Sicherheitsaudits bei Drittanbietern.

### 6.9 Trennung von Daten
- Logische Trennung von HR-, Finanz- und Gesundheitsdaten in isolierten Datenbanken.

### 6.10 Dokumentation
- Vollständiges Verarbeitungsverzeichnis gemäß Art. 30 DSGVO.
- Löschkonzept mit einer Frist von 3 Monaten nach Austritt eines Mitarbeiters.

### 6.11 Verarbeitungsort
- Daten werden ausschließlich intern verarbeitet (Microsoft Office intern gehostet).
- Es werden keine Cloud-Lösungen verwendet.

---

## 7. Ergänzende Informationen

### 7.1 Datenübermittlung an Dritte
Daten werden an folgende externe Empfänger übermittelt:
- **Finanzamt:** Übermittlung steuerrelevanter Daten auf Basis von § 147 AO.
- **Krankenkassen:** Übermittlung von Sozialversicherungsmeldungen auf Basis von § 28a SGB IV.
- **Finanzinstitute:** Übermittlung von Gehaltsdaten zur Abwicklung von Lohnzahlungen.

### 7.2 Betroffenenrechte
Wir haben Verfahren zur Bearbeitung von Betroffenenanfragen gemäß Art. 12–22 DSGVO implementiert, einschließlich:
- Auskunftsersuchen (Art. 15 DSGVO).
- Berichtigungsanfragen (Art. 16 DSGVO).
- Löschanfragen (Art. 17 DSGVO).
- Einschränkungsanfragen (Art. 18 DSGVO).

### 7.3 Meldung von Datenpannen
Im Falle einer Datenpanne erfolgt eine Meldung an die zuständige Aufsichtsbehörde innerhalb von 72 Stunden gemäß Art. 33 DSGVO. Betroffene werden gemäß Art. 34 DSGVO informiert, sofern ein hohes Risiko für ihre Rechte und Freiheiten besteht.

### 7.4 Parkplatzverwaltung
Die Erfassung von Kennzeichen im Rahmen der Parkplatzverwaltung erfolgt nicht als biometrisches Datum gemäß Art. 9 DSGVO. Die Rechtsgrundlage für die Verarbeitung dieser Daten ist § 26 BDSG (Datenverarbeitung für Zwecke des Beschäftigungsverhältnisses).

### 7.5 Risikobewertungen
Falls besondere Kategorien personenbezogener Daten (z. B. Gesundheitsdaten) verarbeitet werden, führen wir eine Datenschutz-Folgenabschätzung (DSFA) gemäß Art. 35 DSGVO durch.

### 7.6 Internationale Datenflüsse
Da wir ausschließlich intern gehostete Systeme verwenden und keine Cloud-Lösungen einsetzen, erfolgen keine Datenübermittlungen außerhalb der EU. Sollten zukünftig internationale Datenflüsse erforderlich sein, werden geeignete Garantien (z. B. Standardvertragsklauseln) implementiert.

---
User ID: CTL2527
Mode: form
Time elapsed: 1620 seconds
Date: 2026-02-04T13:59:40.112Z
```"
"86","CTL2527","ask","```markdown
# Mitarbeiterverwaltung und Parkplatzberechtigung
**Verzeichnis von Verarbeitungstätigkeiten (VVT) gemäß Art. 30 DSGVO**

---

## 1. Verantwortlicher und Kontaktdaten

Wir, die **APOR GmbH**, sind als Verantwortlicher für die Verarbeitung personenbezogener Daten im Rahmen der Mitarbeiterverwaltung und Parkplatzberechtigung tätig. Unsere Kontaktdaten sowie die des Datenschutzbeauftragten lauten wie folgt:

- **Name des Verantwortlichen:** APOR GmbH
- **Anschrift:** Mainstraße 67, 89073 Ulm, Deutschland
- **E-Mail:** mail@apor.eu
- **Telefon:** 012345678
- **Vertreter:** A.I. (ai@apor.eu)
- **Datenschutzbeauftragter:** A.I. (ai@apor.eu)

---

## 2. Zwecke und Rechtsgrundlagen der Verarbeitung

### 2.1 Verarbeitungszwecke
Wir verarbeiten personenbezogene Daten unserer Mitarbeiter und weiterer betroffener Personen zu folgenden Zwecken:

- **Ein- und Austritt von Mitarbeitern:**
  Anlegen und Verwaltung von Personalakten, Vertragsmanagement sowie Dokumentation von Einstellungs- und Austrittsprozessen.
- **Dokumentation von Arbeitszeiten:**
  Zeiterfassung für Lohnabrechnung, Compliance mit arbeitsrechtlichen Vorgaben sowie Nachweispflichten.
- **Verwaltung von Urlaub und Abwesenheit:**
  Planung, Genehmigung und Dokumentation von Urlaubsansprüchen sowie gesetzlichen Abwesenheitsnachweisen.
- **Parkplatznutzung:**
  Zuweisung, Zugangskontrolle und Kapazitätsmanagement von Parkplätzen, einschließlich der Verwaltung von Fahrzeugdaten und Zugriffsprotokollen.

### 2.2 Rechtsgrundlagen der Verarbeitung
Die Verarbeitung personenbezogener Daten erfolgt auf Basis folgender Rechtsgrundlagen:

- **Vertragserfüllung (Art. 6 Abs. 1 lit. b DSGVO):**
  Die Verarbeitung ist erforderlich, um unsere vertraglichen Pflichten aus dem Arbeitsverhältnis zu erfüllen. Dies umfasst:
  - Gehaltsabrechnung und Lohnzahlungen,
  - Arbeitszeitdokumentation,
  - Urlaubsplanung und -verwaltung,
  - Vertragsmanagement (z. B. Arbeitsverträge, Kündigungen).

- **Erfüllung gesetzlicher Pflichten (Art. 6 Abs. 1 lit. c DSGVO):**
  Die Verarbeitung ist notwendig, um gesetzlichen Aufbewahrungs- und Dokumentationspflichten nachzukommen. Hierzu zählen:
  - **Handelsgesetzbuch (HGB) § 257:** Aufbewahrung von Lohnunterlagen für 6–10 Jahre,
  - **Abgabenordnung (AO) § 147:** Steuerrechtliche Aufbewahrungspflichten,
  - **Bundesdatenschutzgesetz (BDSG) § 26:** Datenverarbeitung für Beschäftigungszwecke.

- **Berechtigtes Interesse (Art. 6 Abs. 1 lit. f DSGVO):**
  Die Verarbeitung erfolgt zur Wahrung unserer berechtigten Interessen, sofern diese die Interessen oder Grundrechte der betroffenen Personen nicht überwiegen. Dies betrifft insbesondere:
  - **Parkplatzverwaltung:** Sicherheit, Kapazitätsmanagement und Zugangskontrolle,
  - **Zugangskontrollen:** Schutz sensibler Daten und Serverräume.
  Vor der Verarbeitung führen wir eine Interessenabwägung durch, um sicherzustellen, dass unsere Interessen die Rechte der Mitarbeiter nicht unangemessen beeinträchtigen.

- **Einwilligung (Art. 6 Abs. 1 lit. a DSGVO):**
  In seltenen Fällen verarbeiten wir Daten auf Basis einer freiwilligen und widerruflichen Einwilligung der betroffenen Personen. Dies kann beispielsweise freiwillige Angaben wie Parkplatzpräferenzen betreffen, sofern diese nicht bereits vertraglich geregelt sind.
  **Hinweis:** Im Arbeitsverhältnis ist die Freiwilligkeit von Einwilligungen oft eingeschränkt, weshalb wir diese Rechtsgrundlage nur in Ausnahmefällen nutzen.

---

## 3. Kategorien personenbezogener Daten und Datenquellen

### 3.1 Verarbeitete Datenkategorien
Wir verarbeiten folgende Kategorien personenbezogener Daten:

#### **Persönliche Identifikationsdaten:**
- Nachname, Vorname,
- Geburtsdatum, Geburtsort,
- Geschlecht, Nationalität,
- Privatadresse, Telefonnummer, E-Mail-Adresse,
- Familienstand (sofern für Steuerklasse relevant).

#### **Beschäftigungsdaten:**
- Arbeitszeiten (z. B. aus Zeiterfassungssystemen),
- Berufliche Position, Personalnummer,
- Urlaubsanspruch, genehmigte Urlaubstage,
- Vertragsdaten (z. B. Arbeitsverträge, Befristungen, Kündigungen).

#### **Finanzdaten:**
- Gehalt/Lohn, Bankverbindung,
- Steueridentifikationsnummer, Steuerklasse,
- Sozialversicherungsnummer (für Krankenkassenmeldungen).

#### **Fahrzeugdaten (Parkplatzverwaltung):**
- Kennzeichen der Mitarbeiterfahrzeuge,
- Führerscheinkopie (sofern für Parkplatzzuweisung erforderlich).

#### **Gesundheitsdaten:**
- Krankheitstage (für Lohnfortzahlung),
- Gesundheitsdaten nur, sofern explizit erforderlich (z. B. für Arbeitsunfähigkeitsbescheinigungen).

#### **Vertrags- und Rechtsdaten:**
- Arbeitsverträge, Kündigungen,
- Ausweiskopien (z. B. Personalausweis für Personalakte).

#### **Sonstige Daten:**
- Qualifikationen (z. B. für Parkplatzberechtigungen bei E-Autos),
- Nutzungsdaten der Parkplatzschranke (z. B. Zugriffsprotokolle).

### 3.2 Datenquellen
Die personenbezogenen Daten stammen aus folgenden Quellen:

- **Microsoft Office 365:**
  Nutzung für Personalakten, Verträge, Urlaubsplanung sowie allgemeine Dokumentenverwaltung (z. B. Word, Excel).
- **HR-Software:**
  Einsatz von Tools wie SAP SuccessFactors oder Personio (auch selbst gehostet) für Personalverwaltung und -dokumentation.
- **E-Mail-Provider:**
  Kommunikation mit Mitarbeitern über Outlook (z. B. für Vertragsunterlagen oder Absprachen).
- **Dokumentenverarbeitung:**
  Scanner für eingereichte Unterlagen (z. B. Führerscheinkopien, Arbeitsverträge).
- **Enterprise-Systeme:**
  Selbst gehostete Zeiterfassungstools oder Facility-Management-Software für Parkplatzverwaltung.
- **Sicherheits- und Compliance-Systeme:**
  Protokollierungstools für Zugriffe auf Personalakten sowie Software zur Parkplatzberechtigung (z. B. Schrankensysteme mit Kennzeichenerkennung).

---

## 4. Betroffene Personen und Empfänger der Daten

### 4.1 Betroffene Personen
Wir verarbeiten Daten folgender Personengruppen:

- Aktuelle Mitarbeiter (Vollzeit, Teilzeit, Minijobber),
- Ehemalige Mitarbeiter (für gesetzliche Aufbewahrungspflichten),
- Bewerber (sofern Daten nach Einstellung weiter genutzt werden),
- Externe Dienstleister mit Parkplatzzugang (z. B. Reinigungskräfte, Lieferanten).

### 4.2 Interne Empfänger
Die Daten werden folgenden internen Abteilungen und Rollen zugänglich gemacht:

- **HR-Abteilung:**
  Verwaltung von Personalakten, Verträgen, Urlaubsplanung und Ein-/Austrittsprozessen.
- **Facility Management:**
  Parkplatzzuweisung, Verwaltung von Fahrzeugdaten und Zugriffsprotokollen.
- **IT-Administration:**
  Verwaltung von Zugriffsrechten, Serverwartung und Datensicherheit.
- **Geschäftsführung:**
  Strategische Entscheidungen sowie Überwachung der Compliance.
- **Lohnbuchhaltung:**
  Verarbeitung von Gehaltsdaten, Steuerinformationen und Sozialversicherungsmeldungen.

### 4.3 Externe Empfänger
Daten werden in folgenden Fällen an externe Stellen übermittelt:

- **Steuerberater:**
  Übermittlung von Lohnabrechnungsdaten zur Erfüllung steuerlicher Pflichten.
- **Krankenkassen:**
  Meldung von Sozialversicherungsdaten.
- **Finanzamt:**
  Übermittlung von Lohnsteuerdaten.
- **Parkplatz-Systemanbieter:**
  Sofern die Parkplatzverwaltung extern gehostet wird (z. B. für Schrankensysteme).

### 4.4 Berechtigte Personen (konkrete Rollen)
Folgende Rollen haben Zugriff auf die verarbeiteten Daten:

- **HR-Sachbearbeiter:**
  Verwaltung von Personalakten und Vertragsdokumenten.
- **Facility-Manager:**
  Verwaltung der Parkplatzzuweisung und Fahrzeugdaten.
- **IT-Sicherheitsbeauftragter:**
  Überwachung von Zugriffsprotokollen und Datensicherheit.
- **Datenschutzbeauftragter:**
  Kontrolle der datenschutzrechtlichen Compliance.

---

## 5. Speicherfristen und Löschkonzept

### 5.1 Gesetzliche Aufbewahrungspflichten
Wir halten uns an folgende gesetzliche Speicherfristen:

- **Lohnunterlagen, Gehaltsabrechnungen, Sozialversicherungsdaten:**
  6–10 Jahre gemäß **HGB § 257** und **AO § 147** (für Steuer- und Sozialversicherungsprüfungen).
- **Arbeitsverträge, Kündigungen, Personalakten:**
  3 Jahre nach Austritt des Mitarbeiters gemäß **BDSG § 26** (für mögliche Kündigungsschutzklagen).
- **Zeiterfassungsdaten (Arbeitszeiten):**
  2 Jahre gemäß **Mindestlohngesetz** (Nachweispflicht für Lohnabrechnung).

### 5.2 Eigene Speicherfristen
Für Daten, die keiner gesetzlichen Aufbewahrungspflicht unterliegen, gelten folgende Fristen:

- **Parkplatzdaten (Kennzeichen, Führerscheinkopien, Zugriffsprotokolle):**
  Löschung 3 Monate nach Austritt des Mitarbeiters, sofern keine Sicherheitsvorfälle vorliegen.
- **Urlaubsplanung, Abwesenheitsdaten:**
  Löschung 3 Monate nach Austritt, da diese Daten nicht mehr benötigt werden.
- **Vertragsmanagement (z. B. befristete Verträge):**
  Löschung 3 Monate nach Austritt, sofern keine gesetzliche Pflicht greift.

### 5.3 Ausnahmen
In folgenden Fällen können Daten über die regulären Fristen hinaus gespeichert werden:

- **Steuerrelevante Daten:**
  Gehaltsdaten müssen trotz Austritt des Mitarbeiters bis zum Ablauf der gesetzlichen Fristen (6–10 Jahre) aufbewahrt werden.
- **Sicherheitsprotokolle:**
  Schrankenlogs oder Zugriffsprotokolle können bei Sicherheitsvorfällen länger gespeichert werden, um Ermittlungen zu ermöglichen.

---

## 6. Technische und organisatorische Maßnahmen (TOM)

### 6.1 Technische Maßnahmen
Wir haben folgende technische Maßnahmen implementiert, um die Sicherheit und Vertraulichkeit der verarbeiteten Daten zu gewährleisten:

- **Selbst gehostete Server:**
  Nutzung interner Microsoft-Office-Systeme mit klaren Zugriffsregeln nach Rollen (z. B. HR-Zugriff auf Personalakten, Facility Management nur auf Parkplatzdaten).
- **Mehrfaktor-Authentifizierung (MFA):**
  Einsatz von MFA für den Zugriff auf sensible Daten wie Gehaltsinformationen oder Vertragsdokumente.
- **Regelmäßige Backups:**
  Wöchentliche Sicherungen der Daten auf externen Speichermedien, um Datenverlust zu vermeiden.
- **Zutrittskontrollen:**
  Physische Sicherung des Serverraums und Archivs durch Schlüsselkarten oder biometrische Systeme.

### 6.2 Organisatorische Maßnahmen
Folgende organisatorische Maßnahmen ergänzen unsere technischen Sicherheitsvorkehrungen:

- **Vertraulichkeitsverpflichtung:**
  Alle berechtigten Mitarbeiter unterzeichnen bei Einstellung eine Vertraulichkeitsvereinbarung.
- **Schulungen zur Datensicherheit:**
  Jährliche Auffrischungsschulungen für HR- und IT-Mitarbeiter zu Datenschutz und -sicherheit.
- **Protokollierung von Datenzugriffen:**
  Dokumentation, wer wann auf welche Personalakte oder andere sensible Daten zugegriffen hat.
- **Rollenbasierte Zugriffskontrolle:**
  Zugriff auf Daten nur für autorisierte Personen gemäß ihrer Funktion (z. B. HR nur auf Personalakten, Facility Management nur auf Parkplatzdaten).

---
**Ende des Verzeichnisses von Verarbeitungstätigkeiten**

---
User ID: CTL2527
Mode: ask
Time elapsed: 1438 seconds
Date: 2026-02-04T14:31:22.174Z
```"
"87","CTL2527","chat","```markdown
# Mitarbeiterverwaltung und Parkplatzberechtigung
**Verzeichnis von Verarbeitungstätigkeiten (VVT) gemäß Artikel 30 DSGVO**

---

## 1. Verantwortlicher und Datenschutzbeauftragter

**Name des Verantwortlichen:**
APOR GmbH

**Kontaktdaten:**
- **Adresse:** Mainstraße 67, 89073 Ulm, Deutschland
- **E-Mail:** ai@apor.eu
- **Telefon:** 012345678

**Vertreter des Verantwortlichen:**
A.I. (ai@apor.eu)

**Datenschutzbeauftragter (DSB):**
A.I. (ai@apor.eu)

---

## 2. Zwecke und Rechtsgrundlagen der Verarbeitung

### 2.1 Zwecke der Verarbeitung
Wir verarbeiten personenbezogene Daten zur ganzheitlichen Mitarbeiterverwaltung von Eintritt bis Austritt, einschließlich der Erfüllung administrativer und rechtlicher Pflichten als Arbeitgeber. Die Verarbeitung umfasst folgende Tätigkeiten:

- Anlegen und Pflege von Mitarbeiterstammdaten (z. B. Kontaktdaten, Vertragsinformationen, Steuer- und Sozialversicherungsdaten)
- Dokumentation von Arbeitszeiten (z. B. Zeiterfassung, Überstunden, Pausenregelungen)
- Verwaltung von Urlaubs- und Abwesenheitszeiten (z. B. Genehmigungsworkflows, Resturlaubsberechnung, Krankheitstage)
- Zuweisung und Verwaltung von Parkplatzberechtigungen (z. B. Stellplatzvergabe, Zugangskontrollen, Nutzungserfassung)

Ziel ist die Erfüllung gesetzlicher und betrieblicher Anforderungen, die Steigerung der Effizienz interner Prozesse sowie die Wahrung der Rechte unserer Mitarbeitenden.

### 2.2 Rechtsgrundlagen der Verarbeitung
Die Verarbeitung personenbezogener Daten erfolgt auf Basis folgender Rechtsgrundlagen:

*(Hinweis: Gemäß den bereitgestellten Angaben wurden keine spezifischen Rechtsgrundlagen ausgewählt. Die Verarbeitung muss jedoch auf einer gültigen Rechtsgrundlage gemäß Artikel 6 DSGVO oder anderen einschlägigen Vorschriften beruhen. Eine nachträgliche Ergänzung durch den Verantwortlichen ist erforderlich.)*

---

## 3. Kategorien personenbezogener Daten und Datenquellen

### 3.1 Kategorien personenbezogener Daten
Wir verarbeiten folgende Kategorien personenbezogener Daten:

**Personenbezogene Daten:**
- Nachname
- Vorname
- Geburtsdatum
- Geschlecht
- Staatsangehörigkeit
- Anschrift
- Telefonnummer
- E-Mail-Adresse
- Familienstand
- Religionszugehörigkeit

**Beschäftigungsdaten:**
- Arbeitszeiten
- Berufliche Position
- Personalnummer
- Unternehmenszugehörigkeit
- Urlaubsanspruch
- Urlaubstage
- Urlaubszeiten

**Finanzdaten:**
- Gehalt/Lohn
- Bankverbindung
- Steueridentifikationsnummer
- Steuerklasse
- Monatliche Gehälter
- Rechnungsinformationen

**Rechtliche Daten:**
- Vertragsdaten
- Ausweisdokumente
- Schufa-Auskunft

**Dokumentations- und Aufzeichnungsdaten:**
- Individuelle Dokumentation
- Bildmaterial
- Abrechnungsdaten

**Fahrzeugdaten:**
- Kennzeichen
- Führerscheindaten

**Sonstige Daten:**
- Fachkenntnisse
- Fähigkeiten
- Benutzername
- Datenvolumen

### 3.2 Datenquellen
Die personenbezogenen Daten stammen aus folgenden Quellen:
- Microsoft Office 365
- Web- und Intranet-Systeme
- HR-Software
- Unternehmenssysteme (Enterprise Systems)
- Sicherheits- und Compliance-Systeme
- Dokumentenverarbeitungssysteme

---

## 4. Betroffene Personen und Empfänger

### 4.1 Kategorien betroffener Personen
Die Verarbeitung betrifft folgende Personengruppen:
*(Keine spezifischen Kategorien angegeben.)*

### 4.2 Empfänger der Daten
**Interne Empfänger:**
*(Keine spezifischen internen Empfängerkategorien angegeben.)*

**Externe Empfänger in der EU:**
*(Keine spezifischen externen Empfängerkategorien angegeben.)*

**Berechtigte Personen:**
*(Keine spezifischen Rollen oder Berechtigungen angegeben.)*

---

## 5. Speicherfristen und Löschung

### 5.1 Speicherfristen
Die personenbezogenen Daten werden wie folgt gespeichert:
- **3 Monate nach Austritt** für die meisten Daten
- **6 Jahre** für Lohnunterlagen und Gehaltsabrechnungen
- **10 Jahre** für Sozialversicherungsmeldungen und Buchungsbelege

### 5.2 Ausnahmen von Löschfristen
Es gelten Ausnahmen für Daten, die über die regulären Speicherfristen hinaus aufbewahrt werden müssen, sofern gesetzliche Aufbewahrungspflichten dies erfordern.

---

## 6. Technische und organisatorische Maßnahmen (TOM)

Wir haben folgende technische und organisatorische Maßnahmen implementiert, um die Sicherheit und den Schutz personenbezogener Daten zu gewährleisten:

1. **Zugriffskontrolle:**
   - Rollenbasierte Zugriffsrechte nach dem Need-to-know-Prinzip
   - Mehrfaktorauthentifizierung (MFA) für sensible Daten
   - Automatische Kontosperrung bei Inaktivität

2. **Datenverschlüsselung:**
   - Verschlüsselung gespeicherter Daten (z. B. BitLocker)
   - Verschlüsselung von E-Mails mit sensiblen Inhalten

3. **Netzwerksicherheit:**
   - Einsatz von Firewalls und Intrusion-Detection-Systemen
   - Netzwerksegmentierung

4. **Backup und Wiederherstellung:**
   - Tägliche automatische Backups mit Versionierung
   - Regelmäßige Tests der Datenwiederherstellung

5. **Protokollierung:**
   - Automatische Protokollierung aller Zugriffe auf Mitarbeiterdaten

6. **Zutrittskontrolle:**
   - Physische Zugangskontrolle zu Serverräumen und Archiven (z. B. Schlüsselkarten, Biometrie)

7. **Schulungen:**
   - Regelmäßige Datenschutzschulungen für Mitarbeitende
   - Vertraulichkeitsverpflichtungen

8. **Dokumentation:**
   - Klare Richtlinien für die Datenverarbeitung
   - Regelmäßige Überprüfung der TOM

9. **Notfallmanagement:**
   - Notfallplan für Sicherheitsvorfälle

10. **Parkplatzverwaltung:**
    - Separate Zugriffskontrolle für Parkplatzberechtigungen
    - Automatische Löschung der Berechtigungen bei Austritt

---
**Ende des Verzeichnisses von Verarbeitungstätigkeiten**

---
User ID: CTL2527
Mode: chat
Time elapsed: 996 seconds
Date: 2026-02-04T14:52:35.587Z
```"
"88","VAG2434","form","```markdown
# Anlage neuer Mitarbeiter
**Verzeichnis von Verarbeitungstätigkeiten gemäß Art. 30 DSGVO**

---

## 1. Verantwortliche Stelle und Kontaktdaten

Als verantwortliche Stelle im Sinne der DSGVO dokumentieren wir unsere Verarbeitungstätigkeiten wie folgt:

- **Name der verantwortlichen Stelle**: APOR GmbH
- **Anschrift**: Mainstraße 67, 89073 Ulm
- **Kontakt**:
  - E-Mail: mail@apor.eu
  - Telefon: 012345678
- **Vertreter der verantwortlichen Stelle**: A. I., Datenschutzbeauftragter (DPO)
- **Datenschutzbeauftragter (DSB)**:
  - E-Mail: ai@apor.eu

---

## 2. Zwecke und Rechtsgrundlagen der Verarbeitung

Wir verarbeiten personenbezogene Daten im Rahmen der Anlage neuer Mitarbeiter bei der APOR GmbH zu folgenden Zwecken:

- Erfüllung arbeitsvertraglicher Pflichten (z. B. Gehaltsabrechnung, Sozialversicherungsmeldungen)
- Personalverwaltung und -führung
- Einhaltung gesetzlicher Aufbewahrungs- und Dokumentationspflichten gemäß HGB, AO und BDSG
- Interne Zwecke der Personalwirtschaft (z. B. Urlaubsverwaltung, Arbeitszeitmanagement)

Die Verarbeitung erfolgt ausschließlich für diese internen Zwecke und wird nur an berechtigte Stellen (z. B. Finanzbehörden, Sozialversicherungsträger) weitergegeben, soweit dies gesetzlich vorgeschrieben ist.

### Rechtsgrundlagen der Verarbeitung
Die Verarbeitung personenbezogener Daten erfolgt auf folgenden Rechtsgrundlagen:

- **Art. 6 Abs. 1 lit. b DSGVO**: Erfüllung eines Vertrags (Arbeitsvertrag) i. V. m. § 26 BDSG
- **Art. 6 Abs. 1 lit. c DSGVO**: Erfüllung einer rechtlichen Verpflichtung (z. B. Aufbewahrungspflichten)
- **§ 26 BDSG**: Datenverarbeitung für Zwecke des Beschäftigungsverhältnisses
- **§ 257 HGB**: Aufbewahrung von Handelsbüchern und Unterlagen
- **§ 239 Abs. 1 HGB**: Führung und Aufbewahrung von Büchern
- **§ 147 AO**: Aufbewahrung von Unterlagen für steuerliche Zwecke

---

## 3. Kategorien personenbezogener Daten und Datenquellen

### Verarbeitete Datenkategorien
Wir verarbeiten folgende Kategorien personenbezogener Daten:

#### Personenbezogene Daten
- Nachname
- Vorname
- Geburtsdatum
- Geburtsort
- Geschlecht
- Staatsangehörigkeit
- Anschrift
- Telefonnummer
- E-Mail-Adresse
- Familienstand

#### Beschäftigungsdaten
- Arbeitszeiten
- Berufliche Position
- Personalnummer
- Unternehmenszugehörigkeit
- Urlaubsanspruch
- Urlaubstage
- Urlaubszeiten

#### Finanzdaten
- Gehalt/Lohn
- Bankverbindung
- Steueridentifikationsnummer
- Steuerklasse
- Monatliche Gehälter
- Monatliche Löhne

#### Gesundheitsdaten
- Krankenversicherungsnummer
- Sozialversicherungsnummer
- Krankheitstage
- Versicherungsstatus

#### Rechtliche Daten
- Vertragsdaten
- Ausweisdokumente (z. B. Personalausweis, Reisepass)

#### Qualifikationsdaten
- Fähigkeiten und Kompetenzen

#### Sonstige Dokumentation
- Individuelle Dokumentation (z. B. Arbeitsverträge, Einstellungsunterlagen)

### Datenquellen
Die personenbezogenen Daten stammen aus folgenden Quellen:
- HR-Software (z. B. Personalverwaltungssysteme)

---

## 4. Betroffene Personen und Empfänger der Daten

### Kategorien betroffener Personen
Die Verarbeitung betrifft folgende Personengruppen:
- Interne Gruppen (Mitarbeiter der APOR GmbH)

### Interne Empfänger
Die Daten werden an folgende interne Stellen weitergegeben:
- Geschäftsführung
- Verwaltung
- Finanzabteilung
- Rechts- und Compliance-Abteilung
- Personalabteilung (HR)

### Externe Empfänger in der EU
Daten werden an folgende externe Stellen innerhalb der EU übermittelt:
- Behörden (z. B. Finanzämter, Sozialversicherungsträger)
- Kranken- und Versicherungsträger

### Berechtigte Personen
Folgende Rollen haben Zugriff auf die personenbezogenen Daten:
- Führungskräfte
- Administrative Rollen (z. B. HR-Mitarbeiter)
- Finanzverantwortliche
- Rechts- und Compliance-Verantwortliche
- Personalverantwortliche (HR und Recruiting)

---

## 5. Speicherfristen und Löschung

### Speicherfristen
Die personenbezogenen Daten werden gemäß den gesetzlichen Aufbewahrungspflichten gespeichert. Konkret gelten folgende Fristen:

- **Gehaltsdaten**: 6 Jahre nach § 147 AO
- **Verträge und arbeitsrechtliche Unterlagen**: 10 Jahre nach § 257 HGB
- **Sonstige Unterlagen**: Löschung nach Beendigung des Beschäftigungsverhältnisses, sofern keine längeren gesetzlichen Aufbewahrungspflichten bestehen

### Löschkonzept
Wir haben ein automatisiertes Löschkonzept implementiert, das die Einhaltung der gesetzlichen Fristen sicherstellt. Vor der Löschung erfolgt eine manuelle Prüfung, ob die Daten weiterhin für rechtliche Zwecke benötigt werden.

---

## 6. Technische und organisatorische Maßnahmen (TOM)

Zur Gewährleistung der Sicherheit und des Schutzes personenbezogener Daten haben wir folgende technische und organisatorische Maßnahmen umgesetzt:

### Zugangskontrolle
- Rollenbasierte Zugriffsrechte (RBAC) für HR-Software
- Verschlüsselte Authentifizierung (Multi-Faktor-Authentifizierung, MFA)
- Protokollierung aller Zugriffe auf personenbezogene Daten

### Weitergabekontrolle
- Verschlüsselung personenbezogener Daten (AES-256) bei Speicherung und Übertragung
- DSGVO-konforme Auftragsverarbeitungsverträge mit externen Dienstleistern (z. B. Lohnbuchhaltungssoftware, Cloud-Speicher)

### Eingabekontrolle
- Automatisierte Protokollierung von Datenänderungen (Audit-Logs)
- Regelmäßige Überprüfung auf Unstimmigkeiten

### Verfügbarkeitskontrolle
- Tägliche Backups (verschlüsselt, offline und georedundant)
- Notfallwiederherstellungsplan

### Trennungskontrolle
- Logische Trennung von HR-Daten (z. B. Gehaltsdaten vs. Kontaktdaten) in separaten Datenbanken

### Schulungen
- Jährliche Datenschutzschulungen für Mitarbeiter mit Zugriff auf Mitarbeiterdaten

### Löschkonzept
- Automatisierte Löschfristen gemäß HGB und AO
- Manuelle Prüfung vor Löschung

### Technische Sicherheit
- Firewalls und Endpoint Detection and Response (EDR)-Lösungen
- Regelmäßige Penetrationstests
- Patch-Management zur Schließung von Sicherheitslücken

### Auftragsverarbeiter
Wir arbeiten mit folgenden Auftragsverarbeitern zusammen, die personenbezogene Daten im Auftrag verarbeiten:
- Lohnbuchhaltungssoftware (z. B. [Name des Dienstleisters], Vertragsreferenz: [XXX])
- Cloud-Speicher (z. B. [Name des Dienstleisters], Vertragsreferenz: [YYY])

### Datenübermittlung in Drittländer
Falls personenbezogene Daten in Drittländer übermittelt werden (z. B. im Rahmen einer internationalen Konzernstruktur), erfolgt dies auf Grundlage von Standardvertragsklauseln (SCC) gemäß Art. 46 DSGVO.

### Betroffenenrechte
Wir haben Verfahren implementiert, um die Ausübung der Betroffenenrechte gemäß Art. 12–22 DSGVO zu gewährleisten, darunter:
- Recht auf Auskunft (Art. 15 DSGVO)
- Recht auf Berichtigung (Art. 16 DSGVO)
- Recht auf Löschung („Recht auf Vergessenwerden“, Art. 17 DSGVO)
- Recht auf Einschränkung der Verarbeitung (Art. 18 DSGVO)
- Recht auf Datenübertragbarkeit (Art. 20 DSGVO)
- Widerspruchsrecht (Art. 21 DSGVO)

### Risikobewertung und Datenschutz-Folgenabschätzung (DSFA)
Aufgrund der Verarbeitung sensibler Daten (z. B. Sozialversicherungsnummern) haben wir eine Risikobewertung durchgeführt. Eine Datenschutz-Folgenabschätzung (DSFA) gemäß Art. 35 DSGVO wurde für diese Verarbeitungstätigkeit erstellt.

### Meldung von Datenpannen
Wir haben ein Verfahren zur Meldung von Datenpannen implementiert. Im Falle einer Verletzung des Schutzes personenbezogener Daten wird die zuständige Aufsichtsbehörde gemäß Art. 33 DSGVO innerhalb von 72 Stunden informiert.

---

**Datum der letzten Aktualisierung**: [Datum einfügen]
**Verantwortlich für die Pflege des Verzeichnisses**: Datenschutzbeauftragter der APOR GmbH

---
User ID: VAG2434
Mode: form
Time elapsed: 339 seconds
Date: 2026-02-06T08:43:44.214Z
```"
"89","VAG2434","chat","```markdown
# Mitarbeiter anlegen
**Verzeichnis von Verarbeitungstätigkeiten (VVT) gemäß Art. 30 DSGVO**

---

## 1. Verantwortliche Stelle und Kontaktdaten

Als verantwortliche Stelle im Sinne der Datenschutz-Grundverordnung (DSGVO) erheben, verarbeiten und speichern wir personenbezogene Daten unserer Mitarbeiter im Rahmen der gesetzlichen Vorgaben. Die folgenden Angaben dienen der Dokumentation unserer Verarbeitungstätigkeiten gemäß Art. 30 DSGVO.

- **Name der verantwortlichen Stelle:**
  APOR GmbH

- **Anschrift:**
  Mainstraße 67, 89073 Ulm

- **Kontaktdaten:**
  - E-Mail: mail@apor.eu
  - Telefon: 01234567

- **Vertreter der verantwortlichen Stelle:**
  A. I., Datenschutzbeauftragter (DPO)

- **Kontaktdaten des Datenschutzbeauftragten:**
  ai@apor.eu

---

## 2. Zwecke und Rechtsgrundlagen der Verarbeitung

### 2.1 Zwecke der Verarbeitung
Wir verarbeiten personenbezogene Daten unserer Mitarbeiter zur Anlage und Verwaltung von Mitarbeiterdaten. Dies umfasst insbesondere:

- Die Erfassung grundlegender Mitarbeiterinformationen zur Erfüllung arbeitsrechtlicher, steuerlicher und sozialversicherungsrechtlicher Pflichten.
- Die Einrichtung und Verwaltung von Zugriffsrechten auf interne Systeme und Ressourcen (Zugangsverwaltung).
- Die Sicherstellung der Compliance mit gesetzlichen und vertraglichen Anforderungen, einschließlich Onboarding und Vertragsmanagement.

### 2.2 Rechtsgrundlagen der Verarbeitung
Die Verarbeitung personenbezogener Daten erfolgt auf Grundlage folgender Rechtsnormen:

- **§ 26 Abs. 1 Bundesdatenschutzgesetz (BDSG):**
  Die Verarbeitung ist für die Begründung, Durchführung oder Beendigung des Beschäftigungsverhältnisses erforderlich.

---

## 3. Kategorien personenbezogener Daten und Datenquellen

### 3.1 Kategorien personenbezogener Daten
Wir verarbeiten folgende Kategorien personenbezogener Daten unserer Mitarbeiter:

#### Personenbezogene Daten
- Nachname
- Vorname
- Geburtsdatum
- Geburtsort
- Geschlecht
- Staatsangehörigkeit
- Anschrift
- Telefonnummer
- E-Mail-Adresse

#### Beschäftigungsdaten
- Arbeitszeiten
- Berufliche Position
- Personalnummer
- Unternehmenszugehörigkeit
- Urlaubsanspruch
- Urlaubstage

#### Finanzdaten
- Gehalt/Lohn
- Bankverbindung
- Steueridentifikationsnummer
- Steuerklasse

#### Gesundheitsdaten
- Krankenversicherungsnummer
- Sozialversicherungsnummer

#### Rechtliche Daten
- Vertragsdaten
- Ausweisdokumente

#### Dokumentation und Aufzeichnungen
- Individuelle Dokumentation
- Bildmaterial

#### Sonstige Daten
- Fachkenntnisse
- Fähigkeiten
- Benutzername

### 3.2 Datenquellen
Die personenbezogenen Daten werden direkt von den betroffenen Mitarbeitern erhoben oder im Rahmen des Beschäftigungsverhältnisses generiert. Externe Datenquellen werden nicht genutzt.

---

## 4. Betroffene Personen und Empfänger der Daten

### 4.1 Kategorien betroffener Personen
Die Verarbeitung betrifft ausschließlich unsere Mitarbeiter.

### 4.2 Empfänger der Daten
Aufgrund der internen Natur der Verarbeitungstätigkeiten werden personenbezogene Daten nicht an externe Empfänger übermittelt. Eine Weitergabe erfolgt nur in den gesetzlich vorgesehenen Fällen, insbesondere an zuständige Behörden im Rahmen unserer gesetzlichen Pflichten.

---

## 5. Speicherdauer und Löschfristen

### 5.1 Speicherdauer
Die personenbezogenen Daten unserer Mitarbeiter werden für die Dauer des Beschäftigungsverhältnisses gespeichert. Darüber hinaus behalten wir uns vor, Daten über die gesetzlichen Aufbewahrungsfristen hinaus zu speichern, sofern dies zur Erfüllung rechtlicher Verpflichtungen oder zur Geltendmachung, Ausübung oder Verteidigung von Rechtsansprüchen erforderlich ist.

### 5.2 Löschfristen
Nach Beendigung des Beschäftigungsverhältnisses werden die Daten gelöscht, sofern keine gesetzlichen Aufbewahrungspflichten entgegenstehen. Ein gesondertes Löschkonzept wird nicht angewendet.

---

## 6. Technische und organisatorische Maßnahmen (TOM)

Zur Gewährleistung der Sicherheit und des Schutzes personenbezogener Daten haben wir folgende technische und organisatorische Maßnahmen implementiert:

1. **Rollenbasierte Zugriffskontrolle (RBAC):**
   Wir gewähren Zugriff auf Mitarbeiterdaten ausschließlich nach dem Need-to-Know-Prinzip. Jeder Mitarbeiter erhält nur die Zugriffsrechte, die für seine spezifische Rolle und Aufgaben notwendig sind (z. B. Personalabteilung nur auf Personalakten, Buchhaltung nur auf Gehaltsdaten).

2. **Regelmäßige Überprüfung der Berechtigungen:**
   Halbjährlich führen wir Reviews durch, um sicherzustellen, dass Zugriffsrechte aktuell und angemessen sind.

3. **Mehrstufige Authentifizierung (MFA):**
   Für den Zugriff auf besonders sensible Daten (z. B. Gehaltsinformationen oder Sozialversicherungsnummern) setzen wir eine zusätzliche Sicherheitsstufe wie Token oder SMS-Code ein.

4. **Protokollierung von Zugriffen:**
   Alle Zugriffe auf Mitarbeiterdaten werden automatisch protokolliert, um unautorisierte Zugriffe nachverfolgen und dokumentieren zu können.

5. **Schulungen für Mitarbeiter:**
   Wir führen regelmäßig Schulungen und Sensibilisierungsmaßnahmen durch, um unsere Mitarbeiter im Umgang mit personenbezogenen Daten und sicheren Zugriffspraktiken zu schulen.

---
**Ende des Verzeichnisses von Verarbeitungstätigkeiten**

---
User ID: VAG2434
Mode: chat
Time elapsed: 371 seconds
Date: 2026-02-06T08:52:47.571Z
```"
"90","VAG2434","ask","```markdown
# Mitarbeiter anlegen
**Verzeichnis von Verarbeitungstätigkeiten gemäß Artikel 30 DSGVO**

---

## 1. Verantwortliche Stelle und Kontaktdaten

Als verantwortliche Stelle im Sinne der Datenschutz-Grundverordnung (DSGVO) dokumentieren wir unsere Verarbeitungstätigkeiten wie folgt:

- **Name der Organisation:** APOR GmbH
- **Rolle:** Verantwortlicher (Art. 4 Nr. 7 DSGVO)
- **Anschrift:** Mainstraße 67, 89073 Ulm
- **E-Mail-Adresse:** mail@apor.eu
- **Telefonnummer:** 01234567
- **Vertreter der verantwortlichen Stelle:** A. I., Datenschutzbeauftragter (DSB)
- **Kontaktdaten des Datenschutzbeauftragten:** ai@apor.eu

---

## 2. Zwecke und Rechtsgrundlagen der Verarbeitung

### 2.1 Verarbeitungszwecke
Wir verarbeiten personenbezogene Daten zum Zweck der **Bereitstellung von Systemzugängen** für Mitarbeiter. Diese Verarbeitung ist erforderlich, um die ordnungsgemäße Nutzung unserer IT-Infrastruktur und die Erfüllung arbeitsvertraglicher Pflichten zu gewährleisten.

### 2.2 Rechtsgrundlage der Verarbeitung
Die Verarbeitung erfolgt auf Grundlage der **„Rechtsgrundlage Datenverarbeitung“** (gemäß interner Richtlinie und arbeitsrechtlichen Bestimmungen). Eine konkrete Benennung der Rechtsnorm erfolgt im Rahmen unserer internen Datenschutzrichtlinien.

---

## 3. Kategorien personenbezogener Daten und Datenquellen

### 3.1 Verarbeitete Datenkategorien
Im Rahmen der Anlage von Mitarbeitern verarbeiten wir folgende Datenkategorien:
*(Hinweis: Gemäß den bereitgestellten Angaben wurden keine spezifischen Datenkategorien als „true“ markiert. Daher werden keine personenbezogenen Daten explizit aufgeführt.)*

### 3.2 Datenquellen
Die Daten stammen aus folgenden Quellen:
- **HR-Systeme** (interne Personalverwaltungssysteme)

---

## 4. Betroffene Personen und Empfänger

### 4.1 Kategorien betroffener Personen
Von der Verarbeitung betroffen sind:
- **Interim-Mitarbeiter**

### 4.2 Empfängerkategorien
Die personenbezogenen Daten werden an folgende Empfänger übermittelt oder offengelegt:
*(Hinweis: Gemäß den bereitgestellten Angaben wurden keine internen oder externen Empfängerkategorien als „true“ markiert. Daher erfolgt keine weitere Aufschlüsselung.)*

---

## 5. Aufbewahrungsfristen und Löschung

### 5.1 Aufbewahrungsfristen
Die personenbezogenen Daten werden für die Dauer der **„Aufbewahrungsfrist“** gespeichert. Die konkrete Frist ergibt sich aus gesetzlichen, vertraglichen oder betrieblichen Anforderungen und wird in unseren internen Richtlinien definiert.

### 5.2 Löschungskonzept
Nach Ablauf der Aufbewahrungsfrist werden die Daten gemäß unseren Löschroutinen unwiderruflich gelöscht. Ein besonderes Löschkonzept oder Ausnahmen von der Löschpflicht bestehen derzeit nicht.

---

## 6. Technische und organisatorische Maßnahmen (TOM)

Zur Gewährleistung der Sicherheit der Verarbeitung gemäß Artikel 32 DSGVO haben wir folgende Maßnahmen implementiert:

### 6.1 Technische Maßnahmen
- **Verwaltung von Systemzugängen:**
  - Rollenbasierte Zugriffskontrollen (RBAC) zur Einschränkung des Datenzugriffs auf autorisierte Personen.
  - Regelmäßige Überprüfung und Aktualisierung von Berechtigungen.
  - Protokollierung von Zugriffen und Änderungen an Mitarbeiterdaten.

### 6.2 Organisatorische Maßnahmen
- **Schulungen und Sensibilisierung:**
  - Regelmäßige Schulungen unserer Mitarbeiter zu Datenschutz und Informationssicherheit.
- **Dokumentation und Verantwortlichkeiten:**
  - Klare Zuweisung von Verantwortlichkeiten für die Datenverarbeitung.
  - Führung dieses Verzeichnisses von Verarbeitungstätigkeiten (ROPA) zur Erfüllung der Rechenschaftspflicht gemäß Artikel 5 Abs. 2 DSGVO.
- **Vertragliche Sicherstellung:**
  - Abschluss von Auftragsverarbeitungsverträgen (AVV) mit externen Dienstleistern, sofern zutreffend.

---

## 7. Ergänzende Hinweise

### 7.1 Datenübermittlungen in Drittländer
Derzeit erfolgen keine Übermittlungen personenbezogener Daten in Drittländer außerhalb des Europäischen Wirtschaftsraums (EWR).

### 7.2 Automatisierte Entscheidungsfindung
Es findet keine automatisierte Entscheidungsfindung im Sinne von Artikel 22 DSGVO statt.

### 7.3 Aktualisierung des Verzeichnisses
Dieses Verzeichnis wird regelmäßig überprüft und bei Änderungen der Verarbeitungstätigkeiten aktualisiert.

---
**Stand:** [Datum der Erstellung]
**Verantwortlich:** Datenschutzbeauftragter der APOR GmbH

---
User ID: VAG2434
Mode: ask
Time elapsed: 289 seconds
Date: 2026-02-06T08:59:38.138Z
```"
"91","KIR2546","form","```markdown
# Mitarbeiterdatenverarbeitung
*Verzeichnis von Verarbeitungstätigkeiten gemäß Artikel 30 DSGVO*

---

## 1. Verantwortliche Stelle und Kontaktdaten

Wir, die **APOR GmbH**, fungieren als verantwortliche Stelle (Data Controller) für die Verarbeitung personenbezogener Daten im Rahmen der Mitarbeiterverwaltung.

- **Firmenname:** APOR GmbH
- **Anschrift:** Mainstraße 67, 89073 Ulm
- **E-Mail:** kontakt@apor.de
- **Telefon:** +49 170 0000999
- **Vertreter der verantwortlichen Stelle:** Max Mustermann (Geschäftsführer)
- **Datenschutzbeauftragter (DSB):** Albert Einstein

---

## 2. Zwecke und Rechtsgrundlagen der Verarbeitung

### 2.1 Verarbeitungszwecke
Wir verarbeiten personenbezogene Daten unserer Mitarbeiter ausschließlich zu folgenden Zwecken:
- Verwaltung von Mitarbeiterdaten (Einstellung, Beschäftigung, Beendigung)
- Erfüllung arbeitsvertraglicher Pflichten
- Lohn- und Gehaltsabrechnung
- Sozialversicherungs- und steuerrechtliche Meldepflichten
- Compliance mit gesetzlichen Aufbewahrungspflichten
- Durchführung interner Analysen (z. B. Gehaltsbenchmarks unter Pseudonymisierung)

### 2.2 Rechtsgrundlagen
Die Verarbeitung erfolgt auf Basis folgender Rechtsgrundlagen:
- **Einwilligung der betroffenen Person** (Art. 6 Abs. 1 lit. a DSGVO)
- **Erfüllung eines Vertrags** (Art. 6 Abs. 1 lit. b DSGVO)
- **Erfüllung einer rechtlichen Verpflichtung** (Art. 6 Abs. 1 lit. c DSGVO)
- **Berechtigtes Interesse** (Art. 6 Abs. 1 lit. f DSGVO), sofern keine überwiegenden Interessen der betroffenen Person entgegenstehen
- **§ 26 BDSG** (Datenverarbeitung für Zwecke des Beschäftigungsverhältnisses)
- **§ 257 HGB** (Aufbewahrung von Handelsbüchern und Unterlagen)
- **§ 239 Abs. 1 HGB** (Führung der Handelsbücher)
- **§ 147 AO** (Aufbewahrung von steuerrelevanten Unterlagen)
- **§ 35 BDSG** (Löschkonzept für personenbezogene Daten)
- **Arbeitsvertragliche Pflichten** (z. B. Gehaltsabrechnung, Urlaubsverwaltung)

---

## 3. Kategorien personenbezogener Daten und Datenquellen

### 3.1 Verarbeitete Datenkategorien

#### Personenbezogene Daten
- Nachname
- Vorname
- Geburtsdatum
- Geburtsort
- Geschlecht
- Staatsangehörigkeit
- Anschrift (Straße, Hausnummer, PLZ, Ort)
- Telefonnummer
- E-Mail-Adresse
- Familienstand
- Religionszugehörigkeit

#### Beschäftigungsdaten
- Arbeitszeiten
- Berufliche Position
- Personalnummer
- Unternehmenszugehörigkeit
- Urlaubsanspruch
- Urlaubstage
- Urlaubszeiten

#### Finanzdaten
- Gehalt/Lohn
- Bankverbindung (Kontonummer, IBAN, BIC)
- Steueridentifikationsnummer
- Steuerklasse
- Monatliche Gehälter/Löhne

#### Gesundheitsdaten
- Krankenversicherungsnummer
- Sozialversicherungsnummer
- Krankheitstage
- Versicherungsstatus

#### Rechtliche Daten
- Vertragsdaten (Arbeitsverträge, Zusatzvereinbarungen)
- Ausweisdokumente (Kopien von Personalausweis/Reisepass)

#### Dokumentations- und Belegdaten
- Individuelle Dokumentation (z. B. Personalakten)
- Belege (z. B. Gehaltsabrechnungen)
- Rechnungsdaten (z. B. Reisekostenabrechnungen)
- Abrechnungsdaten

#### Sonstige Daten
- Qualifikationen und Fähigkeiten
- Benutzername (z. B. für interne Systeme)

### 3.2 Datenquellen
Wir erheben und verarbeiten Daten aus folgenden Quellen:
- Microsoft Office 365 (z. B. Outlook, Teams, SharePoint)
- E-Mail-Anbieter (z. B. Exchange Server)
- HR-Software (z. B. Personio, SAP SuccessFactors)
- Unternehmenssysteme (z. B. ERP-Systeme wie SAP)
- Dokumentenverarbeitungssysteme (z. B. DocuWare, Adobe Sign)

---

## 4. Betroffene Personen und Empfänger

### 4.1 Kategorien betroffener Personen
- **Interne Gruppen:** Aktuelle und ehemalige Mitarbeiter der APOR GmbH

### 4.2 Interne Empfänger
Daten werden an folgende interne Stellen weitergegeben:
- Geschäftsführung
- Verwaltung (z. B. Personalabteilung, Buchhaltung)
- IT-Abteilung (technische Administration)
- Finanzabteilung (Lohnbuchhaltung, Steuerangelegenheiten)
- Rechts- und Compliance-Abteilung
- Marketing und Vertrieb (sofern für Mitarbeiterkommunikation erforderlich)
- Logistik und Betrieb (sofern für Arbeitsorganisation relevant)

### 4.3 Externe Empfänger innerhalb der EU
Daten werden an folgende externe Stellen übermittelt:
- **Behörden:** Finanzamt, Sozialversicherungsträger, Berufsgenossenschaften
- **Software- und Cloud-Anbieter:** Microsoft (Office 365), HR-Software-Anbieter (z. B. Personio)
- **Kranken- und Versicherungsträger:** Gesetzliche und private Krankenkassen, Rentenversicherung
- **Finanzinstitute:** Hausbanken (für Gehaltszahlungen)

### 4.4 Berechtigte Personen
Zugriff auf die Daten haben folgende Rollen:
- **Führungskräfte** (Geschäftsführung, Abteilungsleiter)
- **Administrative Rollen** (Personalabteilung, Buchhaltung)
- **Technische Rollen** (IT-Administratoren, Systemverantwortliche)
- **Finanzrollen** (Lohnbuchhaltung, Steuerberater)
- **Rechtliche und Compliance-Rollen** (Datenschutzbeauftragter, Compliance-Beauftragte)
- **HR- und Recruiting-Rollen** (Personalverantwortliche)

---

## 5. Speicherfristen und Löschkonzept

### 5.1 Gesetzliche Aufbewahrungsfristen
Wir speichern personenbezogene Daten gemäß den folgenden gesetzlichen Vorgaben:
- **6 Jahre nach Beendigung des Arbeitsverhältnisses** für steuerrelevante Unterlagen (z. B. Gehaltsabrechnungen, Verträge, Buchungsbelege) gemäß **§ 257 HGB** und **§ 147 AO**.
- **3 Jahre nach Beendigung des Arbeitsverhältnisses** für personenbezogene Daten ohne gesetzliche Aufbewahrungspflicht (z. B. Bewerbungsunterlagen, Leistungsbeurteilungen), entsprechend der regelmäßigen Verjährungsfrist nach **§ 195 BGB**.

### 5.2 Ausnahmen und Sonderregelungen
- Daten, die über die gesetzlichen Aufbewahrungsfristen hinaus benötigt werden (z. B. für laufende Rechtsstreitigkeiten), werden erst nach Wegfall des berechtigten Interesses gelöscht.
- Wir haben ein **spezielles Löschkonzept** gemäß **§ 35 BDSG** implementiert, das die regelmäßige Überprüfung und Löschung nicht mehr benötigter Daten sicherstellt.

---

## 6. Technische und organisatorische Maßnahmen (TOM)

Wir haben folgende Maßnahmen implementiert, um die Sicherheit und den Schutz personenbezogener Daten zu gewährleisten:

### 6.1 Zugangskontrolle
- Rollenbasierte Zugriffsrechte (RBAC) für Mitarbeiterdaten
- Multi-Faktor-Authentifizierung (MFA) für alle Systeme
- Regelmäßige Überprüfung und Anpassung von Berechtigungen

### 6.2 Weitergabekontrolle
- Verschlüsselung (TLS 1.3) bei der Datenübertragung
- VPN für Remote-Zugriff
- Protokollierung aller Datenexporte

### 6.3 Eingabekontrolle
- Automatisierte Protokollierung von Datenänderungen (Wer? Wann? Was?)
- Regelmäßige Audits zur Überprüfung der Datenintegrität

### 6.4 Verfügbarkeitskontrolle
- Tägliche Backups (verschlüsselt, offline und georedundant gespeichert)
- Notfallplan mit definierten RTO- und RPO-Zielen (Recovery Time Objective / Recovery Point Objective)

### 6.5 Trennungskontrolle
- Logische Trennung von HR-Daten in dedizierten Datenbanken
- Mandantentrennung bei Nutzung von Cloud-Diensten

### 6.6 Pseudonymisierung
- Pseudonymisierung von Daten für Analysezwecke (z. B. Gehaltsbenchmarks), sofern möglich

### 6.7 Schulungen und Sensibilisierung
- Jährliche DSGVO-Schulungen für alle Mitarbeiter
- Regelmäßige Sensibilisierung für Phishing und Social Engineering

### 6.8 Technische Sicherheitsmaßnahmen
- Einsatz von Firewalls und Endpoint Detection and Response (EDR)-Lösungen
- Regelmäßige Penetrationstests und Schwachstellenanalysen
- Patch-Management zur Schließung von Sicherheitslücken

### 6.9 Organisatorische Maßnahmen
- Ernennung eines Datenschutzbeauftragten (DSB)
- Regelmäßige Aktualisierung des Verarbeitungsverzeichnisses
- Umsetzung eines Löschkonzepts gemäß **§ 35 BDSG**

---
*Dieses Verzeichnis wird regelmäßig überprüft und aktualisiert, um die Einhaltung der DSGVO und anderer datenschutzrechtlicher Vorgaben sicherzustellen.*

---
User ID: KIR2546
Mode: form
Time elapsed: 263 seconds
Date: 2026-02-06T09:56:53.565Z
```"
"92","UOR0445","ask","```markdown
# Mitarbeiterverwaltung & Parkplatzberechtigung
**Verzeichnis von Verarbeitungstätigkeiten gemäß Artikel 30 DSGVO**

---

## 1. Verantwortliche Stelle und Kontaktdaten

Als verantwortliche Stelle im Sinne der Datenschutz-Grundverordnung (DSGVO) verarbeiten wir personenbezogene Daten im Rahmen unserer Geschäftstätigkeit. Die folgenden Angaben dienen der Identifikation und Kontaktaufnahme:

- **Name der verantwortlichen Stelle:** APOR GmbH
- **Rolle:** Verantwortlicher (Data Controller)
- **Anschrift:** Mainstraße 67, 89075 Ulm
- **E-Mail-Adresse:** mail@apor.eu
- **Telefonnummer:** 012345678
- **Vertreter der verantwortlichen Stelle:** Markus Thielker
- **Datenschutzbeauftragter:** Markus Thielker

---

## 2. Zwecke und Rechtsgrundlagen der Verarbeitung

### 2.1 Zwecke der Verarbeitung
Wir verarbeiten personenbezogene Daten für folgende Zwecke:

- Verwaltung der personenbezogenen Daten von Mitarbeitenden von deren Eintritt bis zum Austritt aus dem Unternehmen. Dies umfasst:
  - Das Anlegen und die Verwaltung von Mitarbeiterdatensätzen.
  - Die Dokumentation von Arbeitszeiten und Abwesenheiten (z. B. Urlaub).
- Verwaltung von Parkplatzberechtigungen für Mitarbeitende, wofür die Kennzeichen der privaten PKW hinterlegt werden müssen.

### 2.2 Rechtsgrundlagen der Verarbeitung
Die Verarbeitung der personenbezogenen Daten erfolgt auf folgender Rechtsgrundlage:

- Die Verarbeitung ist notwendig, um unser Unternehmen verwalten zu können. Nur durch die digitale Dokumentation sind wir in der Lage, unsere arbeitsvertraglichen und gesetzlichen Pflichten effizient zu erfüllen.

---

## 3. Kategorien personenbezogener Daten und Datenquellen

### 3.1 Kategorien personenbezogener Daten
Wir verarbeiten folgende Kategorien personenbezogener Daten:

- Persönliche Angaben
- Beschäftigungsdaten
- Fahrzeugdaten (insbesondere Kennzeichen)

### 3.2 Datenquellen
Die personenbezogenen Daten werden wie folgt erhoben und verarbeitet:

- Die Daten werden durch unternehmensinterne Software erhoben und ausschließlich auf unternehmenseigenen Servern vor Ort verarbeitet.
- Alle Angaben werden direkt durch die Mitarbeitenden bereitgestellt.
- Für die Verarbeitung und Verwaltung der Daten nutzen wir Microsoft Office, das selbst betrieben wird.

---

## 4. Betroffene Personen und Empfänger der Daten

### 4.1 Kategorien betroffener Personen
Wir verarbeiten ausschließlich personenbezogene Daten von Mitarbeitenden.

### 4.2 Empfänger der Daten
Die personenbezogenen Daten werden ausschließlich intern verarbeitet. Es gibt keine externen Empfänger.

- **Interner Zugriff:**
  - Die HR-Abteilung hat Zugriff auf die vollständigen Mitarbeiterdaten.
  - Die Parkplatzverwaltung erhält ausschließlich die Kennzeichen der Fahrzeuge, jedoch keine weiteren personenbezogenen Daten im Zusammenhang mit den Kennzeichen.

---

## 5. Speicherfristen und Löschung

### 5.1 Speicherfristen
Die personenbezogenen Daten der Mitarbeitenden werden über die gesamte Dauer der Anstellung hinweg gespeichert.

### 5.2 Löschfristen
Alle personenbezogenen Daten, die eine Person betreffen, werden spätestens drei Monate nach Austritt aus dem Unternehmen endgültig und vollständig gelöscht.

---

## 6. Technische und organisatorische Maßnahmen (TOM)

Um die Sicherheit und den Schutz der verarbeiteten personenbezogenen Daten zu gewährleisten, haben wir folgende technische und organisatorische Maßnahmen implementiert:

- **Interne Datenverarbeitung:**
  - Sämtliche Datenverwaltung erfolgt auf internen Servern.
  - Auch Microsoft Office wird intern betrieben; es werden keine externen Cloud-Dienste genutzt.

- **Zugriffsbeschränkungen:**
  - Wir arbeiten nach dem Need-to-know-Prinzip mit einer klar definierten und regelmäßig überprüften Rollenverwaltung.
  - Die Zugriffskontrolle gilt sowohl für digitale Daten als auch für den Zutritt zu Serverräumen und Archiven.

- **Vertraulichkeitsvereinbarungen:**
  - Alle Mitarbeitenden, die mit personenbezogenen Daten in Kontakt kommen könnten, unterzeichnen eine Vertraulichkeitsvereinbarung (NDA).

- **Schutz sensibler Daten:**
  - Sensible Daten sind durch Passwörter geschützt.
  - Die Nutzung der Multi-Faktor-Authentifizierung (MFA) ist verpflichtend.

- **Datensicherung:**
  - Regelmäßige Backups werden durchgeführt, um Datenverlust zu verhindern.

---
User ID: UOR0445
Mode: ask
Time elapsed: 1459 seconds
Date: 2026-02-06T12:19:16.656Z
```"
"93","UOR0445","form","```markdown
# Mitarbeiterverwaltung & Parkplatzberechtigung
**Verzeichnis von Verarbeitungstätigkeiten gemäß Artikel 30 DSGVO**

---

## 1. Verantwortliche Stelle und Kontaktdaten

Wir, die **APOR GmbH**, fungieren als datenschutzrechtlich Verantwortliche für die in diesem Verzeichnis beschriebenen Verarbeitungstätigkeiten.

- **Name der verantwortlichen Stelle:** APOR GmbH
- **Anschrift:** Mainstraße 67, 89075 Ulm
- **E-Mail-Adresse:** mail@apor.eu
- **Telefonnummer:** 012345678
- **Vertreter der verantwortlichen Stelle:** Markus Thielker
- **Datenschutzbeauftragter:** Markus Thielker

---

## 2. Zwecke und Rechtsgrundlagen der Verarbeitung

### 2.1 Zwecke der Verarbeitung
Wir verarbeiten personenbezogene Daten unserer Mitarbeiter zu folgenden Zwecken:

- Allgemeine Mitarbeiterverwaltung, einschließlich der Zuordnung von Datensätzen zu einzelnen Mitarbeitern.
- Dokumentation von Arbeitszeiten und Urlaubstagen.
- Verwaltung von Parkplatzberechtigungen durch Erfassung der Kfz-Kennzeichen ausgewählter Mitarbeiter, um diesen Zugang zu einem privaten Unternehmensparkplatz zu ermöglichen.

### 2.2 Rechtsgrundlagen der Verarbeitung
Die Verarbeitung personenbezogener Daten erfolgt auf Grundlage der folgenden Rechtsgrundlagen:

- **Art. 6 Abs. 1 lit. a DSGVO** (Einwilligung der betroffenen Person)
- **Art. 6 Abs. 1 lit. b DSGVO** (Erfüllung eines Vertrags oder vorvertraglicher Maßnahmen)
- **Art. 6 Abs. 1 lit. c DSGVO** (Erfüllung einer rechtlichen Verpflichtung)
- **Art. 6 Abs. 1 lit. f DSGVO** (Wahrung berechtigter Interessen des Verantwortlichen oder eines Dritten)
- **§ 257 HGB** (Aufbewahrung von Handelsbüchern, Inventaren, Eröffnungsbilanzen, Jahresabschlüssen und Lageberichten)
- **§ 239 Abs. 1 HGB** (Führung der Handelsbücher)

---

## 3. Kategorien personenbezogener Daten und Datenquellen

### 3.1 Kategorien personenbezogener Daten
Wir verarbeiten folgende Kategorien personenbezogener Daten:

**Personenbezogene Grunddaten:**
- Nachname
- Vorname
- Geburtsdatum
- Telefonnummer
- E-Mail-Adresse

**Beschäftigungsdaten:**
- Arbeitszeiten
- Personalnummer
- Urlaubsanspruch
- Urlaubstage
- Urlaubszeiten

**Fahrzeugdaten:**
- Kfz-Kennzeichen

### 3.2 Datenquellen
Die personenbezogenen Daten stammen aus folgenden Quellen:

- Microsoft Office 365
- Web- und Intranet-Systeme
- HR-Software
- Unternehmensinterne Systeme (Enterprise Systems)
- Dokumentenverarbeitungssysteme

Alle genutzten Softwaresysteme werden unternehmensintern auf eigenen Servern betrieben.

---

## 4. Betroffene Personen und Empfänger der Daten

### 4.1 Kategorien betroffener Personen
Die Verarbeitung betrifft folgende Kategorien betroffener Personen:

- Interne Gruppen (Mitarbeiter)

### 4.2 Empfängerkategorien
Die personenbezogenen Daten werden an folgende interne Empfängerkategorien übermittelt:

- Geschäftsführung
- Verwaltung
- Technische Abteilungen
- Logistik und Betrieb

Zudem werden Daten an folgende interne autorisierte Personen weitergegeben:

- Managementrollen
- Administrative Rollen
- Technische Rollen
- Rechtliche und Compliance-Rollen
- HR- und Rekrutierungsrollen

Es erfolgt keine Übermittlung personenbezogener Daten an externe Empfänger innerhalb oder außerhalb der Europäischen Union.

---

## 5. Speicherfristen und Löschung

Wir löschen personenbezogene Daten unserer Mitarbeiter innerhalb von drei Monaten nach deren Ausscheiden aus dem Unternehmen.

---

## 6. Technische und organisatorische Maßnahmen (TOM)

Um die Sicherheit und den Schutz personenbezogener Daten zu gewährleisten, haben wir folgende technische und organisatorische Maßnahmen implementiert:

- **Zugriffsbeschränkung nach dem Need-to-know-Prinzip:** Nur berechtigte Mitarbeiter erhalten Zugang zu personenbezogenen Daten.
- **Passwortschutz mit optionaler Multi-Faktor-Authentifizierung (MFA):** Alle Systeme sind durch sichere Authentifizierungsverfahren geschützt.
- **Regelmäßige Backups:** Daten werden in regelmäßigen Abständen gesichert, um deren Verfügbarkeit und Integrität zu gewährleisten.
- **Zutrittskontrolle zu Serverräumen und Archiven:** Physische Zugangskontrollen schützen unsere IT-Infrastruktur und Archive.
- **Vertraulichkeitsverpflichtung:** Alle berechtigten Mitarbeiter sind zur Vertraulichkeit verpflichtet und wurden entsprechend geschult.

---
User ID: UOR0445
Mode: form
Time elapsed: 1157 seconds
Date: 2026-02-06T12:44:03.982Z
```"
"94","UOR0445","chat","```markdown
# Mitarbeiterverwaltung & Parkplatzberechtigung
**Verzeichnis von Verarbeitungstätigkeiten (VVT) gemäß Artikel 30 DSGVO**

---

## 1. Verantwortliche Stelle und Kontaktdaten

Wir, die **APOR GmbH**, fungieren als datenschutzrechtlich Verantwortliche für die Verarbeitung personenbezogener Daten im Rahmen der Mitarbeiterverwaltung und Parkplatzberechtigung.

- **Firmenname:** APOR GmbH
- **Rolle:** Verantwortlicher (Data Controller)
- **Anschrift:** Mainstraße 67, 89075 Ulm
- **E-Mail:** mail@apor.eu
- **Telefon:** 012345678
- **Vertreter:** Markus Thielker
- **Datenschutzbeauftragter:** Markus Thielker

---

## 2. Zwecke und Rechtsgrundlagen der Verarbeitung

### 2.1 Zwecke der Verarbeitung
Wir verarbeiten personenbezogene Daten unserer Mitarbeitenden zu folgenden Zwecken:

- Administrative Verwaltung im Rahmen des Beschäftigungsverhältnisses, einschließlich der Erfassung von Arbeitszeiten, Urlaubszeiten und anderen relevanten Beschäftigtendaten.
- Erfassung der Kennzeichen privater Fahrzeuge der Mitarbeitenden zur Zuweisung und Verwaltung von Parkplatzberechtigungen auf dem Unternehmensgelände.
- Erfüllung vertraglicher Pflichten sowie Einhaltung gesetzlicher Vorgaben (z. B. Arbeitsrecht, Datenschutz).
- Sicherstellung eines geordneten Betriebsablaufs.

### 2.2 Rechtsgrundlagen der Verarbeitung
Die Verarbeitung erfolgt auf Grundlage der folgenden Rechtsnormen:

- **Art. 6 Abs. 1 lit. c DSGVO** (Erfüllung einer rechtlichen Verpflichtung)
- **§ 26 BDSG** (Datenverarbeitung für Zwecke des Beschäftigungsverhältnisses)
- **§ 257 HGB** (Aufbewahrung von Unterlagen im Rahmen der handelsrechtlichen Pflichten)

---

## 3. Kategorien personenbezogener Daten und Datenquellen

### 3.1 Verarbeitete Datenkategorien
Wir verarbeiten folgende personenbezogene Daten unserer Mitarbeitenden:

- **Personenbezogene Daten:**
  - Nachname
  - Vorname
  - Geburtsdatum
  - Telefonnummer
  - E-Mail-Adresse

- **Beschäftigungsdaten:**
  - Personalnummer

- **Fahrzeugdaten:**
  - Kennzeichen

### 3.2 Datenquellen
Die personenbezogenen Daten stammen aus folgenden Quellen:

- Microsoft Office 365
- HR-Software (Personalsysteme)

---

## 4. Betroffene Personen und Empfänger der Daten

### 4.1 Betroffene Personen
Die Verarbeitung betrifft folgende Kategorien von Personen:

- Mitarbeitende der APOR GmbH

### 4.2 Empfänger der Daten
Die personenbezogenen Daten werden ausschließlich intern verarbeitet und nicht an externe Empfänger übermittelt.

---

## 5. Löschfristen und Aufbewahrungsdauer

Wir löschen die personenbezogenen Daten unserer Mitarbeitenden **drei Monate nach Beendigung des Arbeitsverhältnisses**, sofern keine gesetzlichen Aufbewahrungspflichten entgegenstehen.

- **Löschfrist:** 3 Monate nach Beendigung des Arbeitsverhältnisses
- **Ausnahme:** Daten, die aufgrund gesetzlicher Aufbewahrungspflichten länger gespeichert werden müssen, werden entsprechend den geltenden Vorschriften behandelt.

---

## 6. Technische und organisatorische Maßnahmen (TOM)

Zur Gewährleistung der Sicherheit und des Schutzes personenbezogener Daten haben wir folgende technische und organisatorische Maßnahmen implementiert:

- **Zugriffsbeschränkung:** Rollenbasierter Zugriff nach dem Need-to-know-Prinzip.
- **Authentifizierung:** Passwortschutz mit optionaler Multi-Faktor-Authentifizierung (MFA).
- **Datensicherung:** Regelmäßige Backups zur Sicherstellung der Datenverfügbarkeit.
- **Physische Sicherheit:** Zutrittskontrolle zum Serverraum und Archiv.
- **Vertraulichkeit:** Verpflichtung berechtigter Mitarbeitender zur Wahrung der Vertraulichkeit.
- **Verarbeitungsort:** Datenverarbeitung ausschließlich auf unternehmensinternen Servern.

---
**Stand:** [Datum der Erstellung]
**Verantwortlich:** Markus Thielker (Datenschutzbeauftragter)

---
User ID: UOR0445
Mode: chat
Time elapsed: 6199 seconds
Date: 2026-02-06T14:29:06.180Z
```"
"95","ARN2026","ask","```markdown
# Mitarbeiterdatenverwaltung
**Verzeichnis von Verarbeitungstätigkeiten gemäß Artikel 30 DSGVO**

---

## 1. Verantwortliche Stelle und Kontaktdaten

Wir, die **APOR GmbH**, fungieren als datenschutzrechtlich Verantwortliche im Sinne der DSGVO. Unsere Kontaktdaten lauten wie folgt:

- **Name der verantwortlichen Stelle:** APOR GmbH
- **Anschrift:** Mainstraße 67, 89073 Ulm
- **E-Mail-Adresse:** mail@apor.eu
- **Telefonnummer:** 012345678
- **Vertreter der verantwortlichen Stelle:** A.I.
- **Datenschutzbeauftragter:** A.I.

---

## 2. Zwecke und Rechtsgrundlagen der Verarbeitung

### 2.1 Zwecke der Verarbeitung
Wir verarbeiten personenbezogene Daten unserer Mitarbeiter:innen zu folgenden Zwecken:
- Anlegen neuer Mitarbeiter:innen
- Dokumentation von Arbeitszeiten
- Verwaltung von Urlaub und Abwesenheiten
- Verwaltung von Parkplatzberechtigungen

### 2.2 Rechtsgrundlagen der Verarbeitung
Die Verarbeitung erfolgt auf Grundlage der folgenden Rechtsnormen:
- **Vertragserfüllung (Art. 6 Abs. 1 lit. b DSGVO):** Die Datenverarbeitung ist erforderlich, um Arbeitsverträge zu erfüllen (z. B. Gehaltsabrechnung, Urlaubsverwaltung).
- **Rechtliche Verpflichtung (Art. 6 Abs. 1 lit. c DSGVO):** Bestimmte Daten müssen aufgrund gesetzlicher Vorgaben gespeichert werden (z. B. Lohnsteuerdaten nach § 257 HGB oder Sozialversicherungsnachweise nach § 28b IfSG).
- **Berechtigtes Interesse (Art. 6 Abs. 1 lit. f DSGVO):** Sofern Daten für interne Zwecke (z. B. Parkplatzverwaltung) verarbeitet werden, erfolgt dies auf Basis eines berechtigten Interesses, wobei eine Abwägung mit den Interessen der betroffenen Personen vorgenommen wird.
- **§ 26 BDSG:** Die Verarbeitung von Beschäftigtendaten ist zulässig, soweit sie für die Begründung, Durchführung oder Beendigung des Arbeitsverhältnisses erforderlich ist.

---

## 3. Kategorien personenbezogener Daten und Datenquellen

### 3.1 Kategorien personenbezogener Daten
Wir verarbeiten folgende Kategorien personenbezogener Daten:
- **Persönliche Daten:**
  - Name
  - Geburtsdatum
  - Adresse
  - Kontaktdaten (Telefonnummer, E-Mail-Adresse)
- **Beschäftigungsdaten:**
  - Arbeitszeiten
  - Urlaubstage
  - Position
  - Personalnummer
- **Finanzielle Daten:**
  - Gehaltsinformationen
  - Bankverbindung
  - Steuerklasse
- **Gesundheitsdaten:**
  - Krankenversicherungsnummer
  - Krankheitstage (Hinweis: besondere Kategorie gemäß Art. 9 DSGVO)
- **Vertrags- und Rechtsdaten:**
  - Arbeitsvertrag
  - Ausweiskopien
- **Sonstige Daten:**
  - Parkplatzberechtigungen
  - Qualifikationen

### 3.2 Datenquellen
Die Daten stammen aus folgenden Quellen:
- Intern gehostete Microsoft Office-Anwendungen
- Interne Server

---

## 4. Betroffene Personen und Empfänger der Daten

### 4.1 Kategorien betroffener Personen
Die Verarbeitung betrifft folgende Personengruppen:
- Aktive und ehemalige Mitarbeiter:innen
- Bewerber:innen (sofern zutreffend)

### 4.2 Interne Empfänger der Daten
Innerhalb unserer Organisation erhalten folgende Abteilungen oder Rollen Zugriff auf die Daten:
- Personalabteilung
- Lohnbuchhaltung
- Führungskräfte

### 4.3 Externe Empfänger der Daten
Daten werden an folgende externe Empfänger übermittelt:
- Finanzamt
- Sozialversicherungsträger
- Externe Lohnabrechner

### 4.4 Berechtigte Personen
Folgende Rollen innerhalb unserer Organisation sind zur Datenverarbeitung berechtigt:
- HR-Manager:innen
- IT-Administrator:innen mit Zugriff auf die relevanten Systeme

---

## 5. Speicherdauer und Löschfristen

### 5.1 Speicherdauer
Die personenbezogenen Daten werden für die Dauer des Arbeitsverhältnisses und darüber hinaus gemäß den gesetzlichen Aufbewahrungsfristen gespeichert.

### 5.2 Löschfristen
- **Reguläre Löschfrist:** 3 Monate nach Austritt des/der Mitarbeiter:in
- **Ausnahmen:** Sofern gesetzliche Aufbewahrungspflichten (z. B. nach § 257 HGB oder § 28b IfSG) bestehen, werden die Daten über die reguläre Löschfrist hinaus gespeichert.

---

## 6. Technische und organisatorische Maßnahmen (TOM)

Um die Sicherheit und Vertraulichkeit der verarbeiteten Daten zu gewährleisten, haben wir folgende technische und organisatorische Maßnahmen implementiert:

- **Zugriffsbeschränkungen:** Rollenbasierte Zugriffskontrollen, die sicherstellen, dass nur berechtigte Personen auf die Daten zugreifen können.
- **Passwortschutz:** Sichere Authentifizierungsverfahren für den Zugriff auf Systeme und Daten.
- **Regelmäßige Backups:** Automatisierte und manuelle Sicherungen der Daten, um Datenverlust zu verhindern.
- **Zutrittskontrolle:** Physische Sicherheitsmaßnahmen für Serverräume und Archive, einschließlich Zugangskontrollen.
- **Vertraulichkeitsverpflichtung:** Alle berechtigten Mitarbeiter:innen sind zur Vertraulichkeit verpflichtet und wurden entsprechend geschult.

---
**Stand:** [Datum der Erstellung]
**Verantwortlich:** Datenschutzbeauftragter der APOR GmbH

---
User ID: ARN2026
Mode: ask
Time elapsed: 607 seconds
Date: 2026-02-07T13:40:15.662Z
```"
"96","EHJ2314","form","```markdown
# Personalinformation_001
**Verzeichnis von Verarbeitungstätigkeiten gemäß Artikel 30 DSGVO**

---

## 1. Verantwortliche Stelle und Kontaktdaten

**Name der verantwortlichen Stelle:**
APOR GmbH

**Rolle:**
Verantwortlicher (Data Controller) sowie Benennung eines Datenschutzbeauftragten (DSB)

**Anschrift:**
Mainstraße 67, 89073 Ulm

**Kontaktdaten:**
- E-Mail: mail@apor.eu
- Telefon: 01234 5678

**Vertreter der verantwortlichen Stelle:**
A. I.

**Datenschutzbeauftragter (DSB):**
A. I.

---

## 2. Zwecke und Rechtsgrundlagen der Verarbeitung

### 2.1 Verarbeitungszwecke
Wir verarbeiten personenbezogene Daten zu folgenden Zwecken:
- Anlegen neuer Mitarbeitender
- Dokumentation von Arbeitszeiten
- Verwaltung von Urlaub und Abwesenheiten
- Verwaltung von Parkplatzberechtigungen

### 2.2 Rechtsgrundlagen der Verarbeitung
Die Verarbeitung erfolgt auf Grundlage folgender Rechtsnormen:
- **Art. 6 Abs. 1 lit. b DSGVO** (Erfüllung eines Vertrags oder vorvertraglicher Maßnahmen)
- **§ 26 Abs. 1 BDSG** (Datenverarbeitung für Zwecke des Beschäftigungsverhältnisses)
- **§ 257 HGB** (Aufbewahrung von Handelsbüchern und Unterlagen)
- **§ 147 AO** (Aufbewahrung steuerrelevanter Unterlagen)
- **§ 2 Abs. 1 Nr. 1 BDSG** (Erfüllung des Arbeitsvertrags)
- **§ 16 Abs. 2 ArbZG** (Dokumentation der Arbeitszeiten)
- **§ 3 Abs. 2 BUrlG** (Verwaltung des Urlaubsanspruchs)

---

## 3. Kategorien personenbezogener Daten und Datenquellen

### 3.1 Verarbeitete Datenkategorien

#### Personenbezogene Daten
- Nachname
- Vorname
- Geburtsdatum
- Geschlecht
- Staatsangehörigkeit
- Anschrift
- Telefonnummer
- E-Mail-Adresse

#### Beschäftigungsdaten
- Arbeitszeiten
- Berufliche Position
- Personalnummer
- Unternehmenszugehörigkeit
- Urlaubsanspruch
- Urlaubstage
- Urlaubszeiten
- Krankheitstage

#### Rechtliche Daten
- Vertragsdaten
- Ausweisdokumente (z. B. Personalausweis, Reisepass)

#### Dokumentations- und Aufzeichnungsdaten
- Individuelle Dokumentation (z. B. Arbeitsverträge, Arbeitszeitnachweise)

#### Fahrzeugdaten
- Kennzeichen (im Zusammenhang mit Parkplatzberechtigungen)

#### Sonstige Daten
- Parkplatzberechtigungsdaten

### 3.2 Datenquellen
Die personenbezogenen Daten stammen aus folgenden Quellen:
- Microsoft Office 365
- E-Mail-Provider
- Web- und Intranet-Systeme
- HR-Software

---

## 4. Betroffene Personen und Empfänger der Daten

### 4.1 Kategorien betroffener Personen
- Interne Gruppen (Mitarbeitende)
- Neue Mitarbeitende
- Verantwortliche für Parkplatzverwaltung

### 4.2 Interne Empfänger
Die Daten werden innerhalb unserer Organisation an folgende Bereiche übermittelt:
- Geschäftsführung
- Verwaltung
- Technische Abteilung
- Rechts- und Compliance-Abteilung
- Personalabteilung (HR)

### 4.3 Externe Empfänger innerhalb der EU/EWR
Daten werden an folgende externe Empfänger übermittelt:
- Behörden (z. B. Finanzamt, Sozialversicherungsträger)
- Software- und Cloud-Anbieter (z. B. Microsoft Office 365)

### 4.4 Berechtigte Personen
Zugriff auf die Daten haben folgende Rollen:
- Führungskräfte
- Administrative Mitarbeiter
- Technische Mitarbeiter
- Mitarbeiter der Rechts- und Compliance-Abteilung
- Mitarbeiter der Personalabteilung (HR)

---

## 5. Speicherfristen und Löschung

### 5.1 Speicherfristen
Die personenbezogenen Daten werden wie folgt aufbewahrt:
- **6 Jahre nach Beendigung des Arbeitsverhältnisses** für steuerrelevante Unterlagen (z. B. Arbeitszeitdokumentation, Vertragsdaten) gemäß § 257 HGB und § 147 AO.
- **3 Jahre nach Beendigung des Arbeitsverhältnisses** für Parkplatzberechtigungsdaten, sofern keine längeren vertraglichen oder gesetzlichen Pflichten bestehen.
- **3 Jahre nach Ablauf des Kalenderjahres der Entstehung** für Urlaubsdaten gemäß § 195 BGB in Verbindung mit § 3 BUrlG.

### 5.2 Ausnahmen von der Löschpflicht
Daten können über die regulären Speicherfristen hinaus aufbewahrt werden, sofern gesetzliche Aufbewahrungspflichten oder berechtigte Interessen dies erfordern.

---

## 6. Technische und organisatorische Maßnahmen (TOM)

Um die Sicherheit und den Schutz personenbezogener Daten zu gewährleisten, haben wir folgende Maßnahmen implementiert:

### 6.1 Zugriffskontrolle
- **Rollenbasierter Zugriff (Need-to-know-Prinzip):** Nur berechtigte Mitarbeiter erhalten Zugang zu personenbezogenen Daten.
- **Zutrittskontrolle:** Physische Zugangskontrollen zu Serverräumen und Archiven.

### 6.2 Authentifizierung und Autorisierung
- **Passwortschutz:** Starke Passwörter und ggf. Multi-Faktor-Authentifizierung (MFA).
- **Vertraulichkeitsverpflichtung:** Alle berechtigten Mitarbeiter sind zur Vertraulichkeit verpflichtet.

### 6.3 Datensicherung
- **Regelmäßige Backups:** Automatisierte und manuelle Backups zur Sicherstellung der Datenverfügbarkeit.

### 6.4 Protokollierung
- **Zugriffsprotokollierung:** Protokollierung von Zugriffen auf personenbezogene Daten gemäß Art. 30 Abs. 1 lit. g DSGVO.

### 6.5 Schulungen
- **Regelmäßige Datenschutzschulungen:** Alle Mitarbeiter mit Zugriff auf personenbezogene Daten erhalten regelmäßige Schulungen zum Datenschutz.

### 6.6 Auftragsverarbeitung
- **Verträge zur Auftragsverarbeitung (AVV):** Mit externen Dienstleistern (z. B. HR-Software-Anbieter) wurden AV-Verträge gemäß Art. 28 DSGVO abgeschlossen.

### 6.7 Datenübermittlung in Drittländer
Falls Daten außerhalb der EU/EWR verarbeitet werden (z. B. durch Cloud-Dienste wie Microsoft 365), setzen wir geeignete Garantien wie Standardvertragsklauseln ein oder stützen uns auf Ausnahmen gemäß Art. 49 DSGVO.

### 6.8 Risikobewertung und Gegenmaßnahmen
- **Risikoanalyse:** Regelmäßige Bewertung von Risiken für die Rechte und Freiheiten betroffener Personen (z. B. unbefugter Zugriff auf sensible Daten).
- **Gegenmaßnahmen:** Implementierung technischer und organisatorischer Maßnahmen zur Minimierung identifizierter Risiken.

### 6.9 Betroffenenrechte
Wir gewährleisten die Umsetzung der Betroffenenrechte gemäß Art. 12 ff. DSGVO, einschließlich:
- **Auskunftsrecht** (Art. 15 DSGVO)
- **Berichtigungsrecht** (Art. 16 DSGVO)
- **Löschrecht** (Art. 17 DSGVO)
- **Einschränkungsrecht** (Art. 18 DSGVO)
- **Datenübertragbarkeit** (Art. 20 DSGVO)
- **Widerspruchsrecht** (Art. 21 DSGVO)

Anfragen von Betroffenen werden innerhalb der gesetzlichen Fristen (in der Regel einen Monat) bearbeitet.

---

**Datum der Erstellung:** [Datum einfügen]
**Letzte Aktualisierung:** [Datum einfügen]
**Verantwortlich:** Datenschutzbeauftragter der APOR GmbH

---
User ID: EHJ2314
Mode: form
Time elapsed: 600 seconds
Date: 2026-02-07T13:40:22.193Z
```"
"97","EHJ2314","ask","```markdown
# Personalinformation_002
**Verzeichnis von Verarbeitungstätigkeiten gemäß Artikel 30 DSGVO**

---

## 1. Verantwortliche Stelle und Kontaktdaten

Wir, die **APOR GmbH**, fungieren als datenschutzrechtlich Verantwortliche im Sinne der DSGVO. Unsere Kontaktdaten sowie die unseres Datenschutzbeauftragten lauten wie folgt:

- **Firmenname:** APOR GmbH
- **Anschrift:** Mainstraße 67, 89073 Ulm
- **E-Mail-Adresse:** mail@apor.eu
- **Telefonnummer:** 012345678
- **Vertreter der verantwortlichen Stelle:** A. I.
- **Datenschutzbeauftragter (DSB):** A. I.

---

## 2. Zwecke und Rechtsgrundlagen der Verarbeitung

Wir verarbeiten personenbezogene Daten zu folgenden Zwecken und auf Basis der nachstehenden Rechtsgrundlagen:

### Zwecke der Verarbeitung
- **Lohnabrechnung und Gehaltszahlungen**
  Hierzu zählen die Verarbeitung von Bankdaten, Steueridentifikationsnummern sowie sonstigen abrechnungsrelevanten Informationen.
- **Verwaltung von Arbeitsverträgen**
  Dies umfasst die Speicherung und Pflege von Vertragsdaten, Urlaubsansprüchen sowie sonstigen mit dem Arbeitsverhältnis verbundenen Informationen.
- **Erfüllung gesetzlicher Pflichten**
  Dazu gehören insbesondere Meldungen an Sozialversicherungsträger, Steuerbehörden sowie die Einhaltung weiterer rechtlicher Vorgaben.

### Rechtsgrundlagen der Verarbeitung
- **Vertragserfüllung (Art. 6 Abs. 1 lit. b DSGVO)**
  Die Verarbeitung ist erforderlich, um Arbeitsverträge zu erfüllen, insbesondere im Rahmen von Gehaltszahlungen und Urlaubsverwaltung.
- **Erfüllung gesetzlicher Pflichten (Art. 6 Abs. 1 lit. c DSGVO)**
  Die Verarbeitung erfolgt zur Einhaltung rechtlicher Verpflichtungen, beispielsweise gegenüber Sozialversicherungsträgern oder Steuerbehörden.
- **Beschäftigtendatenschutz (§ 26 BDSG)**
  Die Verarbeitung von Beschäftigtendaten erfolgt auf Grundlage des deutschen Beschäftigtendatenschutzrechts, insbesondere zur Verwaltung von Arbeitsverträgen.
- **Handels- und steuerrechtliche Aufbewahrungspflichten (§ 257 HGB, § 147 AO)**
  Die Speicherung von Buchhaltungsunterlagen und sonstigen steuerrelevanten Dokumenten erfolgt zur Erfüllung handels- und steuerrechtlicher Aufbewahrungspflichten.

---

## 3. Kategorien personenbezogener Daten und Datenquellen

### Verarbeitete Datenkategorien
Wir verarbeiten folgende Kategorien personenbezogener Daten:

- **Persönliche Daten**
  - Name
  - Adresse
  - Geburtsdatum

- **Beschäftigungsdaten**
  - Arbeitsvertrag
  - Urlaubsansprüche
  - Position
  - Arbeitszeiten
  - Personalnummer

- **Finanzdaten**
  - Bankverbindung
  - Gehalt
  - Steueridentifikationsnummer
  - Steuerklasse

- **Gesundheitsdaten**
  - Krankenversicherungsnummer
  - Krankheitstage

- **Rechtliche Daten**
  - Vertragsunterlagen
  - Ausweiskopien

### Datenquellen
Die personenbezogenen Daten stammen aus folgenden Quellen:

- HR-Software (z. B. für Gehaltsdaten und Urlaubsansprüche)
- Finanzsysteme (z. B. für Bankdaten und Steueridentifikationsnummern)
- E-Mail-Systeme (z. B. für Vertragsunterlagen)
- Cloud-Dienste (z. B. Microsoft 365 oder Google Workspace für Dokumente)
- Externe Dienstleister (z. B. Steuerberater oder Sozialversicherungsträger)

---

## 4. Betroffene Personen und Empfänger der Daten

### Kategorien betroffener Personen
Die Verarbeitung betrifft folgende Personengruppen:

- Mitarbeiter:innen

### Empfängerkategorien
Die personenbezogenen Daten werden an folgende interne und externe Empfänger übermittelt:

#### Interne Empfänger
- Personalabteilung
- Buchhaltung

#### Externe Empfänger
- Steuerberater
- Sozialversicherungsträger
- Finanzbehörden

Die Daten werden an die genannten Empfänger übermittelt, um unsere vertraglichen und gesetzlichen Pflichten zu erfüllen.

---

## 5. Aufbewahrungsfristen und Löschkonzepte

Wir speichern personenbezogene Daten für die folgenden Zeiträume:

- **Arbeitsverträge und Gehaltsdaten**
  Diese werden in der Regel für **6–10 Jahre** aufbewahrt, um steuer- und sozialversicherungsrechtlichen Pflichten nachzukommen.
- **Urlaubsansprüche**
  Diese werden bis zum Ende des Folgejahres gespeichert.
- **Krankheitstage**
  Diese werden in der Regel für **3 Jahre** nach Ablauf des Kalenderjahres aufbewahrt.

Die Löschung der Daten erfolgt nach Beendigung des Arbeitsverhältnisses oder nach Ablauf der jeweiligen Aufbewahrungsfristen.

---

## 6. Technische und organisatorische Maßnahmen (TOM)

Wir haben folgende technische und organisatorische Maßnahmen implementiert, um die Sicherheit und den Schutz der verarbeiteten personenbezogenen Daten zu gewährleisten:

### Technische Maßnahmen
- **Verschlüsselung von Gehaltsdaten**
  Gehaltsdaten werden in unserer HR-Software sowie in E-Mails verschlüsselt gespeichert und übermittelt.
- **Zugriffsbeschränkungen**
  Der Zugriff auf Finanzsysteme und sensible Personaldaten ist auf autorisierte Mitarbeiter:innen beschränkt.
- **Regelmäßige Backups**
  Es werden regelmäßige Sicherungen der Daten durchgeführt, um Datenverlust zu vermeiden.

### Organisatorische Maßnahmen
- **Schulungen für Mitarbeiter:innen**
  Mitarbeiter:innen mit Zugriff auf Personaldaten erhalten regelmäßige Schulungen zum Datenschutz und zum sicheren Umgang mit sensiblen Informationen.
- **Klare Richtlinien**
  Es gelten interne Richtlinien für den Umgang mit sensiblen Dokumenten und Daten.
- **Protokollierung von Zugriffen**
  Zugriffe auf personenbezogene Daten werden protokolliert, um unautorisierte Zugriffe nachvollziehen zu können.

---

## 7. Besondere Hinweise

### Datenübermittlungen ins Ausland
Falls wir Cloud-Dienste mit Servern außerhalb der EU nutzen, stellen wir sicher, dass die Datenübermittlung auf Grundlage geeigneter Garantien erfolgt, beispielsweise durch den Abschluss von Standardvertragsklauseln.

### Externe Dienstleister
Wir arbeiten mit externen Dienstleistern wie Steuerberatern, Lohnbüros und Sozialversicherungsträgern zusammen. Die Zusammenarbeit ist durch Auftragsverarbeitungsverträge gemäß Art. 28 DSGVO geregelt.

### Besondere Risiken
Bei der Verarbeitung von Gesundheitsdaten (z. B. Krankenversicherungsnummern oder Krankheitstage) setzen wir zusätzliche Schutzmaßnahmen ein, um die Vertraulichkeit und Integrität dieser sensiblen Daten zu gewährleisten.

### Automatisierte Entscheidungen
Falls automatisierte Entscheidungen (z. B. im Rahmen der Gehaltsabrechnung oder Urlaubsplanung) getroffen werden, stellen wir sicher, dass diese transparent und nachvollziehbar sind.

### Kontakt zum Datenschutzbeauftragten
Für Fragen zum Datenschutz steht Ihnen unser Datenschutzbeauftragter unter den oben genannten Kontaktdaten zur Verfügung.

---

**Stand:** [Datum der Erstellung]
**Verantwortlich:** APOR GmbH

---
User ID: EHJ2314
Mode: ask
Time elapsed: 327 seconds
Date: 2026-02-07T13:48:39.383Z
```"
"98","ARN2026","chat","```markdown
# Verzeichnis von Verarbeitungstätigkeiten (VVT)
**Mitarbeiterverwaltung**

---

## 1. Verantwortliche Stelle und Kontaktdaten

Als verantwortliche Stelle im Sinne der Datenschutz-Grundverordnung (DSGVO) verarbeiten wir personenbezogene Daten unserer Mitarbeitenden. Nachfolgend sind unsere Kontaktdaten sowie die des Datenschutzbeauftragten aufgeführt:

- **Name der verantwortlichen Stelle:** APOR GmbH
- **Rolle:** Verantwortlicher (Art. 4 Nr. 7 DSGVO)
- **Anschrift:** Mainstraße 67, 89073 Ulm
- **E-Mail-Adresse:** mail@apor.eu
- **Telefonnummer:** 012345678
- **Vertreter:** Nicht benannt
- **Datenschutzbeauftragter:** A.I.

---

## 2. Zwecke und Rechtsgrundlagen der Verarbeitung

Wir verarbeiten personenbezogene Daten unserer Mitarbeitenden zur umfassenden Personalverwaltung – vom Eintritt bis zum Austritt aus dem Unternehmen. Die Verarbeitung erfolgt zu folgenden Zwecken:

1. **Erfassung und Pflege von Stammdaten**
   Wir erheben und verwalten grundlegende Informationen neuer und bestehender Mitarbeitender, darunter Kontaktdaten, Vertragsinformationen und Qualifikationen, um eine ordnungsgemäße Personalverwaltung zu gewährleisten.

2. **Dokumentation von Arbeitszeiten**
   Zur Einhaltung gesetzlicher Vorgaben (z. B. Arbeitszeitgesetz) und zur Unterstützung der Arbeitsorganisation erfassen und dokumentieren wir die Arbeitszeiten unserer Mitarbeitenden.

3. **Verwaltung von Urlaubs- und Abwesenheitszeiten**
   Wir verwalten Urlaubs- und Abwesenheitszeiten, einschließlich der Genehmigung, Erfassung und Auswertung von Urlaubsansprüchen sowie Krankheitstagen, um eine transparente und rechtssichere Planung zu ermöglichen.

4. **Steuerung von Parkplatzberechtigungen**
   Zur Regelung des Zugangs zu unserem firmeneigenen Parkplatz mit Schrankenanlage erfassen wir Fahrzeugkennzeichen oder vergleichbare Merkmale berechtigter Mitarbeitender. Dies dient der Missbrauchsprävention und der effizienten Nutzung betrieblicher Infrastruktur.

Die Verarbeitung erfolgt auf Grundlage von **§ 26 Abs. 1 Bundesdatenschutzgesetz (BDSG)**, da sie für die Begründung, Durchführung oder Beendigung des Beschäftigungsverhältnisses erforderlich ist.

---

## 3. Kategorien personenbezogener Daten und Datenquellen

### Kategorien personenbezogener Daten
Im Rahmen der Mitarbeiterverwaltung verarbeiten wir folgende Datenkategorien:

- **Fahrzeugkennzeichen** (zur Steuerung der Parkplatzberechtigungen)

Weitere personenbezogene Daten werden derzeit nicht verarbeitet.

### Datenquellen
Die personenbezogenen Daten stammen aus folgenden Quellen:

- Microsoft Office 365
- Enterprise Systems
- Interne Server

---

## 4. Betroffene Personen und Empfänger

### Betroffene Personen
Die Verarbeitung betrifft folgende Personengruppen:

- **Mitarbeitende** der APOR GmbH

### Empfänger der Daten
Die personenbezogenen Daten werden ausschließlich intern verarbeitet und nicht an externe Empfänger übermittelt.

---

## 5. Speicherfristen und Löschung

Wir speichern personenbezogene Daten unserer Mitarbeitenden für einen Zeitraum von **drei Monaten nach Austritt des Mitarbeitenden**. Nach Ablauf dieser Frist werden die Daten unwiderruflich gelöscht, sofern keine gesetzlichen Aufbewahrungspflichten entgegenstehen.

---

## 6. Technische und organisatorische Maßnahmen (TOM)

Zur Gewährleistung eines angemessenen Schutzniveaus im Sinne von Art. 32 DSGVO haben wir folgende technische und organisatorische Maßnahmen implementiert:

1. **Zugriffskontrolle**
   - Rollenbasierte Berechtigungen nach dem Need-to-know-Prinzip (z. B. HR-Zugriff auf Stammdaten, Führungskräfte auf Arbeitszeiten ihrer Teams).

2. **Authentifizierung**
   - Passwortschutz mit Mindeststandards (12 Zeichen, Sonderzeichen).
   - Multi-Faktor-Authentifizierung (MFA) für den Zugriff auf sensible Daten.

3. **Datenverfügbarkeit**
   - Tägliche Backups kritischer Daten, wöchentliche Backups für Archivdaten.
   - Getrennte Speicherorte (Cloud + physisches Backup).

4. **Physische Sicherheit**
   - Zutrittskontrolle zu Serverräumen und Archiven (Schlüsselkarten, Protokollierung).
   - Vernichtung von Papierdokumenten durch Schreddern nach Ablauf der Aufbewahrungsfrist.

5. **Vertraulichkeit**
   - Schriftliche Vertraulichkeitsverpflichtung für berechtigte Mitarbeitende.
   - Jährliche Datenschutzschulungen.

6. **Datenintegrität**
   - Verschlüsselung von Daten im Ruhezustand (Festplattenverschlüsselung).
   - Verschlüsselung bei der Übertragung (TLS für E-Mails mit sensiblen Inhalten).

7. **Protokollierung**
   - Automatische Protokollierung von Zugriffen auf sensible Daten.
   - Monatliche Überprüfung der Protokolle durch den Datenschutzbeauftragten.

8. **Parkplatzverwaltung**
   - Separate Speicherung von Fahrzeugkennzeichen ohne Verknüpfung mit anderen Personaldaten.
   - Löschung der Daten unmittelbar nach Austritt des Mitarbeitenden.

---
**Stand:** [Datum der Erstellung]
**Verantwortlich:** Datenschutzbeauftragter der APOR GmbH

---
User ID: ARN2026
Mode: chat
Time elapsed: 434 seconds
Date: 2026-02-07T13:50:18.979Z
```"
"99","ARN2026","form","```markdown
# Mitarbeiterdatenverwaltung
**Verzeichnis von Verarbeitungstätigkeiten gemäß Artikel 30 DSGVO**

---

## 1. Verantwortliche Stelle und Kontaktdaten

Als verantwortliche Stelle im Sinne der Datenschutz-Grundverordnung (DSGVO) verarbeiten wir personenbezogene Daten im Rahmen unserer betrieblichen Tätigkeiten. Die folgenden Angaben dienen der Identifikation und Kontaktaufnahme:

- **Name der verantwortlichen Stelle:** APOR GmbH
- **Rolle:** Verantwortlicher (Data Controller) sowie Benennung eines Datenschutzbeauftragten (DPO)
- **Anschrift:** Mainstraße 67, 89073 Ulm
- **E-Mail-Adresse:** mail@apor.eu
- **Telefonnummer:** 01234 5678
- **Vertreter der verantwortlichen Stelle:** A.I.
- **Datenschutzbeauftragter (DSB):** A.I.

---

## 2. Zwecke und Rechtsgrundlagen der Verarbeitung

Wir verarbeiten personenbezogene Daten unserer Mitarbeitenden ausschließlich zu folgenden Zwecken und auf Grundlage der nachstehenden Rechtsgrundlagen:

### Zwecke der Verarbeitung
Die Verarbeitung personenbezogener Daten im Rahmen der Mitarbeiterdatenverwaltung dient der Erfüllung arbeitsvertraglicher, gesetzlicher und betrieblicher Pflichten der APOR GmbH. Dazu gehören insbesondere:

- Personalverwaltung und -organisation
- Gehaltsabrechnung und Lohnbuchhaltung
- Meldungen an Sozialversicherungsträger und Finanzbehörden
- Steuerliche Angelegenheiten (z. B. Lohnsteueranmeldung)
- Verwaltung von Urlaubs- und Arbeitszeitkonten
- Einhaltung gesetzlicher Aufbewahrungspflichten gemäß Handelsgesetzbuch (HGB), Abgabenordnung (AO) und Bundesdatenschutzgesetz (BDSG)
- Wahrung berechtigter Interessen des Unternehmens (z. B. interne Organisation, Compliance)

Die Datenverarbeitung erfolgt ausschließlich zur ordnungsgemäßen Durchführung des Beschäftigungsverhältnisses sowie zur Erfüllung rechtlicher Verpflichtungen.

### Rechtsgrundlagen der Verarbeitung
Die Verarbeitung personenbezogener Daten erfolgt auf Grundlage der folgenden Rechtsnormen:

- **Art. 6 Abs. 1 lit. b DSGVO:** Erfüllung eines Vertrags (Arbeitsvertrag) oder zur Durchführung vorvertraglicher Maßnahmen
- **Art. 6 Abs. 1 lit. c DSGVO:** Erfüllung einer rechtlichen Verpflichtung (z. B. steuer- und sozialversicherungsrechtliche Meldepflichten)
- **Art. 6 Abs. 1 lit. f DSGVO:** Wahrung berechtigter Interessen des Verantwortlichen (z. B. interne Organisation, Compliance)
- **§ 26 BDSG:** Datenverarbeitung für Zwecke des Beschäftigungsverhältnisses
- **§ 257 HGB:** Aufbewahrung von Handelsbüchern, Inventaren, Bilanzen und Buchungsbelegen
- **§ 239 Abs. 1 HGB:** Führung und Aufbewahrung von Handelsbüchern
- **§ 147 AO:** Aufbewahrung von Unterlagen und Aufzeichnungen für steuerliche Zwecke

---

## 3. Kategorien personenbezogener Daten und Datenquellen

### Verarbeitete Datenkategorien
Wir verarbeiten folgende Kategorien personenbezogener Daten unserer Mitarbeitenden:

#### Personenbezogene Daten
- Nachname
- Vorname
- Geburtsdatum
- Geburtsort
- Geschlecht
- Staatsangehörigkeit
- Anschrift (Wohnadresse)
- Telefonnummer
- E-Mail-Adresse
- Familienstand

#### Beschäftigungsbezogene Daten
- Arbeitszeiten
- Berufliche Position
- Personalnummer
- Unternehmenszugehörigkeit
- Urlaubsanspruch
- Urlaubstage
- Urlaubszeiten

#### Finanzdaten
- Gehalt/Lohn
- Bankverbindung
- Steueridentifikationsnummer
- Steuerklasse
- Monatliche Gehälter
- Monatliche Löhne

#### Gesundheitsdaten
- Krankenversicherungsnummer
- Sozialversicherungsnummer
- Krankheitstage
- Versicherungsstatus

#### Rechtliche Daten
- Vertragsdaten (Arbeitsvertrag, Zusatzvereinbarungen)
- Ausweisdokumente (Kopie Personalausweis/Reisepass)

#### Dokumentations- und Belegdaten
- Individuelle Dokumentation (z. B. Personalakten)
- Belege (z. B. Reisekostenabrechnungen)
- Rechnungsdaten (eingehende und ausgehende Rechnungen)

#### Fahrzeugdaten
- Kennzeichen (sofern dienstlich genutzt)

### Datenquellen
Die personenbezogenen Daten stammen aus folgenden Quellen:

- Microsoft Office 365 (z. B. Outlook, Teams, SharePoint)
- Finanzdienstleistungssoftware (z. B. Lohnbuchhaltung, Buchhaltungssysteme)
- HR-Software (z. B. Personalverwaltungssysteme)
- Unternehmenssysteme (z. B. ERP-Systeme, Dokumentenmanagement)
- Dokumentenverarbeitungssysteme (z. B. digitale Personalakten)

---

## 4. Betroffene Personen und Empfänger der Daten

### Kategorien betroffener Personen
Die Verarbeitung personenbezogener Daten betrifft folgende Personengruppen:

- Interne Gruppen (Mitarbeitende der APOR GmbH)

### Interne Empfänger der Daten
Innerhalb unserer Organisation erhalten folgende Abteilungen und Rollen Zugriff auf die personenbezogenen Daten:

- Geschäftsführung
- Verwaltung (z. B. Personalabteilung, Buchhaltung)
- Technische Abteilungen (z. B. IT-Administration)
- Finanzabteilung
- Rechts- und Compliance-Abteilung
- HR- und Recruiting-Rollen

### Externe Empfänger der Daten (innerhalb der EU)
Personenbezogene Daten werden an folgende externe Empfänger übermittelt:

- Behörden (z. B. Finanzamt, Sozialversicherungsträger)
- Software- und Cloud-Anbieter (z. B. Microsoft Office 365, HR-Software)
- Krankenkassen und Versicherungsträger
- Finanzinstitute (z. B. Banken für Gehaltszahlungen)

---

## 5. Aufbewahrungsfristen und Löschung

### Aufbewahrungsfristen
Wir bewahren personenbezogene Daten unserer Mitarbeitenden gemäß den gesetzlichen Vorgaben auf. Die Aufbewahrungsfristen richten sich nach den folgenden Grundsätzen:

- **Nach Beendigung des Beschäftigungsverhältnisses** werden personenbezogene Daten grundsätzlich für einen Zeitraum von **3 Monaten** aufbewahrt, sofern keine längeren gesetzlichen Aufbewahrungspflichten bestehen.
- Für bestimmte Datenkategorien gelten verlängerte Aufbewahrungsfristen gemäß **§ 257 HGB** (10 Jahre für Buchungsbelege) und **§ 147 AO** (6 bzw. 10 Jahre für steuerrelevante Unterlagen).

### Löschungskonzept
Nach Ablauf der Aufbewahrungsfristen werden die Daten gemäß unseren internen Richtlinien gelöscht oder anonymisiert. Eine Löschung erfolgt nicht, sofern gesetzliche Aufbewahrungspflichten einer Löschung entgegenstehen.

---

## 6. Technische und organisatorische Maßnahmen (TOM)

Um die Sicherheit und Vertraulichkeit der verarbeiteten personenbezogenen Daten zu gewährleisten, haben wir folgende technische und organisatorische Maßnahmen implementiert:

### Zugriffskontrolle
- **Rollenbasierter Zugriff (Need-to-know-Prinzip):** Nur berechtigte Mitarbeitende erhalten Zugriff auf personenbezogene Daten.
- **Passwortschutz:** Starke Passwörter und ggf. Multi-Faktor-Authentifizierung (MFA) für den Zugriff auf Systeme.
- **Zutrittskontrolle:** Physische Sicherung von Serverräumen und Archiven (z. B. Schlüsselkarten, Alarmanlagen).

### Datensicherung
- **Regelmäßige Backups:** Automatisierte Sicherungskopien der Datenbestände.
- **Wiederherstellungspläne:** Notfallkonzepte für den Fall eines Datenverlusts.

### Vertraulichkeit
- **Vertraulichkeitsverpflichtung:** Alle Mitarbeitenden mit Zugriff auf personenbezogene Daten sind zur Vertraulichkeit verpflichtet.
- **Schulungen:** Regelmäßige Sensibilisierung der Mitarbeitenden für Datenschutzthemen.

### Integrität und Verfügbarkeit
- **Verschlüsselung:** Daten werden bei der Speicherung und Übertragung verschlüsselt.
- **Monitoring:** Überwachung der Systeme auf ungewöhnliche Aktivitäten.

### Dokumentation
- **Protokollierung:** Zugriffe auf personenbezogene Daten werden protokolliert.
- **Regelmäßige Überprüfung:** Technische und organisatorische Maßnahmen werden regelmäßig überprüft und aktualisiert.

---
**Ende des Verzeichnisses von Verarbeitungstätigkeiten**

---
User ID: ARN2026
Mode: form
Time elapsed: 225 seconds
Date: 2026-02-07T13:56:14.099Z
```"
"100","EHJ2314","chat","```markdown
# Personalinformation_003
**Verzeichnis von Verarbeitungstätigkeiten gemäß Artikel 30 DSGVO**

---

## 1. Verantwortliche Stelle und Kontaktdaten

Wir, die **APOR GmbH**, fungieren als datenschutzrechtlich Verantwortliche im Sinne der Datenschutz-Grundverordnung (DSGVO). Unsere Kontaktdaten sowie die des benannten Datenschutzbeauftragten lauten wie folgt:

- **Firmenname:** APOR GmbH
- **Anschrift:** Mainstraße 67, 89073 Ulm
- **E-Mail-Adresse:** mail@apor.eu
- **Telefonnummer:** 012345678
- **Vertreter der verantwortlichen Stelle:** A. I.
- **Datenschutzbeauftragter:** A. I.

---

## 2. Zwecke und Rechtsgrundlagen der Verarbeitung

Zum gegenwärtigen Zeitpunkt liegen uns keine spezifischen Angaben zu den Zwecken der Datenverarbeitung vor. Die Rechtsgrundlagen für die von uns durchgeführten Verarbeitungsvorgänge sind derzeit nicht definiert.

---

## 3. Kategorien personenbezogener Daten und Datenquellen

### Verarbeitete Datenkategorien
Zum jetzigen Zeitpunkt verarbeiten wir keine personenbezogenen Daten im Rahmen unserer Tätigkeit.

### Datenquellen
Es liegen keine Angaben zu den von uns genutzten Datenquellen vor.

---

## 4. Betroffene Personen und Empfänger

### Betroffene Personen
Aktuell liegen uns keine Informationen zu den Kategorien betroffener Personen vor.

### Empfänger der Daten
Es sind keine internen oder externen Empfängerkategorien definiert, an die personenbezogene Daten übermittelt werden.

---

## 5. Aufbewahrungsfristen und Löschung

Zum gegenwärtigen Zeitpunkt sind keine spezifischen Aufbewahrungsfristen oder Löschkonzepte für personenbezogene Daten festgelegt.

---

## 6. Technische und organisatorische Maßnahmen (TOM)

Derzeit liegen uns keine dokumentierten technischen und organisatorischen Maßnahmen zum Schutz personenbezogener Daten vor.

---

**Datum der Erstellung:** [Datum einfügen]
**Verantwortlich für die Führung des Verzeichnisses:** A. I. (Datenschutzbeauftragter)

---
*Dieses Verzeichnis wird regelmäßig überprüft und bei Bedarf aktualisiert, um die Einhaltung der DSGVO sicherzustellen.*

---
User ID: EHJ2314
Mode: chat
Time elapsed: 232 seconds
Date: 2026-02-07T13:56:26.328Z
```"
"101","ALB0226","chat","```markdown
# Verzeichnis der Verarbeitungstätigkeiten (VVT)
**Mitarbeiterverwaltung (Arbeitszeit/Urlaub) & Parkplatzberechtigung**

---

## 1. Verantwortliche Stelle und Kontaktdaten

Wir, die **APOR GmbH**, sind als verantwortliche Stelle für die im Rahmen der Mitarbeiterverwaltung (Arbeitszeit/Urlaub) sowie der Parkplatzberechtigung durchgeführten Verarbeitungstätigkeiten personenbezogener Daten gemäß Art. 30 DSGVO verantwortlich.

- **Name der Organisation:** APOR GmbH
- **Rolle:** Verantwortlicher (Art. 4 Nr. 7 DSGVO)
- **Anschrift:** Mainstraße 67, 89073 Ulm
- **E-Mail-Adresse:** ai@apor.eu
- **Telefonnummer:** 012345678
- **Vertreter der verantwortlichen Stelle:** Elias Berisha
- **Datenschutzbeauftragter:** Elias Berisha

---

## 2. Zwecke und Rechtsgrundlagen der Verarbeitung

Aufgrund der uns zur Verfügung gestellten Informationen liegen derzeit keine spezifischen Angaben zu den Zwecken der Verarbeitung vor. Wir werden diese Angaben unverzüglich ergänzen, sobald sie vorliegen.

Ebenso wurden keine Rechtsgrundlagen für die Verarbeitung gemäß Art. 6 Abs. 1 DSGVO oder anderen einschlägigen Vorschriften angegeben. Die Rechtsgrundlagen werden nachgereicht, sobald diese festgelegt sind.

---

## 3. Kategorien personenbezogener Daten und Datenquellen

### Verarbeitete Datenkategorien
Auf Basis der uns übermittelten Informationen werden derzeit keine personenbezogenen Daten im Rahmen der genannten Verarbeitungstätigkeiten verarbeitet.

### Datenquellen
Es liegen keine Angaben zu den verwendeten Datenquellen vor.

---

## 4. Betroffene Personen und Empfänger

### Kategorien betroffener Personen
Es wurden keine Kategorien betroffener Personen spezifiziert.

### Empfängerkategorien
#### Interne Empfänger
Es wurden keine internen Empfängerkategorien benannt.

#### Externe Empfänger innerhalb der EU
Es wurden keine externen Empfängerkategorien innerhalb der EU angegeben.

#### Berechtigte Personen
Es wurden keine berechtigten Personen oder Rollen definiert.

---

## 5. Aufbewahrungsfristen und Löschung

Es liegen keine Angaben zu Aufbewahrungsfristen oder Löschkonzepten vor. Wir werden diese Informationen ergänzen, sobald sie verfügbar sind.

---

## 6. Technische und organisatorische Maßnahmen (TOM)

Zum Schutz der verarbeiteten personenbezogenen Daten haben wir technische und organisatorische Maßnahmen implementiert, um die Sicherheit und Vertraulichkeit der Daten gemäß Art. 32 DSGVO zu gewährleisten. Aufgrund der uns zur Verfügung gestellten Informationen wurden jedoch keine spezifischen Maßnahmen benannt.

Wir werden die entsprechenden Maßnahmen dokumentieren und in dieses Verzeichnis aufnehmen, sobald sie festgelegt sind.

---
User ID: ALB0226
Mode: chat
Time elapsed: 182 seconds
Date: 2026-02-08T10:32:36.910Z
```"
"102","NAB0152","chat","```markdown
# Mitarbeiterdatenverarbeitung
**Verzeichnis von Verarbeitungstätigkeiten gemäß Artikel 30 DSGVO**

---

## 1. Verantwortliche Stelle und Kontaktdaten

**Verantwortlicher:**
- **Name:** APOR GmbH
- **Rolle:** Verantwortlicher im Sinne der DSGVO
- **Anschrift:** Mainstraße 67, 89073 Ulm
- **E-Mail:** mail@apor.eu
- **Telefon:** 012345678

**Vertreter des Verantwortlichen:**
- A. I.

**Datenschutzbeauftragter:**
- A. I.

---

## 2. Zwecke und Rechtsgrundlagen der Verarbeitung

### 2.1 Zwecke der Verarbeitung
Wir verarbeiten personenbezogene Daten unserer Mitarbeitenden, um den gesamten Beschäftigungszyklus vom Eintritt bis zum Austritt zu verwalten. Dies umfasst:
- Die Anlage und Pflege von Mitarbeiterstammdaten,
- Die Dokumentation von Arbeitszeiten,
- Die Verwaltung von Urlaubs- und Abwesenheitszeiten,
- Die Verwaltung von Parkplatzberechtigungen für berechtigte Mitarbeitende, einschließlich der Hinterlegung eines Zuordnungsmerkmals (z. B. Fahrzeugkennzeichen) zur Nutzung des Firmenparkplatzes.

### 2.2 Rechtsgrundlagen der Verarbeitung
Die Verarbeitung erfolgt auf folgenden Rechtsgrundlagen:
- **Art. 6 Abs. 1 lit. b DSGVO** (Erfüllung eines Vertrags oder vorvertraglicher Maßnahmen),
- **Art. 6 Abs. 1 lit. f DSGVO** (Wahrung berechtigter Interessen, sofern keine überwiegenden Interessen der betroffenen Person entgegenstehen),
- **§ 26 BDSG** (Datenverarbeitung für Zwecke des Beschäftigungsverhältnisses).

---

## 3. Kategorien personenbezogener Daten und Datenquellen

### 3.1 Kategorien personenbezogener Daten
Wir verarbeiten folgende Kategorien personenbezogener Daten unserer Mitarbeitenden:

**Personenbezogene Daten:**
- Nachname
- Vorname
- Geburtsdatum
- Geburtsort
- Geschlecht
- Staatsangehörigkeit
- Anschrift
- Telefonnummer
- E-Mail-Adresse

**Beschäftigungsdaten:**
- Arbeitszeiten
- Urlaubsanspruch
- Urlaubstage
- Urlaubszeiten

**Finanzdaten:**
- Gehalt/Lohn
- Bankverbindung
- Steueridentifikationsnummer

**Vertrags- und Rechtsdaten:**
- Vertragsdaten

**Fahrzeugdaten:**
- Fahrzeugkennzeichen

### 3.2 Datenquellen
Die personenbezogenen Daten werden aus folgenden Quellen erhoben:
- Web- und Intranet-Systeme
- HR-Software
- Dokumentenverarbeitungssysteme

---

## 4. Betroffene Personen und Empfänger der Daten

### 4.1 Betroffene Personen
Die Verarbeitung betrifft folgende Kategorien betroffener Personen:
- Mitarbeitende der APOR GmbH

### 4.2 Empfänger der Daten
Wir übermitteln personenbezogene Daten an folgende Empfänger:

**Externe Empfänger:**
- Sozialversicherungsträger
- Steuerberater
- Parkplatzverwaltungssysteme (z. B. für die Zuordnung von Fahrzeugkennzeichen)

---

## 5. Löschfristen und Speicherdauer

### 5.1 Löschfristen
Die personenbezogenen Daten unserer Mitarbeitenden werden standardmäßig **3 Monate nach Austritt des Mitarbeitenden** gelöscht, sofern keine gesetzlichen Aufbewahrungspflichten (z. B. nach HGB oder AO) bestehen.

### 5.2 Ausnahmen von der Löschfrist
Sofern gesetzliche Aufbewahrungspflichten bestehen, werden die Daten über die reguläre Löschfrist hinaus gespeichert.

---

## 6. Technische und organisatorische Maßnahmen (TOM)

Wir haben folgende technische und organisatorische Maßnahmen zum Schutz der personenbezogenen Daten unserer Mitarbeitenden implementiert:

- **Zugriffsbeschränkung:** Zugriff auf personenbezogene Daten erfolgt nach dem Need-to-know-Prinzip mit rollenbasierten Berechtigungen.
- **Authentifizierung:** Passwortschutz und optionale Mehrfaktor-Authentifizierung (MFA) für den Zugriff auf Systeme.
- **Datenverfügbarkeit:** Regelmäßige Backups zur Sicherstellung der Datenverfügbarkeit.
- **Zutrittskontrolle:** Physische Zutrittskontrolle zu Serverräumen und Archiven.
- **Vertraulichkeit:** Verpflichtung aller berechtigten Mitarbeitenden zur Vertraulichkeit.
- **Löschung:** Automatisierte oder manuelle Löschung der Daten spätestens 3 Monate nach Austritt des Mitarbeitenden, sofern keine gesetzlichen Aufbewahrungspflichten bestehen.

---
**Ende des Verzeichnisses**

---
User ID: NAB0152
Mode: chat
Time elapsed: 1109 seconds
Date: 2026-02-08T17:14:53.367Z
```"
"103","NAB0152","ask","```markdown
# Dokumentation von Arbeitszeiten
**Verzeichnis von Verarbeitungstätigkeiten (VVT) gemäß Artikel 30 DSGVO**

---

## 1. Verantwortliche Stelle und Kontaktdaten

Wir, die **APOR GmbH**, fungieren als datenschutzrechtlich Verantwortliche im Sinne der DSGVO. Unsere Kontaktdaten sowie die des Datenschutzbeauftragten sind wie folgt:

- **Firmenname:** APOR GmbH
- **Anschrift:** Mainstraße 67, 89073 Ulm
- **E-Mail:** mail@apor.eu
- **Telefon:** 012345678
- **Vertreter:** A. I. (ai@apor.eu)
- **Datenschutzbeauftragter:** A. I. (ai@apor.eu)

---

## 2. Zweck und Rechtsgrundlage der Verarbeitung

Zum gegenwärtigen Zeitpunkt liegen keine spezifischen Angaben zu den Zwecken der Datenverarbeitung vor. Eine detaillierte Dokumentation der Verarbeitungszwecke sowie der entsprechenden Rechtsgrundlagen gemäß Artikel 6 Abs. 1 DSGVO oder anderer einschlägiger Vorschriften erfolgt zu einem späteren Zeitpunkt.

---

## 3. Kategorien personenbezogener Daten und Datenquellen

### Verarbeitete Datenkategorien
Zum aktuellen Stand werden keine personenbezogenen Daten im Rahmen der Dokumentation von Arbeitszeiten verarbeitet.

### Datenquellen
Es liegen keine Angaben zu den verwendeten Datenquellen oder Systemen vor, aus denen personenbezogene Daten bezogen werden.

---

## 4. Betroffene Personen und Empfänger

### Betroffene Personengruppen
Zum gegenwärtigen Zeitpunkt sind keine Kategorien betroffener Personen definiert.

### Empfänger der Daten
Es wurden keine internen oder externen Empfängerkategorien benannt, an die personenbezogene Daten übermittelt werden.

---

## 5. Speicherfristen und Löschkonzepte

Aktuell liegen keine spezifischen Angaben zu Speicherfristen oder Löschfristen vor. Eine detaillierte Regelung zur Aufbewahrung und Löschung personenbezogener Daten wird zu einem späteren Zeitpunkt implementiert.

---

## 6. Technische und organisatorische Maßnahmen (TOM)

Zum aktuellen Zeitpunkt wurden keine technischen oder organisatorischen Maßnahmen zur Gewährleistung der Datensicherheit und des Datenschutzes dokumentiert. Die Implementierung geeigneter Maßnahmen gemäß Artikel 32 DSGVO erfolgt im Rahmen der weiteren Ausgestaltung unserer Datenschutzprozesse.

---

**Stand:** [Datum der Erstellung]
**Verantwortlich:** Datenschutzbeauftragter der APOR GmbH

---
User ID: NAB0152
Mode: ask
Time elapsed: 652 seconds
Date: 2026-02-08T17:27:36.734Z
```"
"104","AMR2620","form","```markdown
# Mitarbeiterverwaltung (Arbeitszeit/Urlaub) & Parkplatzberechtigung
**Records of Processing Activities (Verzeichnis von Verarbeitungstätigkeiten) gemäß Art. 30 DSGVO**

---

## 1. Verantwortliche Stelle und Kontaktdaten

**Verantwortliche Stelle (Verantwortlicher im Sinne der DSGVO):**
- **Name der Organisation:** APOR GmbH
- **Rolle:** Verantwortlicher (Data Controller) sowie Datenschutzbeauftragter (DSB)
- **Anschrift:** Mainstraße 67, 89073 Ulm
- **E-Mail:** mail@apor.eu
- **Telefon:** 012345678
- **Vertreter der verantwortlichen Stelle:** A. I. (ai@apor.eu)
- **Datenschutzbeauftragter (DSB):** A. I. (ai@apor.eu)

---

## 2. Zwecke und Rechtsgrundlagen der Verarbeitung

### 2.1 Verarbeitungszwecke
Wir verarbeiten personenbezogene Daten unserer Mitarbeiterinnen und Mitarbeiter zur Verwaltung von Arbeitszeiten, Urlaubsansprüchen sowie zur Regelung der Parkplatzberechtigung. Dies umfasst:
- Die Erfassung, Speicherung und Nutzung von Beschäftigtendaten (z. B. Personalnummer, Arbeitszeiten, Urlaubstage, Fahrzeugkennzeichen).
- Die Erfüllung arbeitsvertraglicher Pflichten sowie die Organisation betrieblicher Abläufe.
- Die Gewährleistung der Compliance mit gesetzlichen Vorgaben, insbesondere dem Arbeitszeitgesetz und steuerrechtlichen Bestimmungen.
- Die interne Nutzung der Daten ausschließlich für betriebliche Zwecke.

### 2.2 Rechtsgrundlagen der Verarbeitung
Die Verarbeitung personenbezogener Daten erfolgt auf folgenden Rechtsgrundlagen:
- **Art. 6 Abs. 1 lit. b DSGVO** (Erfüllung eines Vertrags oder vorvertraglicher Maßnahmen).
- **§ 26 BDSG** (Datenverarbeitung für Zwecke des Beschäftigungsverhältnisses).
- **Ergänzende Rechtsgrundlagen:**
  - Arbeitszeitgesetz (ArbZG)
  - Steuerrechtliche Vorgaben (z. B. zur Dokumentation von Arbeitszeiten).

---

## 3. Kategorien personenbezogener Daten und Datenquellen

### 3.1 Kategorien personenbezogener Daten
Wir verarbeiten folgende Kategorien personenbezogener Daten:

**Personenbezogene Daten:**
- Nachname
- Vorname
- Anschrift
- E-Mail-Adresse

**Beschäftigtendaten:**
- Arbeitszeiten
- Berufliche Position
- Personalnummer
- Unternehmenszugehörigkeit
- Urlaubsanspruch
- Urlaubstage
- Urlaubszeiten

**Vertragsdaten:**
- Vertragsdaten

**Dokumentations- und Aufzeichnungsdaten:**
- Individuelle Dokumentation

**Fahrzeugdaten:**
- Fahrzeugkennzeichen

### 3.2 Datenquellen
Die personenbezogenen Daten werden aus folgenden Quellen erhoben:
- Microsoft Office 365 (intern gehostet)
- Internes Web- und Intranet-Systeme
- HR-Software
- Intern gehostete Server (keine externe Cloud)

---

## 4. Betroffene Personen und Empfänger der Daten

### 4.1 Kategorien betroffener Personen
Die Verarbeitung betrifft folgende Personengruppen:
- Interne Gruppen (Mitarbeiterinnen und Mitarbeiter der APOR GmbH)

### 4.2 Interne Empfänger der Daten
Die Daten werden innerhalb der Organisation an folgende interne Empfänger übermittelt:
- Geschäftsführung
- Verwaltung
- Technische Abteilungen
- Rechts- und Compliance-Abteilung
- Logistik und Betriebsorganisation
- Personalabteilung (HR)

### 4.3 Externe Empfänger der Daten (innerhalb der EU)
Daten werden an folgende externe Empfänger übermittelt:
- Behörden (z. B. Finanzamt, Sozialversicherungsträger)

---

## 5. Speicherfristen und Löschung

### 5.1 Speicherfristen
Die personenbezogenen Daten werden für die Dauer des Beschäftigungsverhältnisses sowie darüber hinaus gespeichert, soweit dies zur Erfüllung gesetzlicher Aufbewahrungspflichten erforderlich ist.

### 5.2 Löschfristen
- **Löschfrist nach Beendigung des Beschäftigungsverhältnisses:**
  Alle in diesem Zusammenhang gespeicherten Informationen werden spätestens **3 Monate nach Austritt der jeweiligen Person** gelöscht.

---

## 6. Technische und organisatorische Maßnahmen (TOM)

Zur Gewährleistung der Sicherheit und des Schutzes personenbezogener Daten haben wir folgende technische und organisatorische Maßnahmen implementiert:

- **Zugriffsbeschränkung:** Rollenbasierter Zugriff nach dem Need-to-know-Prinzip.
- **Authentifizierung:** Passwortschutz, ggf. Multi-Faktor-Authentifizierung (MFA).
- **Datenintegrität und Verfügbarkeit:** Regelmäßige Backups zur Sicherung der Daten.
- **Physische Sicherheit:** Zutrittskontrolle zu Serverräumen und Archiven.
- **Vertraulichkeit:** Verpflichtung der berechtigten Mitarbeitenden zur Wahrung der Vertraulichkeit.
- **Dokumentation:** Protokollierung von Zugriffen und Verarbeitungsvorgängen.

---
**Stand:** [Datum der Erstellung/letzten Aktualisierung]
**Verantwortlich:** Datenschutzbeauftragter der APOR GmbH

---
User ID: AMR2620
Mode: form
Time elapsed: 558 seconds
Date: 2026-02-08T17:32:46.536Z
```"
"105","AMR2620","chat","```markdown
# Mitarbeiterverwaltung (Arbeitszeit/Urlaub) & Parkplatzberechtigung
**Records of Processing Activities (ROPA) gemäß Artikel 30 DSGVO**

---

## 1. Verantwortliche Stelle und Kontaktdaten

Als verantwortliche Stelle im Sinne der DSGVO verarbeiten wir personenbezogene Daten im Rahmen unserer Geschäftstätigkeit. Die folgenden Angaben dienen der Identifikation und Kontaktaufnahme:

- **Name der verantwortlichen Stelle:** APOR GmbH
- **Rolle:** Verantwortlicher (Data Controller)
- **Anschrift:** Mainstraße 67, 89073 Ulm
- **E-Mail-Adresse:** mail@apor.eu
- **Telefonnummer:** 012345678
- **Vertreter der verantwortlichen Stelle:** A. I., ai@apor.eu
- **Datenschutzbeauftragter (DSB):** A. I., ai@apor.eu

---

## 2. Zweck und Rechtsgrundlage der Verarbeitung

### 2.1 Zweck der Verarbeitung
Wir verarbeiten personenbezogene Daten zur Verwaltung unserer Mitarbeitenden über den gesamten Beschäftigungszeitraum – vom Eintritt bis zum Austritt. Dies umfasst folgende Zwecke:

- Anlage und Pflege von Mitarbeiterstammdaten.
- Dokumentation von Arbeitszeiten.
- Verwaltung von Urlaubsansprüchen und Abwesenheiten.
- Verwaltung von Parkplatzberechtigungen für berechtigte Mitarbeitende, einschließlich der Hinterlegung von Zuordnungsmerkmalen (z. B. Fahrzeugkennzeichen) zur Steuerung der Nutzung des Firmenparkplatzes mit Schrankenanlage.

### 2.2 Rechtsgrundlage der Verarbeitung
Die Verarbeitung personenbezogener Daten erfolgt auf Grundlage der folgenden Rechtsgrundlagen:

*(Hinweis: Gemäß den bereitgestellten Informationen wurde keine spezifische Rechtsgrundlage ausgewählt. Die Verarbeitung muss jedoch auf einer gültigen Rechtsgrundlage gemäß Artikel 6 DSGVO oder anderen einschlägigen Vorschriften beruhen. Eine nachträgliche Ergänzung ist erforderlich.)*

---

## 3. Kategorien personenbezogener Daten und Datenquellen

### 3.1 Kategorien personenbezogener Daten
Wir verarbeiten folgende Kategorien personenbezogener Daten:

**Personenbezogene Daten:**
- Nachname
- Vorname
- Anschrift
- Telefonnummer
- E-Mail-Adresse

**Beschäftigungsbezogene Daten:**
- Arbeitszeiten
- Personalnummer
- Urlaubsanspruch
- Urlaubstage

**Fahrzeugbezogene Daten:**
- Fahrzeugkennzeichen

### 3.2 Datenquellen
Die personenbezogenen Daten stammen aus folgenden Quellen:
- Microsoft Office 365
- Interne Server

---

## 4. Betroffene Personen und Empfänger der Daten

### 4.1 Kategorien betroffener Personen
Die Verarbeitung betrifft folgende Kategorien betroffener Personen:
*(Keine spezifischen Kategorien angegeben.)*

### 4.2 Empfänger der Daten
Die personenbezogenen Daten werden an folgende Empfängerkategorien übermittelt:

**Interne Empfänger:**
*(Keine spezifischen internen Empfängerkategorien angegeben.)*

**Externe Empfänger in der EU:**
*(Keine spezifischen externen Empfängerkategorien angegeben.)*

**Berechtigte Personen:**
*(Keine spezifischen Rollen oder Berechtigungen angegeben.)*

---

## 5. Löschfristen und Aufbewahrungsdauer

### 5.1 Reguläre Löschfristen
Wir löschen personenbezogene Daten gemäß folgender Fristen:
- **Löschfrist nach Beendigung des Beschäftigungsverhältnisses:** 3 Monate nach Austritt des Mitarbeitenden.

### 5.2 Ausnahmen von der Löschfrist
Für bestimmte Datenkategorien gelten gesetzliche Aufbewahrungspflichten, die über die reguläre Löschfrist hinausgehen. Diese Daten werden erst nach Ablauf der gesetzlichen Fristen gelöscht.

*(Ein spezielles Löschkonzept liegt derzeit nicht vor.)*

---

## 6. Technische und organisatorische Maßnahmen (TOM)

### 6.1 Technische Maßnahmen
Zum Schutz der verarbeiteten personenbezogenen Daten haben wir folgende technische Maßnahmen implementiert:

- **Zugriffskontrolle:** Rollenbasierter Zugriff (Need-to-know-Prinzip) für HR-Daten, Arbeitszeiten, Urlaubsansprüche und Parkplatzberechtigungen (Fahrzeugkennzeichen).
- **Mehrstufige Authentifizierung (MFA):** Für Systeme mit sensiblen Daten (z. B. HR-Software, Parkplatzverwaltung).
- **Verschlüsselung:** Daten werden sowohl bei der Speicherung als auch bei der Übertragung verschlüsselt.
- **Backups:** Regelmäßige, verschlüsselte Backups der Mitarbeiterdaten und Parkplatzzuordnungen (täglich, extern gespeichert).
- **Protokollierung:** Alle Zugriffe und Änderungen an Mitarbeiterdaten und Parkplatzberechtigungen werden protokolliert.

### 6.2 Organisatorische Maßnahmen
Zusätzlich zu den technischen Maßnahmen haben wir folgende organisatorische Maßnahmen umgesetzt:

- **Physische Zutrittskontrolle:** Für Serverräume, Archive und Bereiche mit sensiblen Daten (z. B. Parkplatzverwaltungssystem).
- **Vertraulichkeitsverpflichtung:** Regelmäßige Schulungen und Verpflichtungserklärungen für berechtigte Mitarbeitende (HR, IT, Parkplatzverwaltung).
- **Datenminimierung:** Erhebung und Speicherung nur der notwendigen Daten (z. B. nur Fahrzeugkennzeichen für Parkplatzberechtigung).
- **Jährliche Überprüfung:** Wir überprüfen die Wirksamkeit unserer Maßnahmen jährlich.

### 6.3 Spezifische Maßnahmen für die Parkplatzverwaltung
Für die Verwaltung der Parkplatzberechtigungen gelten folgende zusätzliche Maßnahmen:

- **Verschlüsselte Speicherung:** Fahrzeugkennzeichen werden verschlüsselt gespeichert und separat für die Schrankensteuerung verwaltet.
- **Automatische Löschung:** Nicht mehr benötigte Kennzeichen (z. B. bei Austritt) werden automatisch gelöscht.
- **Physische Sicherheit:** Die Schrankenanlage ist durch abschließbare Gehäuse und Netzwerksegmentierung geschützt.

---
**Ende des Dokuments**

---
User ID: AMR2620
Mode: chat
Time elapsed: 593 seconds
Date: 2026-02-08T17:45:31.771Z
```"
"106","AMR2620","chat","```markdown
# Mitarbeiterverwaltung (Arbeitszeit/Urlaub) & Parkplatzberechtigung
**Records of Processing Activities (ROPA) gemäß Artikel 30 DSGVO**

---

## 1. Verantwortliche Stelle und Kontaktdaten

Als verantwortliche Stelle im Sinne der DSGVO verarbeiten wir personenbezogene Daten im Rahmen unserer Geschäftstätigkeit. Die folgenden Angaben dienen der Identifikation und Kontaktaufnahme:

- **Name der verantwortlichen Stelle:** APOR GmbH
- **Rolle:** Verantwortlicher (Data Controller)
- **Anschrift:** Mainstraße 67, 89073 Ulm
- **E-Mail-Adresse:** mail@apor.eu
- **Telefonnummer:** 012345678
- **Vertreter der verantwortlichen Stelle:** A. I., ai@apor.eu
- **Datenschutzbeauftragter (DSB):** A. I., ai@apor.eu

---

## 2. Zweck und Rechtsgrundlage der Verarbeitung

### 2.1 Zweck der Verarbeitung
Wir verarbeiten personenbezogene Daten zur Verwaltung unserer Mitarbeitenden über den gesamten Beschäftigungszeitraum – vom Eintritt bis zum Austritt. Dies umfasst folgende Zwecke:

- Anlage und Pflege von Mitarbeiterstammdaten.
- Dokumentation von Arbeitszeiten.
- Verwaltung von Urlaubsansprüchen und Abwesenheiten.
- Verwaltung von Parkplatzberechtigungen für berechtigte Mitarbeitende, einschließlich der Hinterlegung von Zuordnungsmerkmalen (z. B. Fahrzeugkennzeichen) zur Steuerung der Nutzung des Firmenparkplatzes mit Schrankenanlage.

### 2.2 Rechtsgrundlage der Verarbeitung
Die Verarbeitung personenbezogener Daten erfolgt auf Grundlage der folgenden Rechtsgrundlagen:

*(Hinweis: Gemäß den bereitgestellten Informationen wurde keine spezifische Rechtsgrundlage ausgewählt. Die Verarbeitung muss jedoch auf einer gültigen Rechtsgrundlage gemäß Artikel 6 DSGVO oder anderen einschlägigen Vorschriften beruhen. Eine nachträgliche Ergänzung ist erforderlich.)*

---

## 3. Kategorien personenbezogener Daten und Datenquellen

### 3.1 Kategorien personenbezogener Daten
Wir verarbeiten folgende Kategorien personenbezogener Daten:

**Personenbezogene Daten:**
- Nachname
- Vorname
- Anschrift
- Telefonnummer
- E-Mail-Adresse

**Beschäftigungsbezogene Daten:**
- Arbeitszeiten
- Personalnummer
- Urlaubsanspruch
- Urlaubstage

**Fahrzeugbezogene Daten:**
- Fahrzeugkennzeichen

### 3.2 Datenquellen
Die personenbezogenen Daten stammen aus folgenden Quellen:
- Microsoft Office 365
- Interne Server

---

## 4. Betroffene Personen und Empfänger der Daten

### 4.1 Kategorien betroffener Personen
Die Verarbeitung betrifft folgende Kategorien betroffener Personen:
*(Keine spezifischen Kategorien angegeben.)*

### 4.2 Empfänger der Daten
Die personenbezogenen Daten werden an folgende Empfängerkategorien übermittelt:

**Interne Empfänger:**
*(Keine spezifischen internen Empfängerkategorien angegeben.)*

**Externe Empfänger in der EU:**
*(Keine spezifischen externen Empfängerkategorien angegeben.)*

**Berechtigte Personen:**
*(Keine spezifischen Rollen oder Berechtigungen angegeben.)*

---

## 5. Löschfristen und Aufbewahrungsdauer

### 5.1 Reguläre Löschfristen
Wir löschen personenbezogene Daten gemäß folgender Fristen:
- **Löschfrist nach Beendigung des Beschäftigungsverhältnisses:** 3 Monate nach Austritt des Mitarbeitenden.

### 5.2 Ausnahmen von der Löschfrist
Für bestimmte Datenkategorien gelten gesetzliche Aufbewahrungspflichten, die über die reguläre Löschfrist hinausgehen. Diese Daten werden erst nach Ablauf der gesetzlichen Fristen gelöscht.

*(Ein spezielles Löschkonzept liegt derzeit nicht vor.)*

---

## 6. Technische und organisatorische Maßnahmen (TOM)

### 6.1 Technische Maßnahmen
Zum Schutz der verarbeiteten personenbezogenen Daten haben wir folgende technische Maßnahmen implementiert:

- **Zugriffskontrolle:** Rollenbasierter Zugriff (Need-to-know-Prinzip) für HR-Daten, Arbeitszeiten, Urlaubsansprüche und Parkplatzberechtigungen (Fahrzeugkennzeichen).
- **Mehrstufige Authentifizierung (MFA):** Für Systeme mit sensiblen Daten (z. B. HR-Software, Parkplatzverwaltung).
- **Verschlüsselung:** Daten werden sowohl bei der Speicherung als auch bei der Übertragung verschlüsselt.
- **Backups:** Regelmäßige, verschlüsselte Backups der Mitarbeiterdaten und Parkplatzzuordnungen (täglich, extern gespeichert).
- **Protokollierung:** Alle Zugriffe und Änderungen an Mitarbeiterdaten und Parkplatzberechtigungen werden protokolliert.

### 6.2 Organisatorische Maßnahmen
Zusätzlich zu den technischen Maßnahmen haben wir folgende organisatorische Maßnahmen umgesetzt:

- **Physische Zutrittskontrolle:** Für Serverräume, Archive und Bereiche mit sensiblen Daten (z. B. Parkplatzverwaltungssystem).
- **Vertraulichkeitsverpflichtung:** Regelmäßige Schulungen und Verpflichtungserklärungen für berechtigte Mitarbeitende (HR, IT, Parkplatzverwaltung).
- **Datenminimierung:** Erhebung und Speicherung nur der notwendigen Daten (z. B. nur Fahrzeugkennzeichen für Parkplatzberechtigung).
- **Jährliche Überprüfung:** Wir überprüfen die Wirksamkeit unserer Maßnahmen jährlich.

### 6.3 Spezifische Maßnahmen für die Parkplatzverwaltung
Für die Verwaltung der Parkplatzberechtigungen gelten folgende zusätzliche Maßnahmen:

- **Verschlüsselte Speicherung:** Fahrzeugkennzeichen werden verschlüsselt gespeichert und separat für die Schrankensteuerung verwaltet.
- **Automatische Löschung:** Nicht mehr benötigte Kennzeichen (z. B. bei Austritt) werden automatisch gelöscht.
- **Physische Sicherheit:** Die Schrankenanlage ist durch abschließbare Gehäuse und Netzwerksegmentierung geschützt.

---
**Ende des Dokuments**

---
User ID: AMR2620
Mode: chat
Time elapsed: 722 seconds
Date: 2026-02-08T17:47:40.613Z
```"
"107","AMR2620","chat","```markdown
# Mitarbeiterverwaltung (Arbeitszeit/Urlaub) & Parkplatzberechtigung
**Verzeichnis von Verarbeitungstätigkeiten gemäß Artikel 30 DSGVO**

---

## 1. Verantwortliche Stelle und Kontaktdaten

Als verantwortliche Stelle im Sinne der Datenschutz-Grundverordnung (DSGVO) verarbeiten wir personenbezogene Daten im Rahmen unserer Geschäftstätigkeit. Die folgenden Angaben dienen der Identifikation und Kontaktaufnahme:

- **Name der verantwortlichen Stelle:** APOR GmbH
- **Rolle:** Verantwortlicher (Data Controller) sowie Benennung des Datenschutzbeauftragten
- **Anschrift:** Mainstraße 67, 89073 Ulm
- **E-Mail-Adresse:** mail@apor.eu
- **Telefonnummer:** 012345678
- **Vertreter der verantwortlichen Stelle:** A. I., ai@apor.eu
- **Datenschutzbeauftragter:** A. I., ai@apor.eu

---

## 2. Zwecke und Rechtsgrundlagen der Verarbeitung

Wir verarbeiten personenbezogene Daten zu folgenden Zwecken und auf Grundlage der nachstehenden Rechtsgrundlagen:

### Zwecke der Verarbeitung
Wir verarbeiten personenbezogene Daten zur Verwaltung unserer Mitarbeitenden über den gesamten Beschäftigungszeitraum – vom Eintritt bis zum Austritt. Dies umfasst:
- Die Anlage und Pflege von Mitarbeiterstammdaten,
- Die Dokumentation von Arbeitszeiten,
- Die Verwaltung von Urlaubsansprüchen und Abwesenheiten,
- Die Verwaltung von Parkplatzberechtigungen für berechtigte Mitarbeitende, einschließlich der Hinterlegung eines Zuordnungsmerkmals (z. B. Fahrzeugkennzeichen) zur Steuerung der Nutzung des Firmenparkplatzes mit Schrankenanlage.

### Rechtsgrundlagen der Verarbeitung
Die Verarbeitung erfolgt auf Grundlage der folgenden Rechtsnormen:
- **Art. 6 Abs. 1 lit. b DSGVO:** Verarbeitung zur Erfüllung eines Vertrags (Arbeitsvertrag) oder zur Durchführung vorvertraglicher Maßnahmen.
- **Art. 6 Abs. 1 lit. c DSGVO:** Verarbeitung zur Erfüllung einer rechtlichen Verpflichtung (z. B. Aufbewahrungspflichten nach Handels- und Steuerrecht).
- **§ 26 BDSG:** Verarbeitung von Beschäftigtendaten für Zwecke des Beschäftigungsverhältnisses.
- **§ 257 HGB:** Aufbewahrung von Handelsbüchern, Inventaren, Bilanzen und sonstigen Unterlagen.
- **§ 147 AO:** Aufbewahrung von steuerrelevanten Unterlagen.

---

## 3. Kategorien personenbezogener Daten und Datenquellen

### Kategorien personenbezogener Daten
Wir verarbeiten die folgenden Kategorien personenbezogener Daten:

#### Personenbezogene Daten
- Nachname
- Vorname
- Anschrift
- Telefonnummer
- E-Mail-Adresse

#### Beschäftigungsbezogene Daten
- Arbeitszeiten
- Personalnummer
- Urlaubsanspruch
- Urlaubstage

#### Fahrzeugbezogene Daten
- Fahrzeugkennzeichen

### Datenquellen
Die personenbezogenen Daten stammen aus folgenden Quellen:
- Microsoft Office 365
- Interne Server

---

## 4. Betroffene Personen und Empfänger der Daten

### Betroffene Personen
Die Verarbeitung betrifft folgende Kategorien betroffener Personen:
- Mitarbeitende der APOR GmbH

### Empfänger der Daten
Wir übermitteln personenbezogene Daten ausschließlich an folgende interne Empfänger, sofern dies zur Erfüllung der genannten Zwecke erforderlich ist:
- Keine spezifischen internen Empfängerkategorien benannt.

Externe Empfänger innerhalb der EU:
- Keine spezifischen externen Empfängerkategorien benannt.

---

## 5. Löschfristen und Speicherdauer

Wir speichern personenbezogene Daten nur so lange, wie dies für die Erfüllung der genannten Zwecke oder aufgrund gesetzlicher Aufbewahrungspflichten erforderlich ist.

- **Löschfrist nach Beendigung des Beschäftigungsverhältnisses:**
  - Grundsätzlich werden die Daten **3 Monate nach Austritt des Mitarbeitenden** gelöscht.
  - **Ausnahme:** Daten, für die gesetzliche Aufbewahrungspflichten (z. B. nach HGB oder AO) bestehen, werden über diesen Zeitraum hinaus gespeichert.

---

## 6. Technische und organisatorische Maßnahmen (TOM)

Wir haben geeignete technische und organisatorische Maßnahmen implementiert, um ein dem Risiko angemessenes Schutzniveau für die verarbeiteten personenbezogenen Daten zu gewährleisten.

### Technische Maßnahmen
- **Zugriffskontrolle:** Rollenbasierter Zugriff (Need-to-know-Prinzip) für HR-Daten, Arbeitszeiten, Urlaubsansprüche und Parkplatzberechtigungen (Fahrzeugkennzeichen).
- **Mehrstufige Authentifizierung (MFA):** Für Systeme mit sensiblen Daten (z. B. HR-Software, Parkplatzverwaltung).
- **Verschlüsselung:** Daten werden sowohl bei der Speicherung als auch bei der Übertragung verschlüsselt.
- **Backups:** Regelmäßige, verschlüsselte Backups der Mitarbeiterdaten und Parkplatzzuordnungen (täglich, extern gespeichert).
- **Protokollierung:** Alle Zugriffe und Änderungen an Mitarbeiterdaten und Parkplatzberechtigungen werden protokolliert.

### Organisatorische Maßnahmen
- **Physische Zutrittskontrolle:** Für Serverräume, Archive und Bereiche mit sensiblen Daten (z. B. Parkplatzverwaltungssystem).
- **Vertraulichkeitsverpflichtung:** Regelmäßige Schulungen für berechtigte Mitarbeitende (HR, IT, Parkplatzverwaltung).
- **Datenminimierung:** Erhebung und Speicherung nur der notwendigen Daten (z. B. nur Fahrzeugkennzeichen für Parkplatzberechtigung).
- **Regelmäßige Überprüfung:** Jährliche Überprüfung der Maßnahmen auf Wirksamkeit.

### Spezifische Maßnahmen für die Parkplatzverwaltung
- **Verschlüsselte Speicherung:** Fahrzeugkennzeichen werden verschlüsselt gespeichert und separat für die Schrankensteuerung verwaltet.
- **Automatische Löschung:** Nicht mehr benötigte Kennzeichen (z. B. bei Austritt) werden automatisch gelöscht.
- **Physische Sicherheit:** Die Schrankenanlage ist durch abschließbare Gehäuse und Netzwerksegmentierung geschützt.

---
User ID: AMR2620
Mode: chat
Time elapsed: 755 seconds
Date: 2026-02-08T17:48:13.614Z
```"
"108","AMR2620","ask","```markdown
# Mitarbeiterverwaltung (Arbeitszeit/Urlaub) & Parkplatzberechtigung
**Verzeichnis von Verarbeitungstätigkeiten (VVT) gemäß Art. 30 DSGVO**

---

## 1. Verantwortliche Stelle und Kontaktdaten

Als verantwortliche Stelle im Sinne der Datenschutz-Grundverordnung (DSGVO) verarbeiten wir personenbezogene Daten im Rahmen unserer Geschäftstätigkeit. Die folgenden Angaben dienen der Identifikation und Kontaktaufnahme:

- **Name der verantwortlichen Stelle:** APOR GmbH
- **Rolle:** Verantwortlicher (Art. 4 Nr. 7 DSGVO) sowie Benennung eines Datenschutzbeauftragten
- **Anschrift:** Mainstraße 67, 89073 Ulm
- **E-Mail-Adresse:** mail@apor.eu
- **Telefonnummer:** 012345678
- **Vertreter der verantwortlichen Stelle:** A. I., ai@apor.eu
- **Datenschutzbeauftragter:** A. I., ai@apor.eu

---

## 2. Zwecke und Rechtsgrundlagen der Verarbeitung

Wir verarbeiten personenbezogene Daten zu folgenden Zwecken und auf Grundlage der nachstehenden Rechtsgrundlagen:

### Zwecke der Verarbeitung
Wir verarbeiten personenbezogene Daten zur Verwaltung unserer Mitarbeitenden von deren Eintritt bis zum Austritt. Dies umfasst insbesondere:
- Die Anlage und Pflege von Stammdaten der Mitarbeitenden.
- Die Dokumentation von Arbeitszeiten sowie die Verwaltung von Urlaub und Abwesenheiten.
- Die Steuerung der Parkplatzberechtigung für unseren Firmenparkplatz durch die Hinterlegung eines eindeutigen Merkmals (z. B. Fahrzeugkennzeichen).

### Rechtsgrundlagen der Verarbeitung
Die Verarbeitung erfolgt auf Grundlage der folgenden Rechtsnormen:

- **Vertragserfüllung (Art. 6 Abs. 1 lit. b DSGVO):**
  Die Verarbeitung ist erforderlich, um Arbeitsverträge zu erfüllen. Dies betrifft insbesondere die Anlage neuer Mitarbeitender, die Arbeitszeiterfassung sowie die Urlaubsverwaltung.

- **Beschäftigtendatenschutz (§ 26 BDSG):**
  Die Verarbeitung von Personalakten, Arbeitszeitdokumentationen und Stammdaten unserer Mitarbeitenden erfolgt auf Grundlage des Beschäftigtendatenschutzes.

- **Berechtigtes Interesse (Art. 6 Abs. 1 lit. f DSGVO):**
  Für die Verwaltung des Firmenparkplatzes hinterlegen wir das Fahrzeugkennzeichen der Mitarbeitenden, um den Zugang zu regeln. Hierbei überwiegt unser berechtigtes Interesse als Arbeitgeber, sofern keine schutzwürdigen Interessen der Mitarbeitenden dagegenstehen.

- **Rechtliche Verpflichtung (Art. 6 Abs. 1 lit. c DSGVO):**
  Die Aufbewahrung bestimmter Daten erfolgt aufgrund gesetzlicher Pflichten, insbesondere nach § 257 HGB (Handelsgesetzbuch) oder § 147 AO (Abgabenordnung). Dies betrifft beispielsweise Gehaltsdaten oder Arbeitsverträge.

---

## 3. Kategorien personenbezogener Daten und Datenquellen

### Kategorien personenbezogener Daten
Wir verarbeiten die folgenden Kategorien personenbezogener Daten:

#### Persönliche Daten
- Nachname
- Vorname
- Adresse
- Telefonnummer
- E-Mail-Adresse
- Geburtsdatum

#### Beschäftigtendaten
- Arbeitszeiten
- Urlaubstage und -zeiten
- Personalnummer
- Berufliche Position

#### Finanzdaten
- Bankverbindung
- Steuerklasse

#### Fahrzeugdaten
- Fahrzeugkennzeichen

### Datenquellen
Die personenbezogenen Daten stammen aus folgenden Quellen:
- Intern gehostetes Microsoft Office
- Interne Server (keine externe Cloud-Nutzung)

---

## 4. Betroffene Personen und Empfänger der Daten

### Betroffene Personen (Dateninhaber)
Die Verarbeitung betrifft folgende Kategorien von betroffenen Personen:
- Aktive Mitarbeitende (Vollzeit, Teilzeit, Auszubildende, Praktikant:innen)
- Ehemalige Mitarbeitende (bis zu drei Monate nach Austritt)
- Bewerber:innen (sofern deren Daten im Rahmen von Einstellungsprozessen verarbeitet werden)

### Interne Empfänger der Daten
Die folgenden internen Stellen und Personen haben Zugriff auf die verarbeiteten Daten:
- Personalabteilung (Stammdaten, Arbeitszeiten, Urlaub)
- IT-Administration (Zugriff auf Server, Rollenverwaltung)
- Buchhaltung (sofern Gehaltsdaten oder Bankverbindungen verarbeitet werden)
- Geschäftsführung (für strategische Entscheidungen)
- Parkplatzverantwortliche (für die Verwaltung der Fahrzeugkennzeichen)

### Externe Empfänger der Daten
In bestimmten Fällen übermitteln wir personenbezogene Daten an folgende externe Empfänger:
- Steuerberater:innen (für Lohnabrechnungen)
- Finanzamt und Sozialversicherungsträger (für gesetzliche Meldungen)
- Externe IT-Dienstleister (sofern diese Support für unsere Server leisten)

### Berechtigte Personen
Die folgenden Personen sind zur Verarbeitung der Daten berechtigt:
- HR-Manager:in (für Personalakten)
- Teamleiter:in (für Arbeitszeitfreigaben)
- Systemadministrator:in (für Zugriffsrechte)
- Parkplatzbeauftragte:r (für Kennzeichenverwaltung)

---

## 5. Löschfristen und Speicherdauer

Wir löschen personenbezogene Daten gemäß den folgenden Regelungen:
- Alle im Zusammenhang mit der Mitarbeiterverwaltung gespeicherten Informationen werden spätestens drei Monate nach Austritt der jeweiligen Person gelöscht.
- Sofern gesetzliche Aufbewahrungspflichten (z. B. nach § 257 HGB oder § 147 AO) bestehen, werden die Daten über diesen Zeitraum hinaus gespeichert.

---

## 6. Technische und organisatorische Maßnahmen (TOM)

Um die Sicherheit und den Schutz der verarbeiteten personenbezogenen Daten zu gewährleisten, haben wir folgende technische und organisatorische Maßnahmen implementiert:

- **Zugriffsbeschränkung nach dem Need-to-know-Prinzip:**
  Der Zugriff auf personenbezogene Daten ist auf diejenigen Personen beschränkt, die diese für ihre Aufgaben benötigen.

- **Passwortschutz und Multi-Faktor-Authentifizierung (MFA):**
  Der Zugang zu Systemen und Daten erfolgt ausschließlich über sichere Authentifizierungsverfahren.

- **Regelmäßige Backups:**
  Wir führen regelmäßige Sicherungen unserer Daten durch, um deren Verfügbarkeit und Integrität zu gewährleisten.

- **Zutrittskontrolle zu Serverräumen und Archiven:**
  Der physische Zugang zu Serverräumen und Archiven ist streng reglementiert und wird überwacht.

- **Vertraulichkeitsverpflichtung der berechtigten Mitarbeitenden:**
  Alle Mitarbeitenden, die Zugang zu personenbezogenen Daten haben, sind zur Vertraulichkeit verpflichtet und wurden entsprechend geschult.

---
**Ende des Verzeichnisses von Verarbeitungstätigkeiten**

---
User ID: AMR2620
Mode: ask
Time elapsed: 617 seconds
Date: 2026-02-08T18:01:53.355Z
```"
"109","UAB0821","ask","```markdown
# Mitarbeitendenverarbeitung
**Verzeichnis von Verarbeitungstätigkeiten gemäß Art. 30 DSGVO**

---

## 1. Verantwortliche Stelle und Kontaktdaten

Wir, die **APOR GmbH**, fungieren als Verantwortliche im Sinne der Datenschutz-Grundverordnung (DSGVO) für die Verarbeitung personenbezogener Daten unserer Mitarbeitenden. Nachfolgend sind unsere Kontaktdaten sowie die des Datenschutzbeauftragten aufgeführt:

- **Firmenname:** APOR GmbH
- **Anschrift:** Mainstraße 67, 89073 Ulm
- **E-Mail:** mail@apor.eu
- **Telefon:** 012345678
- **Vertreter:** A.I.
- **Datenschutzbeauftragter:** A.I. (ai@apor.eu)

---

## 2. Zwecke und Rechtsgrundlagen der Verarbeitung

### 2.1 Verarbeitungszwecke
Wir verarbeiten personenbezogene Daten unserer Mitarbeitenden zu folgenden Zwecken:

- **Anlegen neuer Mitarbeitender:**
  Erstellung und Verwaltung von Arbeitsverträgen, Stammdaten (Name, Adresse, Kontaktdaten) sowie notwendiger Unterlagen für die Einstellung (z. B. Steuer-ID, Sozialversicherungsnummer).
- **Dokumentation von Arbeitszeiten:**
  Erfassung und Speicherung von Arbeitszeiten zur Lohnabrechnung, Einhaltung des Arbeitszeitgesetzes (ArbZG) und interner Compliance.
- **Verwaltung von Urlaub und Abwesenheiten:**
  Planung, Genehmigung und Dokumentation von Urlaubsansprüchen, Krankheitstagen und anderen Abwesenheiten zur Personalplanung und Erfüllung gesetzlicher Nachweispflichten.

### 2.2 Rechtsgrundlagen
Die Verarbeitung erfolgt auf Basis folgender Rechtsgrundlagen:

- **Vertragserfüllung (Art. 6 Abs. 1 lit. b DSGVO):**
  Für die Erfüllung von Arbeitsverträgen, Gehaltsabrechnungen oder Arbeitszeitdokumentation.
- **Rechtliche Verpflichtung (Art. 6 Abs. 1 lit. c DSGVO):**
  Zur Erfüllung gesetzlicher Aufbewahrungspflichten nach Handelsgesetzbuch (HGB) oder Abgabenordnung (AO), z. B. für Gehaltsdaten.
- **§ 26 Bundesdatenschutzgesetz (BDSG):**
  Speziell für die Verarbeitung von Beschäftigtendaten in Deutschland, z. B. für Personalakten oder Compliance-Nachweise.

---

## 3. Kategorien personenbezogener Daten und Datenquellen

### 3.1 Verarbeitete Datenkategorien
Wir verarbeiten folgende personenbezogene Daten unserer Mitarbeitenden:

- **Persönliche Daten:**
  - Nachname
  - Vorname
  - Adresse
  - Telefonnummer
  - E-Mail-Adresse

- **Beschäftigungsdaten:**
  - Arbeitszeiten
  - Position
  - Urlaubsanspruch
  - Urlaubstage

- **Finanzdaten:**
  - Gehalt/Lohn
  - Bankverbindung
  - Steuer-ID

- **Fahrzeugdaten:**
  - Fahrzeugkennzeichen (für Parkplatzberechtigungen)

### 3.2 Datenquellen
Die personenbezogenen Daten stammen aus folgenden Quellen:

- Intern gehostetes **Microsoft Office** (z. B. Outlook für E-Mails, Excel/Word für Verträge und Stammdaten)
- **Interne Server** (für HR-Dokumente, Arbeitsverträge, Gehaltsabrechnungen)
- **Zeiterfassungssystem** (für Arbeitszeiten und Urlaubsplanung)
- **Parkplatzverwaltung** (separate Datenbank oder Liste mit Fahrzeugkennzeichen für Berechtigungen)

---

## 4. Betroffene Personen und Empfänger

### 4.1 Kategorien betroffener Personen
Die Verarbeitung betrifft ausschließlich unsere **Mitarbeitenden**.

### 4.2 Interne Empfänger
Personenbezogene Daten werden an folgende interne Stellen übermittelt:

- **Personalabteilung:** Stammdaten, Verträge, Urlaubsverwaltung
- **Buchhaltung:** Gehaltsdaten, Steuer-ID
- **Führungskräfte:** Arbeitszeiten, Abwesenheiten
- **IT-Administration:** Zugriff auf Systeme wie Microsoft Office/Server
- **Facility-Abteilung:** Fahrzeugkennzeichen für Parkplatzberechtigungen

### 4.3 Externe Empfänger
Daten werden an folgende externe Empfänger übermittelt:

- **Steuerberater:innen:** Gehaltsdaten für Lohnsteuer (Übertragung verschlüsselt per E-Mail (TLS 1.2) oder über ein gesichertes Portal; Auftragsverarbeitungsvertrag (AVV) gemäß Art. 28 DSGVO liegt vor)
- **Sozialversicherungsträger:** Automatisierte Meldungen über das Lohnabrechnungssystem (gesetzliche Pflicht gemäß § 28a SGB IV)
- **Behörden:** Finanzamt bei Prüfungen (z. B. im Rahmen von Steuerprüfungen)

### 4.4 Berechtigte Personen
Zugriff auf die Daten haben folgende Rollen:

- **HR-Mitarbeiter:innen:** Einstellungen, Verträge, Stammdaten
- **Lohnbuchhaltung:** Gehaltsabrechnungen
- **Parkplatzverwaltung:** Fahrzeugkennzeichen für Berechtigungen

---

## 5. Aufbewahrungsfristen und Löschung

### 5.1 Standardaufbewahrungsfristen
Wir halten uns an folgende Aufbewahrungsfristen für Mitarbeiterdaten:

- **Stammdaten (Name, Adresse, Kontaktdaten):** 10 Jahre nach Austritt (steuerrechtliche Pflichten, z. B. § 147 AO)
- **Arbeitsverträge & Gehaltsabrechnungen:** 6–10 Jahre (§ 257 HGB, § 147 AO)
- **Arbeitszeitnachweise:** 2 Jahre (§ 16 ArbZG)
- **Urlaubs- und Abwesenheitsdaten:** Bis zum Ende des Folgejahres (für Abrechnungszwecke)

### 5.2 Spezialfall Parkplatzverwaltung
- **Fahrzeugkennzeichen:** Löschung sofort nach Austritt des Mitarbeitenden oder bei Fahrzeugwechsel (kein berechtigtes Interesse mehr).
- **Berechtigungsliste:** 3 Monate nach Austritt (sofern keine längere Frist für Nachweiszwecke erforderlich ist).

### 5.3 Ausnahmen
- **Laufende Rechtsstreitigkeiten:** Daten bleiben bis zur Klärung erhalten.
- **Steuerprüfungen:** Gehaltsdaten können länger aufbewahrt werden (Finanzamt kann bis zu 10 Jahre rückwirkend prüfen).

---

## 6. Technische und organisatorische Maßnahmen (TOM)

Wir haben folgende Maßnahmen implementiert, um die Sicherheit und Vertraulichkeit der verarbeiteten Daten zu gewährleisten:

### 6.1 Zugriffskontrolle
- **Need-to-know-Prinzip:** Zugriff auf Personalakten ist auf HR (Stammdaten), Buchhaltung (Gehaltsdaten) und Führungskräfte (Arbeitszeiten) beschränkt.
- **Zwei-Faktor-Authentifizierung (MFA):** Alle Systeme erfordern MFA (Microsoft Authenticator).

### 6.2 Datensicherung
- **Tägliche Backups:** Auf einem verschlüsselten NAS im Serverraum.
- **Verschlüsselung:** Alle HR-Daten (Verträge, Gehaltsabrechnungen) werden verschlüsselt gespeichert.

### 6.3 Datenlöschung
- **Temporäre Daten:** Löschung nach 3 Monaten (z. B. Arbeitszeitnachweise), sofern keine gesetzlichen Aufbewahrungspflichten entgegenstehen.
- **Parkplatzverwaltung:** Fahrzeugkennzeichen werden sofort nach Austritt oder Fahrzeugwechsel gelöscht.

### 6.4 Sonstige Maßnahmen
- **Zeiterfassungssystem ""TimeTrack"":**
  Speichert ausschließlich Arbeitszeiten und Urlaubsdaten ohne automatisierte Profilbildung. Urlaubsanträge werden manuell von Führungskräften genehmigt.
- **Excel-Liste für Parkplatzverwaltung:**
  Separate, nicht verknüpfte Liste, die nur der Facility-Abteilung zugänglich ist. Jährliche Löschprüfung.

---

## 7. Datenübermittlungen an Dritte

### 7.1 Steuerberater
- **Zweck:** Monatliche Übermittlung von Gehaltsdaten zur Lohnsteuerabrechnung.
- **Technische Maßnahmen:** Verschlüsselte Übertragung per E-Mail (TLS 1.2) oder gesichertes Portal.
- **Rechtliche Grundlage:** Auftragsverarbeitungsvertrag (AVV) gemäß Art. 28 DSGVO.

### 7.2 Sozialversicherungsträger
- **Zweck:** Automatisierte Meldungen über das Lohnabrechnungssystem.
- **Rechtliche Grundlage:** Gesetzliche Pflicht gemäß § 28a SGB IV.

### 7.3 Behörden
- **Zweck:** Übermittlung von Gehaltsdaten im Rahmen von Steuerprüfungen.
- **Rechtliche Grundlage:** § 147 AO, § 257 HGB.

---
**Stand:** [Datum der Erstellung]
**Verantwortlich:** Datenschutzbeauftragter der APOR GmbH

---
User ID: UAB0821
Mode: ask
Time elapsed: 920 seconds
Date: 2026-02-09T12:28:36.269Z
```"
"110","UAB0821","form","```markdown
# Mitarbeiterdatenverarbeitung
**Verzeichnis von Verarbeitungstätigkeiten gemäß Art. 30 DSGVO**

---

## 1. Verantwortliche Stelle und Kontaktdaten

Wir, die **APOR GmbH**, fungieren als verantwortliche Stelle (Data Controller) für die Verarbeitung personenbezogener Daten im Rahmen unserer Personalverwaltung und betrieblichen Prozesse. Die folgenden Kontaktdaten dienen der Identifikation und Kommunikation mit Aufsichtsbehörden sowie betroffenen Personen:

- **Firmenname**: APOR GmbH
- **Anschrift**: Mainstraße 67, 89073 Ulm
- **E-Mail**: mail@apor.eu
- **Telefon**: 012345678
- **Vertreter der verantwortlichen Stelle**: A. I.
- **Datenschutzbeauftragter (DSB)**:
  - Name: A. I.
  - E-Mail: ai@apor.eu

---

## 2. Zwecke und Rechtsgrundlagen der Verarbeitung

### 2.1 Verarbeitungszwecke
Wir verarbeiten personenbezogene Daten unserer Mitarbeiterinnen und Mitarbeiter zu folgenden Zwecken:

- Erfüllung arbeitsvertraglicher Pflichten (z. B. Gehaltsabrechnung, Arbeitszeiterfassung, Urlaubsverwaltung).
- Einhaltung gesetzlicher Verpflichtungen (z. B. Sozialversicherungsmeldungen, Steuerangelegenheiten, Aufbewahrungspflichten nach HGB und AO).
- Sicherstellung der betrieblichen Organisation und Compliance (z. B. interne Kommunikation, Dokumentation von Arbeitsverhältnissen).
- Verwaltung von Mitarbeiterdaten im Rahmen der Personalplanung und -entwicklung.
- Durchführung von Melde- und Berichtspflichten gegenüber Behörden (z. B. Finanzamt, Sozialversicherungsträger).

### 2.2 Rechtsgrundlagen
Die Verarbeitung erfolgt auf Basis der folgenden Rechtsgrundlagen:

- **Art. 6 Abs. 1 lit. b DSGVO**: Erfüllung eines Vertrags (Arbeitsvertrag) oder vorvertraglicher Maßnahmen.
- **Art. 6 Abs. 1 lit. c DSGVO**: Erfüllung einer rechtlichen Verpflichtung (z. B. Steuer- und Sozialversicherungspflichten).
- **§ 26 BDSG (Beschäftigtendatenschutz)**: Verarbeitung von Beschäftigtendaten für Zwecke des Beschäftigungsverhältnisses.
- **§ 257 HGB**: Aufbewahrungspflichten für Handelsbücher, Inventare, Bilanzen und sonstige Unterlagen.
- **§ 147 AO**: Aufbewahrungspflichten für steuerrelevante Unterlagen.
- **Erfüllung arbeitsrechtlicher Pflichten**: Verarbeitung zur Einhaltung betrieblicher und gesetzlicher Vorgaben.

---

## 3. Kategorien personenbezogener Daten und Datenquellen

### 3.1 Verarbeitete Datenkategorien
Wir verarbeiten folgende Kategorien personenbezogener Daten unserer Mitarbeiterinnen und Mitarbeiter:

#### **Personenbezogene Grunddaten**
- Nachname
- Vorname
- Geburtsdatum
- Geburtsort
- Geschlecht
- Staatsangehörigkeit
- Anschrift (Wohnort)
- Telefonnummer
- E-Mail-Adresse
- Familienstand

#### **Beschäftigungsdaten**
- Arbeitszeiten
- Berufliche Position
- Personalnummer
- Unternehmenszugehörigkeit
- Urlaubsanspruch
- Urlaubstage
- Urlaubszeiten

#### **Finanzdaten**
- Gehalt/Lohn
- Bankverbindung
- Steueridentifikationsnummer
- Steuerklasse
- Monatliche Gehälter
- Monatliche Löhne

#### **Gesundheits- und Sozialdaten**
- Krankenversicherungsnummer
- Sozialversicherungsnummer
- Krankheitstage
- Versicherungsstatus

#### **Rechtliche Daten**
- Vertragsdaten (z. B. Arbeitsverträge)
- Ausweisdokumente (z. B. Personalausweis, Reisepass)

#### **Dokumentations- und Belegdaten**
- Individuelle Dokumentation (z. B. Personalakten)
- Belege (z. B. Reisekostenabrechnungen)
- Rechnungsdaten (eingehende und ausgehende Rechnungen)

#### **Sonstige Daten**
- Fähigkeiten und Qualifikationen
- Benutzername (z. B. für interne Systeme)

### 3.2 Datenquellen
Die personenbezogenen Daten stammen aus folgenden Quellen:

- **Microsoft Office 365** (z. B. E-Mails, Dokumente, Kalender)
- **E-Mail-Anbieter** (z. B. für Kommunikation mit Mitarbeitern)
- **Finanzdienstleister** (z. B. für Gehaltsabrechnungen und Banktransaktionen)
- **HR-Software** (z. B. für Personalverwaltung und -dokumentation)
- **Unternehmenssysteme** (z. B. ERP-Systeme, Zeiterfassungstools)
- **Sicherheits- und Compliance-Systeme** (z. B. Protokollierung von Zugriffen)
- **Dokumentenverarbeitungssysteme** (z. B. für digitale Personalakten)
- **Microsoft 365 (Cloud-Anbieter)** – im Rahmen von Auftragsverarbeitungsverträgen (AV-Verträgen).

---

## 4. Betroffene Personen und Empfänger der Daten

### 4.1 Kategorien betroffener Personen
Die Verarbeitung betrifft folgende Personengruppen:

- **Interne Gruppen**: Mitarbeiterinnen und Mitarbeiter der APOR GmbH.

### 4.2 Interne Empfänger
Personenbezogene Daten werden an folgende interne Stellen und Rollen übermittelt:

- **Geschäftsführung**
- **Verwaltung** (z. B. Personalabteilung, Buchhaltung)
- **Technische Abteilungen** (z. B. IT-Administration)
- **Finanzabteilung** (z. B. für Gehaltsabrechnungen)
- **Recht und Compliance** (z. B. für Datenschutz- und Arbeitsrechtsthemen)
- **HR und Recruiting** (z. B. für Personalplanung und -entwicklung)

### 4.3 Externe Empfänger innerhalb der EU
Daten werden an folgende externe Empfänger übermittelt:

- **Behörden** (z. B. Finanzamt, Sozialversicherungsträger, Berufsgenossenschaften)
- **Software- und Cloud-Anbieter** (z. B. Microsoft 365 im Rahmen von AV-Verträgen)
- **Kranken- und Versicherungsträger** (z. B. für Sozialversicherungsmeldungen)
- **Finanzinstitute** (z. B. Banken für Gehaltszahlungen)

### 4.4 Berechtigte Personen
Zugriff auf die Daten haben folgende Rollen:

- **Führungsrollen** (z. B. Geschäftsführung, Abteilungsleiter)
- **Verwaltungsrollen** (z. B. Personalverantwortliche, Buchhalter)
- **Technische Rollen** (z. B. IT-Administratoren)
- **Finanzrollen** (z. B. Lohnbuchhalter)
- **Rechtliche und Compliance-Rollen** (z. B. Datenschutzbeauftragter, Compliance-Beauftragte)
- **HR- und Recruiting-Rollen** (z. B. Personalreferenten)

---

## 5. Aufbewahrungsfristen und Löschung

### 5.1 Aufbewahrungsfristen
Wir halten uns an folgende gesetzliche und betriebliche Aufbewahrungsfristen:

- **Allgemeine Mitarbeiterdaten**: 6 Jahre nach Beendigung des Arbeitsverhältnisses (gemäß § 257 HGB und § 147 AO).
- **Steuerrelevante Unterlagen** (z. B. Gehaltsabrechnungen, Sozialversicherungsmeldungen, Rechnungen): 10 Jahre.
- **Vertragsrelevante Dokumente** (z. B. Arbeitsverträge, Kündigungen): 10 Jahre.
- **Daten ohne gesetzliche Aufbewahrungspflicht** (z. B. Bewerbungsunterlagen nicht eingestellter Kandidaten): Unverzügliche Löschung nach Wegfall des Zwecks (in der Regel nach 6 Monaten).

### 5.2 Löschkonzept
- Automatisierte Löschroutinen werden gemäß den definierten Fristen implementiert.
- Bei Daten ohne gesetzliche Aufbewahrungspflicht erfolgt die Löschung unverzüglich nach Wegfall des Verarbeitungszwecks.
- Ausnahmen von den Löschfristen sind nur in begründeten Fällen (z. B. laufende Rechtsstreitigkeiten) zulässig.

---

## 6. Technische und organisatorische Maßnahmen (TOM)

Zur Gewährleistung der Sicherheit und Vertraulichkeit personenbezogener Daten haben wir folgende technische und organisatorische Maßnahmen implementiert:

### 6.1 Zugangskontrolle
- **Rollenbasierte Zugriffsrechte (RBAC)**: Zugriff auf Mitarbeiterdaten nur für berechtigte Personen gemäß ihrer Funktion.
- **Multi-Faktor-Authentifizierung (MFA)**: Für sensible Systeme (z. B. Gehaltsabrechnung, Personalakten).
- **Regelmäßige Überprüfung der Berechtigungen**: Jährliche Revision der Zugriffsrechte.

### 6.2 Datentrennung
- **Logische Trennung**: HR-Daten, Finanzdaten und Gesundheitsdaten werden in separaten Datenbanken oder Containern gespeichert.

### 6.3 Verschlüsselung
- **AES-256**: Verschlüsselung ruhender Daten (z. B. Datenbanken, Backups).
- **TLS 1.3**: Verschlüsselung von Datenübertragungen (z. B. E-Mails, Cloud-Zugriffe).

### 6.4 Protokollierung
- **Automatisierte Logs**: Erfassung aller Zugriffe, Änderungen und Löschungen (SIEM-System).
- **Aufbewahrung der Protokolle**: 1 Jahr.

### 6.5 Physische Sicherheit
- **Zutrittskontrolle**: Biometrische Systeme und Kartenleser für Serverräume.
- **Videoüberwachung**: In kritischen Bereichen.

### 6.6 Schulungen
- **Jährliche DSGVO-Schulungen**: Für alle Mitarbeiter mit Zugriff auf personenbezogene Daten.

### 6.7 Notfallplan
- **Regelmäßige Backups**: Tägliche inkrementelle Backups.
- **Disaster-Recovery-Tests**: Alle 6 Monate.

### 6.8 Datenminimierung
- **Automatisierte Löschroutinen**: Umsetzung gemäß Aufbewahrungsfristen (z. B. HGB, AO).

### 6.9 Auftragsverarbeitung
- **AV-Verträge**: Mit Cloud-Anbietern (z. B. Microsoft 365) und anderen Dienstleistern.
- **Jährliche Audits**: Überprüfung der Einhaltung der AV-Verträge.

### 6.10 Incident-Response
- **Meldeprozess für Datenschutzvorfälle**: Meldung an die Aufsichtsbehörde innerhalb von 72 Stunden.

### 6.11 Datenübermittlung in Drittländer
- **Geeignete Garantien**: Bei Nutzung von Cloud-Diensten (z. B. Microsoft 365) werden Standardvertragsklauseln (SCC) vereinbart, um den Datenschutz bei Übermittlungen in Drittländer zu gewährleisten.

### 6.12 Betroffenenrechte
- **Prozessbeschreibung**: Klare Abläufe für Auskunfts-, Berichtigungs- und Löschanfragen.
  - **Fristen**: Bearbeitung innerhalb von 1 Monat (ggf. Verlängerung um 2 Monate bei komplexen Anfragen).
  - **Verantwortliche**: Datenschutzbeauftragter und Personalabteilung.

### 6.13 Risikobewertung
- **Spezifische Risiken**: Dokumentation von Risiken (z. B. unbefugter Zugriff auf Gehaltsdaten) und Gegenmaßnahmen (z. B. MFA, Protokollierung).

### 6.14 Datenflussdiagramm
- **Visualisierung**: Darstellung der Datenflüsse zwischen Systemen (z. B. HR-Software → Finanzsystem → Cloud) zur Transparenz und Kontrolle.

---

## 7. Besondere Kategorien personenbezogener Daten
Falls Gesundheitsdaten (z. B. Krankheitstage) verarbeitet werden, erfolgt dies auf Basis von:
- **Art. 9 Abs. 2 lit. b DSGVO** in Verbindung mit **§ 26 Abs. 3 BDSG** (Verarbeitung für Zwecke des Beschäftigungsverhältnisses).

---

## 8. Auftragsverarbeitung
- **AV-Verträge**: Mit externen Dienstleistern (z. B. Microsoft 365) wurden Auftragsverarbeitungsverträge abgeschlossen.
- **Prüfintervalle**: Jährliche Überprüfung der Einhaltung der AV-Verträge.

---

**Stand**: [Datum der letzten Aktualisierung]
**Verantwortlich**: Datenschutzbeauftragter der APOR GmbH

---
User ID: UAB0821
Mode: form
Time elapsed: 261 seconds
Date: 2026-02-09T12:35:06.586Z
```"
"111","UAB0821","chat","```markdown
# Mitarbeiterdatenverarbeitung
**Verzeichnis von Verarbeitungstätigkeiten gemäß Artikel 30 DSGVO**

---

## 1. Verantwortliche Stelle und Ansprechpartner

Als verantwortliche Stelle im Sinne der Datenschutz-Grundverordnung (DSGVO) verarbeiten wir personenbezogene Daten unserer Mitarbeitenden zur rechtssicheren und effizienten Verwaltung des Arbeitsverhältnisses. Die folgenden Angaben dokumentieren unsere Verarbeitungstätigkeiten gemäß Artikel 30 DSGVO.

- **Name der verantwortlichen Stelle:**
  APOR GmbH

- **Rolle:**
  Verantwortlicher (Data Controller) sowie Benennung eines Datenschutzbeauftragten

- **Anschrift:**
  Mainstraße 67, 89073 Ulm

- **Kontaktdaten:**
  - E-Mail: mail@apor.eu
  - Telefon: 012345678

- **Vertreter der verantwortlichen Stelle:**
  A. I.

- **Datenschutzbeauftragter:**
  A. I., ai@apor.eu

---

## 2. Zwecke und Rechtsgrundlagen der Verarbeitung

Wir verarbeiten personenbezogene Daten unserer Mitarbeitenden ausschließlich zu folgenden Zwecken:

- Anlage und Pflege von Mitarbeiterstammdaten zur Verwaltung des Arbeitsverhältnisses,
- Dokumentation von Arbeitszeiten zur Einhaltung arbeitsrechtlicher Vorgaben,
- Verwaltung von Urlaubs- und Abwesenheitszeiten zur Sicherstellung der Personalplanung,
- Zuweisung und Verwaltung von Parkplatzberechtigungen für den Firmenparkplatz, einschließlich der Speicherung von Fahrzeugkennzeichen zur Berechtigungsprüfung an der Schrankenanlage.

Die Verarbeitung erfolgt ausschließlich auf internen Systemen (Microsoft Office und eigene Server) ohne Nutzung externer Cloud-Dienste. Gesundheitsdaten oder medizinische Angaben werden nicht erhoben oder verarbeitet.

### Rechtsgrundlagen der Verarbeitung:
- **Art. 6 Abs. 1 lit. b DSGVO:**
  Die Verarbeitung ist für die Erfüllung des Arbeitsvertrags oder zur Durchführung vorvertraglicher Maßnahmen erforderlich.
- **Art. 6 Abs. 1 lit. c DSGVO:**
  Die Verarbeitung ist zur Erfüllung einer rechtlichen Verpflichtung erforderlich (z. B. arbeitsrechtliche oder steuerrechtliche Aufbewahrungspflichten).
- **Art. 6 Abs. 1 lit. f DSGVO:**
  Die Verarbeitung erfolgt zur Wahrung berechtigter Interessen, sofern keine überwiegenden Interessen oder Grundrechte der betroffenen Personen entgegenstehen (z. B. Verwaltung von Parkplatzberechtigungen).
- **§ 26 BDSG:**
  Die Verarbeitung personenbezogener Daten von Beschäftigten ist für Zwecke des Beschäftigungsverhältnisses zulässig.

---

## 3. Kategorien personenbezogener Daten und Datenquellen

### Verarbeitete Datenkategorien:
- **Mitarbeiterstammdaten:**
  - Nachname
  - Vorname
  - Personalnummer
  - Berufliche Position
  - Zugehörigkeit zur Firma
  - Urlaubsanspruch
  - Urlaubstage
  - Urlaubszeiten
  - Arbeitszeiten

- **Fahrzeugdaten:**
  - Fahrzeugkennzeichen (verschlüsselt gespeichert)

### Datenquellen:
- Microsoft Office 365 (interne Nutzung)
- Eigene Server (intern)

---

## 4. Betroffene Personen und Empfänger der Daten

### Kategorien betroffener Personen:
- Mitarbeitende der APOR GmbH

### Empfänger der Daten:
Die personenbezogenen Daten werden ausschließlich intern verarbeitet und nicht an externe Dritte weitergegeben. Zugriff auf die Daten haben ausschließlich autorisierte Mitarbeitende mit berechtigtem Interesse im Rahmen ihrer Aufgaben.

---

## 5. Speicherdauer und Löschfristen

Wir speichern personenbezogene Daten unserer Mitarbeitenden für die Dauer des Arbeitsverhältnisses und darüber hinaus gemäß den folgenden Löschfristen:

- **Löschfrist:**
  Spätestens 3 Monate nach Austritt des Mitarbeitenden (Vertragsbeendigung).

- **Ausnahmen:**
  Daten, die aufgrund gesetzlicher Aufbewahrungspflichten (z. B. steuer- oder sozialversicherungsrechtliche Vorgaben) länger gespeichert werden müssen, unterliegen gesonderten Löschkonzepten.

---

## 6. Technische und organisatorische Maßnahmen (TOM)

Zur Gewährleistung der Sicherheit und Vertraulichkeit personenbezogener Daten haben wir folgende technische und organisatorische Maßnahmen implementiert:

### Zugriffskontrolle:
- Rollenbasierter Zugriff nach dem Need-to-know-Prinzip,
- Mehrfaktorauthentifizierung (MFA) für sensible Systeme,
- Starke Passwortrichtlinien mit regelmäßiger Änderungspflicht.

### Datenintegrität und Verfügbarkeit:
- Regelmäßige Backups auf internen Servern,
- Physische Zutrittskontrolle zu Serverräumen und Archiven (z. B. Schlüsselkarten),
- Vertraulichkeitsverpflichtungen für berechtigte Mitarbeitende.

### Datenlöschung:
- Automatisierte Löschung von Mitarbeiterdaten spätestens 3 Monate nach Austritt,
- Protokollierung von Datenänderungen.

### Besonderer Schutz für Parkplatzberechtigungen:
- Verschlüsselung von Fahrzeugkennzeichen,
- Berechtigungsprüfung an der Schranke ausschließlich für autorisierte Fahrzeuge.

### Schulungen:
- Regelmäßige Schulungen der Mitarbeitenden zu Datenschutz und Vertraulichkeit.

---
**Stand:** [Datum der Erstellung]
**Verantwortlich:** Datenschutzbeauftragter der APOR GmbH

---
User ID: UAB0821
Mode: chat
Time elapsed: 468 seconds
Date: 2026-02-09T12:44:55.583Z
```"
"112","DLZ2800","form","```markdown
# Mitarbeiterdatenverarbeitung
**Verzeichnis von Verarbeitungstätigkeiten gemäß Artikel 30 DSGVO**

---

## 1. Verantwortliche Stelle und Kontaktdaten

Als verantwortliche Stelle im Sinne der DSGVO verarbeiten wir, die **APOR GmbH**, personenbezogene Daten unserer Mitarbeiter zur Erfüllung unserer betrieblichen und gesetzlichen Pflichten. Nachfolgend sind unsere Kontaktdaten sowie die unserer Vertreter und des Datenschutzbeauftragten aufgeführt:

- **Name der verantwortlichen Stelle**: APOR GmbH
- **Anschrift**: Mainstraße 67, 89073 Ulm
- **E-Mail-Adresse**: mail@apor.eu
- **Telefonnummer**: 012345678
- **Vertreter der verantwortlichen Stelle**: A.I.
- **Datenschutzbeauftragter (DSB)**: A.I.

---

## 2. Zwecke und Rechtsgrundlagen der Verarbeitung

### 2.1 Zwecke der Verarbeitung
Wir verarbeiten personenbezogene Daten unserer Mitarbeiter zu folgenden Zwecken:

- Erfüllung arbeitsvertraglicher Pflichten, einschließlich der Verwaltung von Stammdaten, Arbeitszeiten, Urlaubsansprüchen und sozialversicherungsrechtlichen Meldepflichten.
- Durchführung der Gehaltsabrechnung und Übermittlung steuerrelevanter Informationen an Finanzbehörden und Sozialversicherungsträger.
- Einhaltung gesetzlicher Aufbewahrungs- und Dokumentationspflichten gemäß Handelsgesetzbuch (HGB), Abgabenordnung (AO) und Bundesdatenschutzgesetz (BDSG).
- Sicherstellung der internen Organisation, Compliance und eines ordnungsgemäßen Betriebsablaufs.
- Verwaltung von Mitarbeiterdaten zur Personalplanung, -entwicklung und -führung.

### 2.2 Rechtsgrundlagen der Verarbeitung
Die Verarbeitung personenbezogener Daten erfolgt auf folgenden Rechtsgrundlagen:

- **Art. 6 Abs. 1 lit. b DSGVO**: Erfüllung eines Vertrags (Arbeitsvertrag) oder zur Durchführung vorvertraglicher Maßnahmen.
- **Art. 6 Abs. 1 lit. c DSGVO**: Erfüllung einer rechtlichen Verpflichtung (z. B. Meldepflichten gegenüber Finanzbehörden und Sozialversicherungsträgern).
- **§ 26 BDSG**: Verarbeitung von Beschäftigtendaten zur Begründung, Durchführung oder Beendigung des Beschäftigungsverhältnisses.
- **§ 257 HGB**: Aufbewahrungspflichten für Handelsbücher, Inventare, Jahresabschlüsse und Buchungsbelege.
- **§ 239 Abs. 1 HGB**: Führung und Aufbewahrung von Handelsbüchern.
- **§ 147 AO**: Aufbewahrungspflichten für steuerrelevante Unterlagen.

---

## 3. Kategorien personenbezogener Daten und Datenquellen

### 3.1 Kategorien personenbezogener Daten
Wir verarbeiten folgende Kategorien personenbezogener Daten unserer Mitarbeiter:

#### Personenbezogene Daten:
- Nachname
- Vorname
- Geburtsdatum
- Geschlecht
- Staatsangehörigkeit
- Anschrift
- Telefonnummer
- E-Mail-Adresse
- Familienstand
- Benutzername

#### Beschäftigungsdaten:
- Arbeitszeiten
- Berufliche Position
- Personalnummer
- Unternehmenszugehörigkeit
- Urlaubsanspruch
- Urlaubstage
- Urlaubszeiten

#### Finanzdaten:
- Gehalt/Lohn
- Bankverbindung
- Steueridentifikationsnummer
- Steuerklasse
- Monatliche Gehälter
- Monatliche Löhne

#### Gesundheitsdaten:
- Krankenversicherungsnummer
- Sozialversicherungsnummer
- Krankheitstage
- Versicherungsstatus

#### Rechtliche Daten:
- Vertragsdaten
- Ausweisdokumente

#### Dokumentations- und Belegdaten:
- Individuelle Dokumentation
- Belege
- Rechnungsdaten
- Eingangsrechnungen
- Ausgangsrechnungen
- Parkplatzberechtigung

#### Fahrzeugdaten:
- Kennzeichen

### 3.2 Datenquellen
Die personenbezogenen Daten unserer Mitarbeiter stammen aus folgenden Quellen:

- E-Mail-Anbieter (z. B. für die Kommunikation mit Mitarbeitern)
- Finanzsoftware (z. B. für steuerrelevante Informationen und Sozialversicherungsmeldungen)
- Web- und Intranet-Systeme (z. B. für Compliance und Betriebsabläufe)
- HR-Software (z. B. für Personalverwaltung und Gehaltsabrechnung)
- Unternehmenssysteme (z. B. ERP-Systeme)
- Sicherheits- und Compliance-Tools (z. B. für Zugriffsprotokollierung)
- Dokumentenverarbeitungssysteme (z. B. für die Verwaltung von Verträgen und Belegen)

---

## 4. Betroffene Personen und Empfänger der Daten

### 4.1 Kategorien betroffener Personen
Die Verarbeitung personenbezogener Daten betrifft folgende Personengruppen:

- Interne Gruppen (Mitarbeiter der APOR GmbH)

### 4.2 Interne Empfänger der Daten
Innerhalb unserer Organisation erhalten folgende Abteilungen und Rollen Zugriff auf die personenbezogenen Daten:

- Geschäftsführung
- Verwaltung
- Technische Abteilungen
- Finanzabteilung
- Rechts- und Compliance-Abteilung
- Personalabteilung (HR und Recruiting)

### 4.3 Externe Empfänger der Daten (innerhalb der EU)
Personenbezogene Daten werden an folgende externe Empfänger übermittelt:

- Behörden (z. B. Finanzämter, Sozialversicherungsträger)
- Krankenkassen und Versicherungsträger
- Finanzinstitute (z. B. Banken für Gehaltszahlungen)
- Externe Dienstleister (z. B. Steuerberater, IT-Dienstleister für die Wartung von HR-Systemen)

---

## 5. Aufbewahrungsfristen und Löschung

### 5.1 Aufbewahrungsfristen
Wir bewahren personenbezogene Daten unserer Mitarbeiter gemäß den gesetzlichen Vorgaben und betrieblichen Erfordernissen auf. Die konkreten Aufbewahrungsfristen sind wie folgt festgelegt:

- **Steuerrelevante und buchhalterische Daten**: 10 Jahre nach Beendigung des Beschäftigungsverhältnisses (gemäß § 147 AO und § 257 HGB).
- **Sonstige Unterlagen** (z. B. Arbeitsverträge, Gehaltsabrechnungen): 6 Jahre nach Beendigung des Beschäftigungsverhältnisses.
- **Bewerbungsunterlagen nicht eingestellter Kandidaten**: Unverzüglich nach Wegfall des Zwecks (in der Regel nach 6 Monaten).

### 5.2 Löschungskonzept
Wir löschen personenbezogene Daten, sobald der Zweck der Verarbeitung entfällt und keine gesetzlichen Aufbewahrungspflichten mehr bestehen. Die Löschung erfolgt automatisiert oder manuell, je nach Datenkategorie und System. Ausnahmen von den Löschfristen gelten nur, wenn gesetzliche oder vertragliche Pflichten eine längere Aufbewahrung erfordern.

---

## 6. Technische und organisatorische Maßnahmen (TOM)

Zur Gewährleistung der Sicherheit und Vertraulichkeit personenbezogener Daten haben wir folgende technische und organisatorische Maßnahmen implementiert:

### 6.1 Zugangskontrolle
- Rollenbasierte Zugriffsrechte (RBAC) für Mitarbeiterdaten.
- Multi-Faktor-Authentifizierung (MFA) für den Zugriff auf sensible Systeme.
- Regelmäßige Überprüfung und Anpassung der Zugriffsberechtigungen.

### 6.2 Datentrennung
- Logische Trennung von HR-, Finanz- und Gesundheitsdaten in separaten Datenbanken oder Containern.

### 6.3 Verschlüsselung
- Verschlüsselung ruhender Daten (z. B. Gehaltsdaten) mit AES-256.
- Verschlüsselung von Datenübertragungen mit TLS 1.3.

### 6.4 Protokollierung
- Automatisierte Protokollierung von Zugriffen und Änderungen (SIEM-System).
- Aufbewahrung der Protokolle für 12 Monate.

### 6.5 Physische Sicherheit
- Zutrittskontrolle zu Serverräumen.
- Videoüberwachung und Alarmsysteme.

### 6.6 Schulungen
- Jährliche DSGVO-Schulungen für Mitarbeiter mit Zugriff auf Personaldaten.

### 6.7 Notfallplan
- Regelmäßige Backups (verschlüsselt und offline).
- Durchführung von Wiederherstellungstests.

### 6.8 Datenminimierung
- Automatisierte Löschroutinen gemäß den gesetzlichen Aufbewahrungsfristen.

### 6.9 Auftragsverarbeitung
- Abschluss von Auftragsverarbeitungsverträgen (AV-Verträge) mit Cloud- und Softwareanbietern.
- Jährliche Audits der Auftragsverarbeiter.

### 6.10 Incident Response
- Meldeprozess für Datenschutzvorfälle (Meldung an die Aufsichtsbehörde innerhalb von 72 Stunden).

### 6.11 Risikobewertung
- Dokumentation spezifischer Risiken (z. B. unbefugter Zugriff auf Gehaltsdaten) und Gegenmaßnahmen.
- Regelmäßige Überprüfung und Anpassung der TOM.

### 6.12 Betroffenenrechte
- Prozessbeschreibung für Auskunfts-, Berichtigungs- und Löschanfragen (z. B. Fristen, Verantwortliche).
- Schulungen der Mitarbeiter zur Bearbeitung von Betroffenenanfragen.

---

## 7. Datenübermittlung an Drittländer
Falls personenbezogene Daten an Empfänger außerhalb der EU übermittelt werden, stellen wir sicher, dass ein angemessenes Datenschutzniveau gewährleistet ist. Dies erfolgt durch:

- Nutzung von Standardvertragsklauseln (SCC) gemäß Artikel 46 DSGVO.
- Überprüfung der Angemessenheitsbeschlüsse der Europäischen Kommission.

---

## 8. Dokumentation und Nachweise
Zur Einhaltung der DSGVO führen wir folgende Dokumentationen:

- **Schulungsnachweise**: Dokumentation der durchgeführten DSGVO-Schulungen (Inhalte, Teilnehmer, Intervalle).
- **Datenpannen-Protokoll**: Beispielhafte Vorfälle und deren Behandlung (auch wenn keine Meldung erforderlich war).
- **Auftragsverarbeitungsverträge**: Liste aller Auftragsverarbeiter und deren DSGVO-Konformität.
- **Technische Details**: Spezifische Tools und Software (z. B. HR-Systeme wie SAP SuccessFactors) und deren DSGVO-Konformität.

---
**Stand**: [Datum der letzten Aktualisierung]
**Verantwortlich**: Datenschutzbeauftragter der APOR GmbH

---
User ID: DLZ2800
Mode: form
Time elapsed: 471 seconds
Date: 2026-02-09T18:13:40.481Z
```"
"113","DLZ2800","chat","```markdown
# Verzeichnis von Verarbeitungstätigkeiten (VVT)
**Mitarbeiterverwaltung (Arbeitszeit/Urlaub) & Parkplatzberechtigung**

---

## 1. Verantwortliche Stelle und Angaben zum Verantwortlichen

Die **APOR GmbH** ist als Verantwortliche im Sinne der Datenschutz-Grundverordnung (DSGVO) für die Verarbeitung personenbezogener Daten im Rahmen der Mitarbeiterverwaltung, des Urlaubs- und Abwesenheitsmanagements sowie der Parkplatzberechtigung zuständig.

- **Name der verantwortlichen Stelle:** APOR GmbH
- **Rolle:** Verantwortlicher (Art. 4 Nr. 7 DSGVO)
- **Anschrift:** Mainstraße 67, 89073 Ulm
- **Kontakt:**
  - E-Mail: mail@apor.eu
  - Telefon: 012345678
- **Vertreter:** A.I.
- **Datenschutzbeauftragter:** A.I.

---

## 2. Zwecke und Rechtsgrundlagen der Verarbeitung

Wir verarbeiten personenbezogene Daten unserer Mitarbeitenden zu folgenden Zwecken:

### Zwecke der Verarbeitung
1. **Mitarbeiterverwaltung**
   - Anlage und Pflege von Stammdaten (z. B. Kontaktdaten, Vertragsinformationen).
   - Dokumentation von Arbeitszeiten (Zeiterfassung, Überstunden).

2. **Urlaubs- und Abwesenheitsmanagement**
   - Planung, Genehmigung und Nachweis von Urlaubs- und Abwesenheitszeiten.

3. **Parkplatzberechtigung**
   - Zuweisung und Verwaltung von Berechtigungen für den firmeneigenen Parkplatz mit Schrankenanlage.
   - Hinterlegung eines individuellen Zuordnungsmerkmals (z. B. Fahrzeugkennzeichen) zur Nutzung durch berechtigte Mitarbeitende.

Die Verarbeitung erfolgt ausschließlich auf internen Systemen (Microsoft Office, eigene Server) ohne Nutzung externer Cloud-Dienste. Medizinische Daten oder Krankentage werden für diese Zwecke nicht verarbeitet.

### Rechtsgrundlagen der Verarbeitung
Die Verarbeitung personenbezogener Daten erfolgt auf Grundlage folgender Rechtsnormen:
- **Art. 6 Abs. 1 lit. b DSGVO** (Erfüllung eines Vertrags oder vorvertraglicher Maßnahmen).
- **Art. 6 Abs. 1 lit. f DSGVO** (Wahrung berechtigter Interessen, sofern keine überwiegenden Interessen oder Grundrechte der betroffenen Person entgegenstehen).
- **§ 257 HGB** (Aufbewahrungspflichten für Handelsbücher und Unterlagen).
- **§ 147 AO** (Aufbewahrungspflichten für steuerrelevante Unterlagen).

---

## 3. Kategorien personenbezogener Daten und Datenquellen

### Kategorien personenbezogener Daten
Wir verarbeiten folgende Kategorien personenbezogener Daten:

#### Personenbezogene Daten
- Nachname
- Vorname
- Anschrift
- Telefonnummer
- E-Mail-Adresse

#### Beschäftigungsdaten
- Arbeitszeiten
- Berufliche Position
- Personalnummer
- Urlaubsanspruch
- Urlaubstage
- Urlaubszeiten

#### Fahrzeugdaten
- Fahrzeugkennzeichen

### Datenquellen
Die personenbezogenen Daten werden aus folgenden Quellen erhoben:
- Microsoft Office 365
- HR-Software
- Eigene Server
- Spezialisierte Software (z. B. für Zeiterfassung oder Parkplatzverwaltung)

---

## 4. Betroffene Personen und Empfänger der Daten

### Betroffene Personen
Die Verarbeitung betrifft folgende Kategorien betroffener Personen:
- **Mitarbeitende** der APOR GmbH.

### Empfänger der Daten
Die personenbezogenen Daten werden ausschließlich intern verarbeitet und nicht an externe Empfänger übermittelt. Eine Weitergabe an Dritte erfolgt nur in den gesetzlich vorgesehenen Fällen (z. B. an Finanzbehörden im Rahmen steuerlicher Pflichten).

---

## 5. Löschfristen und Aufbewahrungsdauern

### Löschfristen
- Die personenbezogenen Daten werden **drei Monate nach Austritt des Mitarbeitenden** automatisch gelöscht.
- **Ausnahmen:** Sofern gesetzliche Aufbewahrungspflichten (z. B. nach HGB oder AO) bestehen, werden die Daten über diesen Zeitraum hinaus aufbewahrt.

### Besondere Löschkonzepte
Ein gesondertes Löschkonzept ist nicht vorgesehen.

---

## 6. Technische und organisatorische Maßnahmen (TOM)

Wir haben folgende technische und organisatorische Maßnahmen implementiert, um die Sicherheit der Verarbeitung gemäß Art. 32 DSGVO zu gewährleisten:

1. **Zugriffskontrolle**
   - Rollenbasierte Berechtigungen nach dem Need-to-know-Prinzip für HR, Verwaltung und IT.

2. **Authentifizierung**
   - Passwortschutz mit Mehrfaktor-Authentifizierung (MFA) für sensible Bereiche.

3. **Datenverschlüsselung**
   - Verschlüsselung in Ruhe (Server) und bei Übertragung (TLS).

4. **Physische Sicherheit**
   - Zutrittskontrolle zum Serverraum und Archiv (Schlüsselkarten, Alarmanlage).

5. **Regelmäßige Backups**
   - Automatisierte Sicherungen mit getesteten Wiederherstellungsprozessen.

6. **Vertraulichkeitsverpflichtungen**
   - Schulungen und schriftliche Verpflichtungen für Mitarbeiter:innen zur Wahrung der Vertraulichkeit.

7. **Löschfristen**
   - Automatisierte Löschung drei Monate nach Austritt des Mitarbeitenden.

8. **Protokollierung**
   - Aufzeichnung von Zugriffen auf sensible Daten (z. B. Parkplatzberechtigungen).

9. **Netzwerksicherheit**
   - Firewalls und Segmentierung des internen Netzwerks.

10. **Dokumentation**
    - Regelmäßige Überprüfung und Aktualisierung der TOM.

---
**Stand:** [Datum der Erstellung]
**Verantwortlich:** Datenschutzbeauftragter der APOR GmbH

---
User ID: DLZ2800
Mode: chat
Time elapsed: 717 seconds
Date: 2026-02-09T18:31:19.591Z
```"
"114","DLZ2800","ask","```markdown
# Verzeichnis von Verarbeitungstätigkeiten (VVT)
**Mitarbeiterverwaltung (Arbeitszeit/Urlaub) & Parkplatzberechtigung**

---

## 1. Verantwortliche Stelle und Kontaktdaten

Als verantwortliche Stelle im Sinne der DSGVO verarbeiten wir personenbezogene Daten im Rahmen unserer betrieblichen Prozesse. Die folgenden Angaben dienen der Identifikation und Kontaktaufnahme:

- **Name der verantwortlichen Stelle:** APOR GmbH
- **Rolle:** Verantwortlicher (Art. 4 Nr. 7 DSGVO) sowie Benennung eines Datenschutzbeauftragten
- **Anschrift:** Mainstraße 67, 89073 Ulm
- **E-Mail-Adresse:** mail@apor.eu
- **Telefonnummer:** 012345678
- **Vertreter der verantwortlichen Stelle:** A.I.
- **Datenschutzbeauftragter:** A.I.

---

## 2. Zwecke und Rechtsgrundlagen der Verarbeitung

Wir verarbeiten personenbezogene Daten ausschließlich zu den folgenden, klar definierten Zwecken und auf Grundlage der nachstehenden Rechtsgrundlagen:

### 2.1 Verarbeitungszwecke
- **Mitarbeiterverwaltung:**
  - Verwaltung von Eintritt und Austritt von Mitarbeitenden
  - Pflege von Stammdaten (z. B. Name, Adresse, Kontaktdaten)
  - Verwaltung von Arbeitsverträgen und vertragsrelevanten Unterlagen
- **Arbeitszeit- und Urlaubsmanagement:**
  - Dokumentation und Planung von Arbeitszeiten
  - Verwaltung von Urlaubsansprüchen, -anträgen und -abrechnungen
- **Parkplatzberechtigung:**
  - Regelung der Nutzung von Firmenparkplätzen
  - Zuordnung von Parkplätzen über Fahrzeugkennzeichen

### 2.2 Rechtsgrundlagen der Verarbeitung
Die Verarbeitung personenbezogener Daten erfolgt auf Grundlage der folgenden Rechtsnormen:

- **§ 26 BDSG (Beschäftigtendatenschutz):**
  Diese Rechtsgrundlage bildet die Hauptgrundlage für alle Datenverarbeitungen, die im Rahmen des Beschäftigungsverhältnisses erforderlich sind. Dazu zählen insbesondere:
  - Stammdaten der Mitarbeitenden (z. B. Name, Adresse)
  - Arbeitszeiten und Urlaubsplanung
  - Zuordnung von Parkplatzberechtigungen über Fahrzeugkennzeichen

- **Art. 6 Abs. 1 lit. b DSGVO (Vertragserfüllung):**
  Ergänzend zu § 26 BDSG verarbeiten wir Daten, soweit dies für die Erfüllung des Arbeitsvertrages erforderlich ist. Dies betrifft beispielsweise:
  - Urlaubsplanung und -abrechnung
  - Dokumentation von Arbeitszeiten zur Gehaltsabrechnung (sofern relevant)

- **Art. 6 Abs. 1 lit. c DSGVO (Rechtliche Verpflichtung):**
  Für bestimmte Datenkategorien bestehen gesetzliche Aufbewahrungspflichten, die eine längere Speicherung erfordern. Hierzu zählen:
  - **HGB § 257:** Aufbewahrung von Gehaltsdaten und steuerrelevanten Unterlagen für 10 Jahre
  - **AO § 147:** Aufbewahrung von Arbeitszeitnachweisen und anderen steuerrelevanten Dokumenten für 6–10 Jahre

---

## 3. Kategorien personenbezogener Daten und Datenquellen

### 3.1 Kategorien personenbezogener Daten
Wir verarbeiten die folgenden Kategorien personenbezogener Daten:

#### Persönliche Identifikationsdaten
- Nachname, Vorname
- Adresse (z. B. für Vertragsunterlagen oder Notfallkontakte)
- Telefonnummer und E-Mail-Adresse (für die Kommunikation zu Arbeitszeiten und Urlaub)
- Geburtsdatum (sofern für Sozialversicherung oder Altersvorsorge erforderlich)

#### Beschäftigungsdaten
- Arbeitszeiten (Dokumentation der geleisteten Stunden)
- Urlaubsanspruch und -tage (Planung und Abrechnung)
- Personalkennzahl (falls intern vergeben)
- Position im Unternehmen (z. B. „Softwareentwickler“)

#### Fahrzeugdaten (für Parkplatzberechtigung)
- Fahrzeugkennzeichen (zur Zuordnung der Parkplatzberechtigung)

### 3.2 Datenquellen
Die personenbezogenen Daten stammen aus den folgenden Quellen:

- **Microsoft Office 365:**
  - Nutzung von Outlook für Urlaubsanträge per E-Mail
  - Excel-Listen zur Erfassung von Arbeitszeiten
- **HR-Software:**
  - Falls ein Tool wie Personio oder ein selbst entwickeltes System genutzt wird
- **Interne Server/Datenbanken:**
  - Speicherung von Stammdaten und Parkplatzzuordnungen über Fahrzeugkennzeichen
- **Manuelle Eingaben:**
  - Urlaubsanträge oder Arbeitszeitdokumentationen, die auf Papier eingereicht und anschließend digitalisiert werden

---

## 4. Betroffene Personen und Empfänger der Daten

### 4.1 Betroffene Personen
Die Verarbeitung personenbezogener Daten betrifft die folgenden Kategorien von betroffenen Personen:

- Festangestellte Mitarbeitende (Vollzeit und Teilzeit)
- Auszubildende und Praktikant:innen (sofern vorhanden)
- Leiharbeiter:innen (falls deren Arbeitszeiten oder Urlaub erfasst werden)

### 4.2 Interne Empfänger der Daten
Die folgenden internen Stellen oder Personen haben Zugriff auf die verarbeiteten Daten:

- **HR-Abteilung:**
  Verwaltung von Stammdaten, Urlaubsplanung und Arbeitszeiten
- **Facility-Management:**
  Zuordnung und Verwaltung der Parkplatzberechtigungen über Fahrzeugkennzeichen
- **Vorgesetzte:**
  Freigabe von Urlaubsanträgen oder Korrekturen von Arbeitszeiten (beschränkt auf das eigene Team)
- **IT-Administration:**
  Technische Wartung der Server und Datenbanken (z. B. Backups)
- **Geschäftsführung:**
  Zugriff bei Bedarf (z. B. für Personalstatistiken)

### 4.3 Externe Empfänger der Daten
In bestimmten Fällen geben wir personenbezogene Daten an externe Empfänger weiter:

- **Steuerberater:innen:**
  Weitergabe von steuerrelevanten Daten (z. B. Arbeitszeitnachweise für Lohnabrechnungen)
- **Behörden:**
  - Finanzamt (im Rahmen von Lohnsteuerprüfungen)
  - Berufsgenossenschaft (für meldepflichtige Daten)
- **IT-Dienstleister:**
  Externe Wartung unserer Server oder Software (nur unter Abschluss eines Auftragsverarbeitungsvertrages und unter Aufsicht der IT-Administration)

### 4.4 Berechtigte Personen
Die folgenden Personen oder Rollen sind berechtigt, auf die Daten zuzugreifen oder diese zu verarbeiten:

- **HR-Mitarbeiter:innen:**
  Bearbeitung von Urlaubsanträgen und Stammdaten
- **Facility-Verantwortliche:**
  Pflege der Parkplatzdaten (Fahrzeugkennzeichen)
- **Systemadministrator:innen:**
  Technischer Zugriff auf Datenbanken (nur mit rollenbasiertem Berechtigungskonzept)
- **Vorgesetzte:**
  Freigabe von Arbeitszeiten und Urlaub (beschränkt auf das eigene Team)

---

## 5. Löschfristen und Datenminimierung

### 5.1 Standard-Löschfristen
Wir löschen personenbezogene Daten nach den folgenden Fristen:

- **Arbeitszeiten und Urlaubsdaten:**
  Löschung 3 Monate nach Austritt des Mitarbeitenden, da diese Daten für Abrechnungen oder Nachweise nicht länger benötigt werden.
- **Parkplatzberechtigungen (Fahrzeugkennzeichen):**
  Löschung direkt nach Austritt des Mitarbeitenden, da die Daten nur für die aktive Nutzung relevant sind.

### 5.2 Ausnahmen von den Löschfristen
Für bestimmte Datenkategorien gelten gesetzliche Aufbewahrungspflichten, die eine längere Speicherung erfordern:

- **Steuerrelevante Daten (z. B. Arbeitszeitnachweise für Lohnabrechnungen):**
  Aufbewahrung für 10 Jahre gemäß **HGB § 257** oder für 6–10 Jahre gemäß **AO § 147**.
- **Vertragsunterlagen:**
  Aufbewahrung für 6 Jahre nach Vertragsende.

### 5.3 Praktische Umsetzung der Löschung
- **Automatisierte Löschung:**
  In unserer HR-Software und auf unseren Servern ist eine automatische Löschung nach 3 Monaten für nicht steuerrelevante Daten eingerichtet.
- **Manuelle Prüfung:**
  Für Daten mit längeren Aufbewahrungsfristen (z. B. Lohnunterlagen) führen wir eine separate Liste, um die Fristen im Blick zu behalten.

---

## 6. Technische und organisatorische Maßnahmen (TOM)

Um die Sicherheit und den Schutz personenbezogener Daten zu gewährleisten, haben wir die folgenden technischen und organisatorischen Maßnahmen implementiert:

### 6.1 Technische Maßnahmen

#### Zugriffskontrollen
- **Rollenbasierter Zugriff:**
  - Nur die HR-Abteilung darf Urlaubspläne ändern.
  - Nur das Facility-Management hat Zugriff auf Parkplatzdaten (Fahrzeugkennzeichen).
- **Mehrfaktor-Authentifizierung (MFA):**
  - Für den Zugriff auf HR-Software und Server ist MFA verpflichtend.

#### Verschlüsselung
- **Verschlüsselung von Datenbanken:**
  - Nutzung von BitLocker für interne Server.
- **Verschlüsselte Datenübertragung:**
  - Nutzung von S/MIME oder TLS für den Versand von E-Mails mit Mitarbeiterdaten.
  - Sichere Protokolle wie SFTP für die Übertragung von Daten.

#### Backup und Wiederherstellung
- **Automatisierte Backups:**
  - Tägliche und wöchentliche Backups mit verschlüsselten Sicherungen.
- **Regelmäßige Tests:**
  - Durchführung von Wiederherstellungstests, um die Funktionsfähigkeit der Backups zu gewährleisten.

#### Physische Sicherheit
- **Zutrittskontrolle zum Serverraum:**
  - Nutzung von Schlüsselkarten oder Codes.
- **Sichere Aufbewahrung von Papierakten:**
  - Nutzung abschließbarer Schränke für physische Dokumente.

### 6.2 Organisatorische Maßnahmen

#### Schulungen und Sensibilisierung
- **Jährliche Datenschutzschulungen:**
  - Für HR-Mitarbeiter:innen und das Facility-Management.
- **Klare Richtlinien:**
  - Verbot der Weitergabe von Mitarbeiterdaten per unverschlüsselter E-Mail.

#### Berechtigungskonzept
- **Dokumentation von Zugriffsrechten:**
  - Klare Regelungen, wer auf welche Daten zugreifen darf (z. B. „Nur HR darf Fahrzeugkennzeichen einsehen“).
- **Regelmäßige Überprüfung:**
  - Quartalsweise Überprüfung der Zugriffsrechte.

#### Löschfristen und Datenminimierung
- **Automatische Löschung:**
  - Einrichtung automatischer Löschprozesse für Mitarbeiterdaten 3 Monate nach Austritt.
- **Keine Speicherung unnötiger Daten:**
  - Verzicht auf die Speicherung von Daten, die nicht für die genannten Zwecke erforderlich sind (z. B. Krankentage).

#### Vertraulichkeitsvereinbarungen
- **Unterzeichnung von Vertraulichkeitserklärungen:**
  - Alle Mitarbeitenden mit Zugriff auf sensible Daten unterschreiben eine Vertraulichkeitserklärung.

---

## 7. Besonderheiten der Verarbeitung

### 7.1 Parkplatzverwaltung
- **Verarbeitung von Fahrzeugkennzeichen:**
  Die Parkplatzberechtigung wird ausschließlich über das Fahrzeugkennzeichen gesteuert. Dieses wird nach Austritt des Mitarbeitenden automatisch nach 3 Monaten gelöscht.
- **Weitergabe an Dritte:**
  Eine Weitergabe von Fahrzeugkennzeichen an Dritte (z. B. Schrankenbetreiber) erfolgt nur unter Abschluss eines Auftragsverarbeitungsvertrages und ausschließlich zur technischen Umsetzung.
- **Erfassung der Kennzeichen:**
  Mitarbeitende müssen ihr Kennzeichen aktiv bestätigen (z. B. per E-Mail an das Facility-Management). Eine automatische Erfassung (z. B. durch Kameras) findet nicht statt.
- **Verschlüsselung:**
  Fahrzeugkennzeichen werden verschlüsselt in der Datenbank gespeichert.

### 7.2 Arbeitszeit- und Urlaubsmanagement
- **Urlaubsanträge:**
  Urlaubsanträge werden per Outlook (Office 365) eingereicht. HR hat Zugriff auf die vollständigen Daten, während Vorgesetzte nur den Freigabestatus (genehmigt/abgelehnt) einsehen können.
- **Arbeitszeiten:**
  Arbeitszeiten werden manuell in Excel erfasst und auf internen Servern gespeichert. Eine automatische Zeiterfassung (z. B. per App) erfolgt nicht.

### 7.3 Externe Schnittstellen
- **IT-Dienstleister:**
  Falls externe Dienstleister (z. B. IT-Support) Zugriff auf unsere Server benötigen, erfolgt dies nur unter Abschluss eines Auftragsverarbeitungsvertrages und unter Aufsicht der IT-Administration.
- **Steuerrelevante Daten:**
  Arbeitszeitnachweise und andere steuerrelevante Daten werden für 10 Jahre gemäß **HGB § 257** aufbewahrt.

### 7.4 Risikominimierung
- **Schulungen:**
  HR-Mitarbeiter:innen und das Facility-Management erhalten jährliche Schulungen zu Datenschutz und Löschfristen.
- **Datenminimierung:**
  Es werden nur die Daten verarbeitet, die für die genannten Zwecke erforderlich sind.

---
User ID: DLZ2800
Mode: ask
Time elapsed: 953 seconds
Date: 2026-02-09T18:51:09.464Z
```"
"115","UTP0442","form","```markdown
# Mitarbeiterdatenverarbeitung
**Verzeichnis von Verarbeitungstätigkeiten gemäß Artikel 30 DSGVO**

---

## 1. Verantwortliche Stelle und Kontaktdaten

Wir, die **APOR Gmb

---
User ID: UTP0442
Mode: form
Time elapsed: 456 seconds
Date: 2026-02-10T09:53:40.634Z
```"
"116","UTP0442","ask","```markdown
# Mitarbeiterdatenverarbeitung

## 1. Verantwortliche Stelle und Kontaktdaten

Als verantwortliche Stelle im Sinne der Datenschutz-Grundverordnung (DSGVO) dokumentieren wir unsere Verarbeitungstätigkeiten wie folgt:

- **Name der verantwortlichen Stelle:** APOR GmbH
- **Rolle:** Verantwortlicher (Data Controller)
- **Anschrift:** Mainstraße 67, 89073 Ulm, Deutschland
- **E-Mail-Adresse:** mail@apor.eu
- **Telefonnummer:** 012345678
- **Vertreter der verantwortlichen Stelle:** A. I., ai@apor.eu
- **Datenschutzbeauftragter:** A. I., ai@apor.eu

## 2. Zwecke und Rechtsgrundlagen der Verarbeitung

Wir verarbeiten personenbezogene Daten unserer Mitarbeiter zu folgenden Zwecken und auf Basis der nachstehenden Rechtsgrundlagen:

### Zwecke der Verarbeitung
- Lohnabrechnung und Gehaltszahlungen, einschließlich steuer- und sozialversicherungsrechtlicher Meldungen
- Personalverwaltung, insbesondere Urlaubsplanung, Verwaltung von Arbeitsverträgen und Leistungsbeurteilungen
- Erfüllung gesetzlicher Pflichten, z. B. Meldungen an das Finanzamt oder Krankenkassen
- Verwaltung von Parkplätzen für Mitarbeiter

### Rechtsgrundlagen der Verarbeitung
- **Vertragserfüllung (Art. 6 Abs. 1 lit. b DSGVO):**
  Verarbeitung zur Erfüllung von Arbeitsverträgen, z. B. Gehaltszahlungen oder Verwaltung von Arbeitszeiten.
- **Erfüllung gesetzlicher Pflichten (Art. 6 Abs. 1 lit. c DSGVO):**
  Verarbeitung zur Einhaltung steuer-, sozialversicherungs- oder handelsrechtlicher Vorgaben, z. B. Meldungen an das Finanzamt oder Krankenkassen.
- **Bundesdatenschutzgesetz (BDSG) § 26:**
  Verarbeitung von Beschäftigtendaten im Rahmen des Arbeitsverhältnisses.
- **Handelsgesetzbuch (HGB) und Abgabenordnung (AO):**
  Aufbewahrungspflichten für steuer- und handelsrechtliche Unterlagen.

## 3. Kategorien personenbezogener Daten und Datenquellen

### Verarbeitete Datenkategorien
Wir verarbeiten folgende Kategorien personenbezogener Daten unserer Mitarbeiter:

- **Persönliche Daten:**
  Name, Geburtsdatum, Kontaktdaten (z. B. Adresse, Telefonnummer, E-Mail-Adresse)
- **Beschäftigungsdaten:**
  Arbeitszeiten, Position, Urlaubsanspruch, Personalnummer
- **Finanzdaten:**
  Gehaltsinformationen, Bankverbindung, Steuerklasse, Steueridentifikationsnummer
- **Gesundheitsdaten:**
  Krankenversicherungsnummer, Krankheitstage
  *Hinweis: Gesundheitsdaten unterliegen besonderen Schutzvorschriften und werden nur unter strengen Voraussetzungen verarbeitet.*
- **Rechtliche Daten:**
  Arbeitsverträge, Ausweiskopien

### Datenquellen
Die personenbezogenen Daten stammen aus folgenden Quellen:
- HR-Software (z. B. für Gehaltsabrechnung oder Urlaubsplanung)
- E-Mail-Programme (z. B. für Vertragsunterlagen)
- Cloud-Dienste (z. B. Microsoft 365 für Dokumentenverwaltung)
- Steuer- und Buchhaltungssoftware
- Zugangssysteme für Parkplätze

## 4. Betroffene Personen und Empfänger der Daten

### Kategorien betroffener Personen
Wir verarbeiten personenbezogene Daten folgender Personengruppen:
- Beschäftigte, einschließlich Festangestellte, Teilzeitkräfte, Auszubildende und Praktikanten

### Interne Empfänger der Daten
Die Daten werden innerhalb unseres Unternehmens an folgende Abteilungen oder Rollen übermittelt:
- Personalabteilung
- Buchhaltung
- Geschäftsführung

### Externe Empfänger der Daten
Personenbezogene Daten werden an folgende externe Empfänger übermittelt:
- Steuerberater (verschlüsselte Übermittlung per E-Mail, ein Auftragsverarbeitungsvertrag liegt vor)
- Krankenkassen
- Finanzamt
- Sonstige Behörden im Rahmen gesetzlicher Meldepflichten

### Berechtigte Personen
Folgende Rollen innerhalb unseres Unternehmens sind zur Verarbeitung der Daten berechtigt:
- HR-Manager
- Lohnbuchhalter
- Mitarbeiter der Personalabteilung

## 5. Speicherfristen und Löschkonzepte

Wir speichern personenbezogene Daten nur so lange, wie dies für die jeweiligen Zwecke erforderlich ist oder gesetzliche Aufbewahrungspflichten bestehen. Die Löschung erfolgt nach Ablauf der folgenden Fristen:

- **Lohnabrechnungen:** 10 Jahre (gemäß § 147 AO)
- **Arbeitsverträge und Kündigungsunterlagen:** 6 Jahre nach Beendigung des Arbeitsverhältnisses
- **Urlaubsanträge und Leistungsbeurteilungen:** 2–3 Jahre nach Erstellung, sofern keine anderen Pflichten bestehen
- **Krankenversicherungsdaten:** 5 Jahre nach Ende des Beschäftigungsverhältnisses
- **Daten zur Parkplatzverwaltung:** Löschung nach Beendigung des Arbeitsverhältnisses, sofern keine anderen Gründe (z. B. Nachweispflichten) vorliegen

Die Löschung erfolgt in der Regel:
- Nach Ende des Arbeitsverhältnisses (z. B. 6–10 Jahre für bestimmte Daten)
- Nach Ablauf gesetzlicher Aufbewahrungsfristen (z. B. Steuerunterlagen)

## 6. Technische und organisatorische Maßnahmen (TOM)

Wir haben geeignete technische und organisatorische Maßnahmen implementiert, um die Sicherheit und den Schutz der verarbeiteten personenbezogenen Daten zu gewährleisten.

### Technische Maßnahmen
- Passwortschutz für Systeme und Anwendungen
- Verschlüsselung von E-Mails mit sensiblen Daten (z. B. Gehaltsinformationen)
- Einsatz von Firewalls zum Schutz unserer HR-Software und IT-Infrastruktur
- Regelmäßige Sicherheitsupdates und Patch-Management

### Organisatorische Maßnahmen
- Schulungen für Mitarbeiter, die mit sensiblen Daten arbeiten
- Klare Zugriffsregelungen: Nur berechtigte Personen haben Zugang zu personenbezogenen Daten
- Dokumentation von Verarbeitungsprozessen und Zugriffsprotokollen
- Regelmäßige Überprüfung und Aktualisierung der Sicherheitsmaßnahmen

### Besondere Maßnahmen für sensible Daten
- **Gesundheitsdaten (z. B. Krankenversicherungsnummern):**
  Diese Daten werden ausschließlich von der Personalabteilung verarbeitet und sind durch zusätzliche Passwortschutz- und Zugriffsbeschränkungen gesichert.
- **Daten zur Parkplatzverwaltung:**
  Diese Daten werden nur für die Zuweisung von Stellplätzen genutzt und nach Beendigung des Arbeitsverhältnisses gelöscht.

---
User ID: UTP0442
Mode: ask
Time elapsed: 851 seconds
Date: 2026-02-10T10:11:27.682Z
```"
"117","UTP0442","chat","```markdown
# Mitarbeiterdatenverarbeitung

## 1. Verantwortliche Stelle und Angaben zum Verantwortlichen

Wir, die **APOR GmbH**, fungieren als datenschutzrechtlich Verantwortliche gemäß Artikel 4 Nr. 7 DSGVO für die Verarbeitung personenbezogener Daten im Rahmen der betrieblichen Parkplatzverwaltung.

- **Name der verantwortlichen Stelle:** APOR GmbH
- **Rolle:** Verantwortlicher (Data Controller)
- **Anschrift:** Mainstraße 67, 89073 Ulm, Deutschland
- **E-Mail-Adresse:** mail@apor.eu
- **Telefonnummer:** 012345678
- **Vertreter:** A. I. (ai@apor.eu)
- **Datenschutzbeauftragter:** A. I. (ai@apor.eu)

---

## 2. Zweck und Rechtsgrundlage der Verarbeitung

### Zweck der Verarbeitung
Wir verarbeiten personenbezogene Daten unserer Mitarbeiter:innen ausschließlich zum Zweck der betrieblichen Parkplatzverwaltung. Dies umfasst:
- Die Zuweisung von Stellplätzen auf dem Betriebsgelände,
- Die Ausstellung und Verwaltung von Parkausweisen,
- Die Abwicklung von Parkgebühren oder Nutzungsregelungen,
- Die Sicherstellung einer geordneten und rechtssicheren Nutzung der betrieblichen Parkflächen.

### Rechtsgrundlage der Verarbeitung
Aufgrund der bereitgestellten Informationen konnte keine spezifische Rechtsgrundlage gemäß Artikel 6 Abs. 1 DSGVO oder anderer relevanter Vorschriften identifiziert werden. Die Rechtsgrundlage für die Verarbeitung ist daher **nicht spezifiziert**.

---

## 3. Kategorien personenbezogener Daten und Datenquellen

### Verarbeitete Datenkategorien
Im Rahmen der Parkplatzverwaltung verarbeiten wir folgende personenbezogene Daten:
- **Fahrzeugdaten:**
    - Kennzeichen

### Datenquellen
Die Daten werden direkt von den betroffenen Personen (Mitarbeiter:innen) erhoben oder aus internen Systemen übernommen. Es werden **keine externen Datenquellen** genutzt.

---

## 4. Betroffene Personen und Empfänger der Daten

### Kategorien betroffener Personen
Die Verarbeitung betrifft ausschließlich:
- **Mitarbeiter:innen** der APOR GmbH.

### Empfänger der Daten
#### Interne Empfänger
Die Daten werden **keinen internen Empfängern** innerhalb der APOR GmbH zugänglich gemacht.

#### Externe Empfänger
Die Daten werden **keinen externen Empfängern** innerhalb oder außerhalb der Europäischen Union übermittelt.

---

## 5. Aufbewahrungsfristen und Löschung

### Aufbewahrungsfristen
Aufgrund der bereitgestellten Informationen sind **keine spezifischen Aufbewahrungsfristen** definiert.

### Löschung der Daten
Es gelten **keine besonderen Löschkonzepte** oder automatisierten Löschmechanismen. Die Daten werden **nicht standardmäßig nach Beendigung des Beschäftigungsverhältnisses** gelöscht.

---

## 6. Technische und organisatorische Maßnahmen (TOM)

Zur Gewährleistung der Sicherheit und Vertraulichkeit der verarbeiteten Daten haben wir folgende technische und organisatorische Maßnahmen implementiert:

- **Zugangskontrolle:**
    - Physische und digitale Zugriffsbeschränkungen (z. B. Schlüsselkarten, Passwortschutz).
- **Verschlüsselung:**
    - Nutzung von TLS für Datenübertragungen.
    - Verschlüsselung von Datenbanken mit sensiblen Daten (z. B. Kennzeichen).
- **Datensicherung:**
    - Tägliche automatische Backups mit sicherer Aufbewahrung.
- **Protokollierung:**
    - Automatische Aufzeichnung von Zugriffen auf die Parkplatzverwaltungssoftware.
- **Schulungen:**
    - Regelmäßige Sensibilisierung der Mitarbeiter:innen für Datenschutzthemen.
- **Löschfristen:**
    - Automatisierte Löschung nach Ablauf der Aufbewahrungsfristen (sofern definiert).

---
User ID: UTP0442
Mode: chat
Time elapsed: 545 seconds
Date: 2026-02-10T10:24:44.661Z
```"
"118","LOT2142","ask","```markdown
# Mitarbeiterdatenverarbeitung

## 1. Verantwortliche Stelle und Angaben zum Verantwortlichen

Wir, die **TechKG GmbH**, übernehmen als verantwortliche Stelle die Planung und Verwaltung von Mitarbeiterdaten. Unsere Kontaktdaten lauten wie folgt:

- **Name der Organisation:** TechKG GmbH
- **Rolle:** Planung MA
- **Anschrift:** Musterstraße 22
- **E-Mail-Adresse:** MusterFrau@TechKG.com
- **Telefonnummer:** +49 1795 5688154
- **Vertreter:** Beste Vertretung
- **Datenschutzbeauftragter:** Daten Mann

## 2. Zweck und Rechtsgrundlage der Verarbeitung

### Zweck der Verarbeitung
Wir verarbeiten personenbezogene Daten ausschließlich zum Zweck der **Mitarbeiterplanung**.

### Rechtsgrundlage der Verarbeitung
Die Verarbeitung erfolgt auf Grundlage folgender Rechtsvorschriften:
- **Buchhaltungsdaten** (gemäß den einschlägigen handels- und steuerrechtlichen Vorschriften).

## 3. Kategorien personenbezogener Daten und Datenquellen

### Verarbeitete Datenkategorien
Im Rahmen der Mitarbeiterplanung verarbeiten wir folgende Datenkategorien:
- **Verwaltungsdaten**

### Datenquellen
Die Daten stammen aus der folgenden Quelle:
- **MADatenbank lojal**

## 4. Betroffene Personen und Empfänger der Daten

### Betroffene Personen
Die Verarbeitung betrifft folgende Personengruppen:
- **Mitarbeiter**

### Empfänger der Daten
Die Daten werden nicht an externe Empfänger außerhalb der Europäischen Union übermittelt. Innerhalb unserer Organisation haben ausschließlich autorisierte Personen Zugriff auf die Daten.

## 5. Speicherfristen und Löschung

### Speicherfristen
Wir speichern die Daten für einen Zeitraum von **6 Jahren nach Vertragsende**, sofern keine längeren gesetzlichen Aufbewahrungspflichten bestehen.

## 6. Technische und organisatorische Maßnahmen (TOM)

### Maßnahmen zum Schutz personenbezogener Daten
Im Rahmen der Verarbeitung von Mitarbeiterangelegenheiten haben wir folgende technische und organisatorische Maßnahmen implementiert:
- **MA Angelegenheiten** (spezifische Maßnahmen zur Sicherstellung der Vertraulichkeit, Integrität und Verfügbarkeit der Daten, einschließlich Zugriffskontrollen, Verschlüsselung und regelmäßiger Überprüfungen der Datensicherheit).

Diese Maßnahmen gewährleisten, dass die Verarbeitung im Einklang mit den Anforderungen der DSGVO erfolgt und die Rechte der betroffenen Personen geschützt werden.

---
User ID: LOT2142
Mode: ask
Time elapsed: 510 seconds
Date: 2026-02-15T21:54:49.448Z
```"
"119","fhfjf","chat","```markdown
# Employee Data Processing
**Records of Processing Activities (ROPA) under Article 30 GDPR**

---

## 1. Organization and Controller Information

We, as the data controller, are responsible for the processing of personal data described in this document. Below are the details of our organization:

- **Name of Organization:** Not specified
- **Role:** Not specified
- **Address:** Not specified
- **Email:** Not specified
- **Phone:** Not specified
- **Representative:** Not specified
- **Data Protection Officer (DPO):** Not specified

---

## 2. Purpose and Legal Basis for Processing

### Purpose of Processing
No purpose specified.

### Legal Basis for Processing
We process personal data based on the following legal grounds under the GDPR and other applicable laws:

- None specified.

---

## 3. Data Categories and Sources

### Data Categories
We process the following categories of personal data:

#### Personal Data
- Last name
- First name
- Date of birth
- Place of birth
- Gender
- Nationality
- Address
- Phone number
- Email address
- Marital status
- Religious affiliation

#### Employment Data
- Working hours
- Professional position
- Personnel number
- Company affiliation
- Vacation entitlement
- Vacation days
- Vacation times

#### Financial Data
- Salary/wage
- Bank details
- Tax identification number
- Tax class
- Monthly salaries
- Monthly wages
- Revenue
- Invoice information

#### Health Data
- Health insurance number
- Social security number
- Sick days
- Health data
- Insurance status
- Expiry date of vaccination/recovery status
- Copy of proof/certificate

#### Legal Data
- Contract data
- Identity documents
- Insolvency decree
- Schufa information
- Subscription data

#### Behavioral Data
- Usage behavior
- Behavioral data
- Browser history
- Metadata

#### Documentation and Records
- Individual documentation
- Complaint data
- Receipts
- Image material
- Billing data
- Offer
- Order data
- Delivery address
- Incoming invoice
- Outgoing invoice

#### Vehicle Data
- License plate
- Driving data
- Driver’s license

#### Other Data
- Expertise
- Skills
- Examination date
- Proof status
- Query date/time
- Delivery conditions
- Username
- Data volume

### Data Sources
We collect personal data from the following sources:

- None specified.

---

## 4. Data Subjects and Recipients

### Data Subjects
The categories of data subjects whose personal data we process include:

- None specified.

### Recipients of Personal Data
We disclose personal data to the following categories of recipients:

#### Internal Recipients
- None specified.

#### External Recipients (within the EU)
- None specified.

#### Authorized Persons
- None specified.

---

## 5. Data Retention and Deletion

### Retention Periods
We retain personal data for the following periods:

- No retention periods specified.

### Deletion Procedures
We ensure the secure deletion of personal data in accordance with our data retention policies. Specific deletion procedures are as follows:

- None specified.

---

## 6. Technical and Organizational Measures

### Security Measures
We have implemented the following technical and organizational measures to ensure the security of personal data and compliance with GDPR requirements:

- No measures specified.

---

## 7. Additional Information

No additional information provided.

---

**Approval and Review**
This Records of Processing Activities (ROPA) document is maintained by our organization and reviewed regularly to ensure compliance with GDPR and other applicable data protection laws.

**Last Updated:** [Insert Date]
**Next Review Date:** [Insert Date]

---
User ID: fhfjf
Mode: chat
Time elapsed: 188 seconds
Date: 2026-03-03T10:35:36.132Z
```"