This is pdfTeX, Version 3.141592653-2.6-1.40.28 (TeX Live 2025/Debian) (preloaded format=pdflatex 2026.3.25)  27 MAY 2026 05:38
entering extended mode
 restricted \write18 enabled.
 %&-line parsing enabled.
**main.tex
(./main.tex
LaTeX2e <2025-11-01>
L3 programming layer <2026-01-19>
(/usr/share/texlive/texmf-dist/tex/latex/koma-script/scrbook.cls
Document Class: scrbook 2025/12/01 v3.49 KOMA-Script document class (book)
(/usr/share/texlive/texmf-dist/tex/latex/koma-script/scrkbase.sty
Package: scrkbase 2025/12/01 v3.49 KOMA-Script package (KOMA-Script-dependent b
asics and keyval usage)

(/usr/share/texlive/texmf-dist/tex/latex/koma-script/scrbase.sty
Package: scrbase 2025/12/01 v3.49 KOMA-Script package (KOMA-Script-independent 
basics and keyval usage)

(/usr/share/texlive/texmf-dist/tex/latex/koma-script/scrlfile.sty
Package: scrlfile 2025/12/01 v3.49 KOMA-Script package (file load hooks)

(/usr/share/texlive/texmf-dist/tex/latex/koma-script/scrlfile-hook.sty
Package: scrlfile-hook 2025/12/01 v3.49 KOMA-Script package (using LaTeX hooks)


(/usr/share/texlive/texmf-dist/tex/latex/koma-script/scrlogo.sty
Package: scrlogo 2025/12/01 v3.49 KOMA-Script package (logo)
)))
(/usr/share/texlive/texmf-dist/tex/latex/graphics/keyval.sty
Package: keyval 2022/05/29 v1.15 key=value parser (DPC)
\KV@toks@=\toks17
)
Applying: [2021/05/01] Usage of raw or classic option list on input line 254.
Already applied: [0000/00/00] Usage of raw or classic option list on input line
 370.
))
(/usr/share/texlive/texmf-dist/tex/latex/koma-script/tocbasic.sty
Package: tocbasic 2025/12/01 v3.49 KOMA-Script package (handling toc-files)
\scr@dte@tocline@numberwidth=\skip49
\scr@dte@tocline@numbox=\box53
)
Package tocbasic Info: omitting babel extension for `toc'
(tocbasic)             because of feature `nobabel' available
(tocbasic)             for `toc' on input line 143.
Package scrbook Info: You've used standard option `12pt'.
(scrbook)             This is correct!
(scrbook)             Internally I'm using `fontsize=12pt'.
(scrbook)             If you'd like to set the option with \KOMAoptions,
(scrbook)             you'd have to use `fontsize=12pt' there
(scrbook)             instead of `12pt', too.
Class scrbook Info: You've used standard option `oneside'.
(scrbook)           This is correct!
(scrbook)           Internally I'm using `twoside=false'.
(scrbook)           If you'd like to set the option with \KOMAoptions,
(scrbook)           you'd have to use `twoside=false' there
(scrbook)           instead of `oneside', too.


Class scrbook Warning: You've used deprecated option `pointlessnumbers'.
(scrbook)              Usage of this option indicates an old document
(scrbook)              and changes compatibility level using
(scrbook)              `numbers=noenddot,version=first,
(scrbook)              enabledeprecatedfontcommands' that may result
(scrbook)              in further warnings.
(scrbook)              If you don't want this, you should simply
(scrbook)              replace option `pointlessnumbers' by `numbers=noenddot'.


Class scrbook Info: Switching compatibility level to `first'.

Class scrbook Warning: Switching back to an old KOMA-Script release does
(scrbook)              not mean, that KOMA-Script is fully compatible with
(scrbook)              the old release. If you need full compatibility
(scrbook)              to an old KOMA-Script release, you should use that
(scrbook)              old KOMA-Script release. However, in that case you
(scrbook)              could also need old releases of other packages and
(scrbook)              even of the LaTeX kernel.
(scrbook)              Please also note, that the KOMA-Script developers
(scrbook)              refuse support for documents using `version=first'.
(scrbook)              We recommend to eliminate all deprecated options
(scrbook)              and commands. We also recommend to not use option
(scrbook)              `version', i.e., with other values than `last'.


Class scrbook Warning: deprecated option `enabledeprecatedfontcommands'.
(scrbook)              Note, that this option was already depreacted when
(scrbook)              it has been defined. Support for old font commands
(scrbook)              has been removed from KOMA-Script more than one
(scrbook)              decade ago. It is not recommended to use them any
(scrbook)              longer. Therefore usage of this class option also
(scrbook)              is not recommended.


Class scrbook Warning: You've used deprecated option `bibtotoc'.
(scrbook)              Usage of this option indicates an old document
(scrbook)              and changes compatibility level using
(scrbook)              `bibliography=totoc,version=first,
(scrbook)              enabledeprecatedfontcommands' that may result
(scrbook)              in further warnings.
(scrbook)              If you don't want this, you should simply
(scrbook)              replace option `bibtotoc' by `bibliography=totoc'.

Class scrbook Info: Switching compatibility level to `first'.

Class scrbook Warning: Switching back to an old KOMA-Script release does
(scrbook)              not mean, that KOMA-Script is fully compatible with
(scrbook)              the old release. If you need full compatibility
(scrbook)              to an old KOMA-Script release, you should use that
(scrbook)              old KOMA-Script release. However, in that case you
(scrbook)              could also need old releases of other packages and
(scrbook)              even of the LaTeX kernel.
(scrbook)              Please also note, that the KOMA-Script developers
(scrbook)              refuse support for documents using `version=first'.
(scrbook)              We recommend to eliminate all deprecated options
(scrbook)              and commands. We also recommend to not use option
(scrbook)              `version', i.e., with other values than `last'.


Class scrbook Warning: deprecated option `enabledeprecatedfontcommands'.
(scrbook)              Note, that this option was already depreacted when
(scrbook)              it has been defined. Support for old font commands
(scrbook)              has been removed from KOMA-Script more than one
(scrbook)              decade ago. It is not recommended to use them any
(scrbook)              longer. Therefore usage of this class option also
(scrbook)              is not recommended.

Class scrbook Info: File `scrsize12pt.clo' used to setup font sizes on input li
ne 2711.
(/usr/share/texlive/texmf-dist/tex/latex/koma-script/scrsize12pt.clo
File: scrsize12pt.clo 2025/12/01 v3.49 KOMA-Script font size class option (12pt
)
)
(/usr/share/texlive/texmf-dist/tex/latex/koma-script/typearea.sty
Package: typearea 2025/12/01 v3.49 KOMA-Script package (type area)
\ta@bcor=\skip50
\ta@div=\count275
Package typearea Info: You've used standard option `a4paper'.
(typearea)             This is correct!
(typearea)             Internally I'm using `paper=a4'.
(typearea)             If you'd like to set the option with \KOMAoptions,
(typearea)             you'd have to use `paper=a4' there
(typearea)             instead of `a4paper', too.
Package typearea Info: You've used standard option `oneside'.
(typearea)             This is correct!
(typearea)             Internally I'm using `twoside=false'.
(typearea)             If you'd like to set the option with \KOMAoptions,
(typearea)             you'd have to use `twoside=false' there
(typearea)             instead of `oneside', too.


Package typearea Warning: You've used deprecated option `BCOR15mm'.
(typearea)                Usage of this option indicates an old document
(typearea)                and changes compatibility level using
(typearea)                `BCOR=15mm,version=first,
(typearea)                enabledeprecatedfontcommands' that may result
(typearea)                in further warnings.
(typearea)                If you don't want this, you should simply
(typearea)                replace option `BCOR15mm' by `BCOR=15mm'.

Package typearea Info: Switching compatibility level to `first'.

Package typearea Warning: Switching back to an old KOMA-Script release does
(typearea)                not mean, that KOMA-Script is fully compatible with
(typearea)                the old release. If you need full compatibility
(typearea)                to an old KOMA-Script release, you should use that
(typearea)                old KOMA-Script release. However, in that case you
(typearea)                could also need old releases of other packages and
(typearea)                even of the LaTeX kernel.
(typearea)                Please also note, that the KOMA-Script developers
(typearea)                refuse support for documents using `version=first'.
(typearea)                We recommend to eliminate all deprecated options
(typearea)                and commands. We also recommend to not use option
(typearea)                `version', i.e., with other values than `last'.

\ta@hblk=\skip51
\ta@vblk=\skip52
\ta@temp=\skip53
\footheight=\skip54
Package typearea Info: These are the values describing the layout:
(typearea)             DIV  = 12
(typearea)             BCOR = 42.67912pt
(typearea)             \paperwidth      = 597.50793pt
(typearea)              \textwidth      = 416.12161pt
(typearea)              DIV departure   = 0%
(typearea)              \evensidemargin = 39.76273pt
(typearea)              \oddsidemargin  = 39.76273pt
(typearea)             \paperheight     = 845.04694pt
(typearea)              \textheight     = 606.5pt
(typearea)              \topmargin      = -1.84941pt
(typearea)              \headheight     = 18.125pt
(typearea)              \headsep        = 21.75pt
(typearea)              \topskip        = 12.0pt
(typearea)              \footskip       = 50.75pt
(typearea)              \baselineskip   = 14.5pt
(typearea)              on input line 1808.
)
\c@part=\count276
\c@chapter=\count277
\c@section=\count278
\c@subsection=\count279
\c@subsubsection=\count280
\c@paragraph=\count281
\c@subparagraph=\count282
\scr@dte@chapter@maxnumwidth=\skip55
Class scrbook Info: using compatibility default `afterindent=bysign'
(scrbook)           for `\chapter on input line 5937.
\scr@dte@section@maxnumwidth=\skip56
Class scrbook Info: using compatibility default `runin=bysign'
(scrbook)           for `\section on input line 5948.
Class scrbook Info: using compatibility default `afterindent=bysign'
(scrbook)           for `\section on input line 5948.
\scr@dte@part@maxnumwidth=\skip57
Class scrbook Info: using compatibility default `afterindent=true'
(scrbook)           for `\part on input line 5957.
\scr@dte@subsection@maxnumwidth=\skip58
Class scrbook Info: using compatibility default `runin=bysign'
(scrbook)           for `\subsection on input line 5967.
Class scrbook Info: using compatibility default `afterindent=bysign'
(scrbook)           for `\subsection on input line 5967.
\scr@dte@subsubsection@maxnumwidth=\skip59
Class scrbook Info: using compatibility default `runin=bysign'
(scrbook)           for `\subsubsection on input line 5977.
Class scrbook Info: using compatibility default `afterindent=bysign'
(scrbook)           for `\subsubsection on input line 5977.
\scr@dte@paragraph@maxnumwidth=\skip60
Class scrbook Info: using compatibility default `runin=bysign'
(scrbook)           for `\paragraph on input line 5988.
Class scrbook Info: using compatibility default `afterindent=bysign'
(scrbook)           for `\paragraph on input line 5988.
\scr@dte@subparagraph@maxnumwidth=\skip61
Class scrbook Info: using compatibility default `runin=bysign'
(scrbook)           for `\subparagraph on input line 5998.
Class scrbook Info: using compatibility default `afterindent=bysign'
(scrbook)           for `\subparagraph on input line 5998.
\abovecaptionskip=\skip62
\belowcaptionskip=\skip63
\c@pti@nb@sid@b@x=\box54
Package tocbasic Info: omitting babel extension for `lof'
(tocbasic)             because of feature `nobabel' available
(tocbasic)             for `lof' on input line 7234.
\scr@dte@figure@maxnumwidth=\skip64
\c@figure=\count283
Package tocbasic Info: omitting babel extension for `lot'
(tocbasic)             because of feature `nobabel' available
(tocbasic)             for `lot' on input line 7247.
\scr@dte@table@maxnumwidth=\skip65
\c@table=\count284
Class scrbook Info: Using old \@makefntext due to compatibility level
(scrbook)           less than 3.22 on input line 7405.
Class scrbook Info: Redefining `\numberline' on input line 7418.
\bibindent=\dimen148
)
Package typearea Info: These are the values describing the layout:
(typearea)             DIV  = 12
(typearea)             BCOR = 42.67912pt
(typearea)             \paperwidth      = 597.50793pt
(typearea)              \textwidth      = 416.12161pt
(typearea)              DIV departure   = 0%
(typearea)              \evensidemargin = 39.76273pt
(typearea)              \oddsidemargin  = 39.76273pt
(typearea)             \paperheight     = 845.04694pt
(typearea)              \textheight     = 606.5pt
(typearea)              \topmargin      = -1.84941pt
(typearea)              \headheight     = 18.125pt
(typearea)              \headsep        = 21.75pt
(typearea)              \topskip        = 12.0pt
(typearea)              \footskip       = 50.75pt
(typearea)              \baselineskip   = 14.5pt
(typearea)              on input line 11.
 (/usr/share/texlive/texmf-dist/tex/latex/blindtext/blindtext.sty
Package: blindtext 2012/01/06 V2.0 blindtext-Package

(/usr/share/texlive/texmf-dist/tex/latex/tools/xspace.sty
Package: xspace 2014/10/28 v1.13 Space after command names (DPC,MH)
)
\c@blindtext=\count285
\c@Blindtext=\count286
\c@blind@countparstart=\count287
\blind@countxx=\count288
\blindtext@numBlindtext=\count289
\blind@countyy=\count290
\c@blindlist=\count291
\c@blindlistlevel=\count292
\c@blindlist@level=\count293
\blind@listitem=\count294
\c@blind@listcount=\count295
\c@blind@levelcount=\count296
\blind@mathformula=\count297
\blind@Mathformula=\count298
\c@blind@randomcount=\count299
\c@blind@randommax=\count300
\c@blind@pangramcount=\count301
\c@blind@pangrammax=\count302
)
(/usr/share/texlive/texmf-dist/tex/generic/babel/babel.sty
Package: babel 2026/01/18 v26.1 The multilingual framework for LuaLaTeX, pdfLaT
eX and XeLaTeX
\babel@savecnt=\count303
LaTeX Encoding Info:    Redeclaring text command \ij (encoding OT1) on input li
ne 2078.
LaTeX Encoding Info:    Redeclaring text command \IJ (encoding OT1) on input li
ne 2080.
LaTeX Encoding Info:    Redeclaring text command \ij (encoding T1) on input lin
e 2082.
LaTeX Encoding Info:    Redeclaring text command \IJ (encoding T1) on input lin
e 2083.
LaTeX Encoding Info:    Ignoring declaration for text command \ij (encoding ?) 
on input line 2084.
LaTeX Encoding Info:    Ignoring declaration for text command \IJ (encoding ?) 
on input line 2086.
LaTeX Encoding Info:    Ignoring declaration for text command \SS (encoding ?) 
on input line 2111.
\U@D=\dimen149
\l@unhyphenated=\language90

(/usr/share/texlive/texmf-dist/tex/generic/babel/txtbabel.def)
\bbl@readstream=\read2
\bbl@dirlevel=\count304

(/usr/share/texlive/texmf-dist/tex/generic/babel/locale/en/babel-english.tex)
Package babel Info: Importing font and identification data for english
(babel)             from babel-en.ini. Reported on input line 4330.

(/usr/share/texlive/texmf-dist/tex/generic/babel-english/english.ldf
Language: english 2017/06/06 v3.3r English support from the babel system
Package babel Info: Hyphen rules for 'canadian' set to \l@english
(babel)             (\language0). Reported on input line 102.
Package babel Info: Hyphen rules for 'australian' set to \l@ukenglish
(babel)             (\language77). Reported on input line 105.
Package babel Info: Hyphen rules for 'newzealand' set to \l@ukenglish
(babel)             (\language77). Reported on input line 108.
))
(/usr/share/texlive/texmf-dist/tex/latex/base/inputenc.sty
Package: inputenc 2024/02/08 v1.3d Input encoding file
\inpenc@prehook=\toks18
\inpenc@posthook=\toks19
)
(/usr/share/texlive/texmf-dist/tex/latex/base/fontenc.sty
Package: fontenc 2025/07/18 v2.1d Standard LaTeX package
)
(/usr/share/texlive/texmf-dist/tex/latex/psnfss/helvet.sty
Package: helvet 2020/03/25 PSNFSS-v9.3 (WaS) 
)
(/usr/share/texlive/texmf-dist/tex/latex/graphics/graphicx.sty
Package: graphicx 2024/12/31 v1.2e Enhanced LaTeX Graphics (DPC,SPQR)

(/usr/share/texlive/texmf-dist/tex/latex/graphics/graphics.sty
Package: graphics 2024/08/06 v1.4g Standard LaTeX Graphics (DPC,SPQR)

(/usr/share/texlive/texmf-dist/tex/latex/graphics/trig.sty
Package: trig 2023/12/02 v1.11 sin cos tan (DPC)
)
(/usr/share/texlive/texmf-dist/tex/latex/graphics-cfg/graphics.cfg
File: graphics.cfg 2016/06/04 v1.11 sample graphics configuration
)
Package graphics Info: Driver file: pdftex.def on input line 106.

(/usr/share/texlive/texmf-dist/tex/latex/graphics-def/pdftex.def
File: pdftex.def 2025/09/29 v1.2d Graphics/color driver for pdftex
))
\Gin@req@height=\dimen150
\Gin@req@width=\dimen151
)
(/usr/share/texlive/texmf-dist/tex/latex/caption/subcaption.sty
Package: subcaption 2023/07/28 v1.6b Sub-captions (AR)

(/usr/share/texlive/texmf-dist/tex/latex/caption/caption.sty
Package: caption 2023/08/05 v3.6o Customizing captions (AR)

Package tocbasic Info: Loading of class-dependent code for package caption3
(tocbasic)             prevented on line 50.


(/usr/share/texlive/texmf-dist/tex/latex/caption/caption3.sty
Package: caption3 2023/07/31 v2.4d caption3 kernel (AR)
\caption@tempdima=\dimen152
\captionmargin=\dimen153
\caption@leftmargin=\dimen154
\caption@rightmargin=\dimen155
\caption@width=\dimen156
\caption@indent=\dimen157
\caption@parindent=\dimen158
\caption@hangindent=\dimen159
)
\c@caption@flags=\count305
\c@continuedfloat=\count306
)
Package caption Info: New subtype `subfigure' on input line 238.
\c@subfigure=\count307
Package caption Info: New subtype `subtable' on input line 238.
\c@subtable=\count308
)
(/usr/share/texlive/texmf-dist/tex/latex/placeins/placeins.sty
Package: placeins 2005/04/18  v 2.2
)
(/usr/share/texlive/texmf-dist/tex/latex/booktabs/booktabs.sty
Package: booktabs 2020/01/12 v1.61803398 Publication quality tables
\heavyrulewidth=\dimen160
\lightrulewidth=\dimen161
\cmidrulewidth=\dimen162
\belowrulesep=\dimen163
\belowbottomsep=\dimen164
\aboverulesep=\dimen165
\abovetopsep=\dimen166
\cmidrulesep=\dimen167
\cmidrulekern=\dimen168
\defaultaddspace=\dimen169
\@cmidla=\count309
\@cmidlb=\count310
\@aboverulesep=\dimen170
\@belowrulesep=\dimen171
\@thisruleclass=\count311
\@lastruleclass=\count312
\@thisrulewidth=\dimen172
)
(/usr/share/texlive/texmf-dist/tex/latex/siunitx/siunitx.sty
Package: siunitx 2025-07-09 v3.4.14 A comprehensive (SI) units package
\l__siunitx_number_uncert_offset_int=\count313
\l__siunitx_number_exponent_fixed_int=\count314
\l__siunitx_number_min_decimal_int=\count315
\l__siunitx_number_min_integer_int=\count316
\l__siunitx_number_round_precision_int=\count317
\l__siunitx_number_lower_threshold_int=\count318
\l__siunitx_number_upper_threshold_int=\count319
\l__siunitx_number_group_first_int=\count320
\l__siunitx_number_group_size_int=\count321
\l__siunitx_number_group_minimum_int=\count322
\l__siunitx_angle_tmp_dim=\dimen173
\l__siunitx_angle_marker_box=\box55
\l__siunitx_angle_unit_box=\box56
\l__siunitx_compound_count_int=\count323

(/usr/share/texlive/texmf-dist/tex/latex/translations/translations.sty
Package: translations 2022/02/05 v1.12 internationalization of LaTeX2e packages
 (CN)

(/usr/share/texlive/texmf-dist/tex/latex/etoolbox/etoolbox.sty
Package: etoolbox 2025/10/02 v2.5m e-TeX tools for LaTeX (JAW)
\etb@tempcnta=\count324
)
(/usr/share/texlive/texmf-dist/tex/generic/pdftexcmds/pdftexcmds.sty
Package: pdftexcmds 2020-06-27 v0.33 Utility functions of pdfTeX for LuaTeX (HO
)

(/usr/share/texlive/texmf-dist/tex/generic/infwarerr/infwarerr.sty
Package: infwarerr 2019/12/03 v1.5 Providing info/warning/error messages (HO)
)
(/usr/share/texlive/texmf-dist/tex/generic/iftex/iftex.sty
Package: iftex 2024/12/12 v1.0g TeX engine tests
)
(/usr/share/texlive/texmf-dist/tex/generic/ltxcmds/ltxcmds.sty
Package: ltxcmds 2023-12-04 v1.26 LaTeX kernel commands for general use (HO)
)
Package pdftexcmds Info: \pdf@primitive is available.
Package pdftexcmds Info: \pdf@ifprimitive is available.
Package pdftexcmds Info: \pdfdraftmode found.
))
(/usr/share/texlive/texmf-dist/tex/latex/amsmath/amstext.sty
Package: amstext 2024/11/17 v2.01 AMS text

(/usr/share/texlive/texmf-dist/tex/latex/amsmath/amsgen.sty
File: amsgen.sty 1999/11/30 v2.0 generic functions
\@emptytoks=\toks20
\ex@=\dimen174
))
\l__siunitx_table_tmp_box=\box57
\l__siunitx_table_tmp_dim=\dimen175
\l__siunitx_table_column_width_dim=\dimen176
\l__siunitx_table_integer_box=\box58
\l__siunitx_table_decimal_box=\box59
\l__siunitx_table_uncert_box=\box60
\l__siunitx_table_before_box=\box61
\l__siunitx_table_after_box=\box62
\l__siunitx_table_before_dim=\dimen177
\l__siunitx_table_carry_dim=\dimen178
\l__siunitx_unit_tmp_int=\count325
\l__siunitx_unit_position_int=\count326
\l__siunitx_unit_total_int=\count327

(/usr/share/texlive/texmf-dist/tex/latex/tools/array.sty
Package: array 2025/09/25 v2.6n Tabular extension package (FMi)
\col@sep=\dimen179
\ar@mcellbox=\box63
\extrarowheight=\dimen180
\NC@list=\toks21
\extratabsurround=\skip66
\backup@length=\skip67
\ar@cellbox=\box64
))

Package siunitx Info: Option "detect-all" has been deprecated in this release.
(siunitx)             
(siunitx)             Use "mode = match, propagate-math-font = true,
(siunitx)             reset-math-version = false, reset-text-family = false,
(siunitx)             reset-text-series = false, reset-text-shape = false,
(siunitx)             text-family-to-math = true, text-series-to-math = true"
(siunitx)             as a replacement.


(/usr/share/texlive/texmf-dist/tex/latex/csquotes/csquotes.sty
Package: csquotes 2024-04-04 v5.2o context-sensitive quotations (JAW)
\csq@reset=\count328
\csq@gtype=\count329
\csq@glevel=\count330
\csq@qlevel=\count331
\csq@maxlvl=\count332
\csq@tshold=\count333
\csq@ltx@everypar=\toks22

(/usr/share/texlive/texmf-dist/tex/latex/csquotes/csquotes.def
File: csquotes.def 2024-04-04 v5.2o csquotes generic definitions (JAW)
)
Package csquotes Info: Trying to load configuration file 'csquotes.cfg'...
Package csquotes Info: ... configuration file loaded successfully.

(/usr/share/texlive/texmf-dist/tex/latex/csquotes/csquotes.cfg
File: csquotes.cfg 
)
Package csquotes Info: Enabling multilingual quotes.
)
(/usr/share/texlive/texmf-dist/tex/latex/biblatex/biblatex.sty
Package: biblatex 2025/07/10 v3.21 programmable bibliographies (PK/MW)

(/usr/share/texlive/texmf-dist/tex/latex/kvoptions/kvoptions.sty
Package: kvoptions 2022-06-15 v3.15 Key value format for package options (HO)

(/usr/share/texlive/texmf-dist/tex/latex/kvsetkeys/kvsetkeys.sty
Package: kvsetkeys 2022-10-05 v1.19 Key value parser (HO)
))
(/usr/share/texlive/texmf-dist/tex/latex/logreq/logreq.sty
Package: logreq 2010/08/04 v1.0 xml request logger
\lrq@indent=\count334

(/usr/share/texlive/texmf-dist/tex/latex/logreq/logreq.def
File: logreq.def 2010/08/04 v1.0 logreq spec v1.0
))
(/usr/share/texlive/texmf-dist/tex/latex/base/ifthen.sty
Package: ifthen 2024/03/16 v1.1e Standard LaTeX ifthen package (DPC)
)
(/usr/share/texlive/texmf-dist/tex/latex/url/url.sty
\Urlmuskip=\muskip17
Package: url 2013/09/16  ver 3.4  Verb mode for urls, etc.
)
\c@tabx@nest=\count335
\c@listtotal=\count336
\c@listcount=\count337
\c@liststart=\count338
\c@liststop=\count339
\c@citecount=\count340
\c@citetotal=\count341
\c@multicitecount=\count342
\c@multicitetotal=\count343
\c@instcount=\count344
\c@maxnames=\count345
\c@minnames=\count346
\c@maxitems=\count347
\c@minitems=\count348
\c@citecounter=\count349
\c@maxcitecounter=\count350
\c@savedcitecounter=\count351
\c@uniquelist=\count352
\c@uniquename=\count353
\c@refsection=\count354
\c@refsegment=\count355
\c@maxextratitle=\count356
\c@maxextratitleyear=\count357
\c@maxextraname=\count358
\c@maxextradate=\count359
\c@maxextraalpha=\count360
\c@abbrvpenalty=\count361
\c@highnamepenalty=\count362
\c@lownamepenalty=\count363
\c@maxparens=\count364
\c@parenlevel=\count365
\blx@tempcnta=\count366
\blx@tempcntb=\count367
\blx@tempcntc=\count368
\c@blx@maxsection=\count369
\blx@maxsegment@0=\count370
\blx@notetype=\count371
\blx@parenlevel@text=\count372
\blx@parenlevel@foot=\count373
\blx@sectionciteorder@0=\count374
\blx@sectionciteorderinternal@0=\count375
\blx@entrysetcounter=\count376
\blx@biblioinstance=\count377
\labelnumberwidth=\skip68
\labelalphawidth=\skip69
\biblabelsep=\skip70
\bibitemsep=\skip71
\bibnamesep=\skip72
\bibinitsep=\skip73
\bibparsep=\skip74
\bibhang=\skip75
\blx@bcfin=\read3
\blx@bcfout=\write3
\blx@langwohyphens=\language91
\c@mincomprange=\count378
\c@maxcomprange=\count379
\c@mincompwidth=\count380
Package biblatex Info: Trying to load biblatex default data model...
Package biblatex Info: ... file 'blx-dm.def' found.

(/usr/share/texlive/texmf-dist/tex/latex/biblatex/blx-dm.def
File: blx-dm.def 2025/07/10 v3.21 biblatex datamodel (PK/MW)
)
Package biblatex Info: Trying to load biblatex custom data model...
Package biblatex Info: ... file 'biblatex-dm.cfg' not found.
\c@afterword=\count381
\c@savedafterword=\count382
\c@annotator=\count383
\c@savedannotator=\count384
\c@author=\count385
\c@savedauthor=\count386
\c@bookauthor=\count387
\c@savedbookauthor=\count388
\c@commentator=\count389
\c@savedcommentator=\count390
\c@editor=\count391
\c@savededitor=\count392
\c@editora=\count393
\c@savededitora=\count394
\c@editorb=\count395
\c@savededitorb=\count396
\c@editorc=\count397
\c@savededitorc=\count398
\c@foreword=\count399
\c@savedforeword=\count400
\c@holder=\count401
\c@savedholder=\count402
\c@introduction=\count403
\c@savedintroduction=\count404
\c@namea=\count405
\c@savednamea=\count406
\c@nameb=\count407
\c@savednameb=\count408
\c@namec=\count409
\c@savednamec=\count410
\c@translator=\count411
\c@savedtranslator=\count412
\c@shortauthor=\count413
\c@savedshortauthor=\count414
\c@shorteditor=\count415
\c@savedshorteditor=\count416
\c@labelname=\count417
\c@savedlabelname=\count418
\c@institution=\count419
\c@savedinstitution=\count420
\c@lista=\count421
\c@savedlista=\count422
\c@listb=\count423
\c@savedlistb=\count424
\c@listc=\count425
\c@savedlistc=\count426
\c@listd=\count427
\c@savedlistd=\count428
\c@liste=\count429
\c@savedliste=\count430
\c@listf=\count431
\c@savedlistf=\count432
\c@location=\count433
\c@savedlocation=\count434
\c@organization=\count435
\c@savedorganization=\count436
\c@origlocation=\count437
\c@savedoriglocation=\count438
\c@origpublisher=\count439
\c@savedorigpublisher=\count440
\c@publisher=\count441
\c@savedpublisher=\count442
\c@language=\count443
\c@savedlanguage=\count444
\c@origlanguage=\count445
\c@savedoriglanguage=\count446
\c@pageref=\count447
\c@savedpageref=\count448
\shorthandwidth=\skip76
\shortjournalwidth=\skip77
\shortserieswidth=\skip78
\shorttitlewidth=\skip79
\shortauthorwidth=\skip80
\shorteditorwidth=\skip81
\locallabelnumberwidth=\skip82
\locallabelalphawidth=\skip83
\localshorthandwidth=\skip84
\localshortjournalwidth=\skip85
\localshortserieswidth=\skip86
\localshorttitlewidth=\skip87
\localshortauthorwidth=\skip88
\localshorteditorwidth=\skip89
Package biblatex Info: Trying to load compatibility code...
Package biblatex Info: ... file 'blx-compat.def' found.

(/usr/share/texlive/texmf-dist/tex/latex/biblatex/blx-compat.def
File: blx-compat.def 2025/07/10 v3.21 biblatex compatibility (PK/MW)
)
Package biblatex Info: Trying to load generic definitions...
Package biblatex Info: ... file 'biblatex.def' found.

(/usr/share/texlive/texmf-dist/tex/latex/biblatex/biblatex.def
File: biblatex.def 2025/07/10 v3.21 biblatex compatibility (PK/MW)
\c@textcitecount=\count449
\c@textcitetotal=\count450
\c@textcitemaxnames=\count451
\c@biburlbigbreakpenalty=\count452
\c@biburlbreakpenalty=\count453
\c@biburlnumpenalty=\count454
\c@biburlucpenalty=\count455
\c@biburllcpenalty=\count456
\biburlbigskip=\muskip18
\biburlnumskip=\muskip19
\biburlucskip=\muskip20
\biburllcskip=\muskip21
\c@smartand=\count457
)
Package biblatex Info: Trying to load bibliography style 'numeric'...
Package biblatex Info: ... file 'numeric.bbx' found.

(/usr/share/texlive/texmf-dist/tex/latex/biblatex/bbx/numeric.bbx
File: numeric.bbx 2025/07/10 v3.21 biblatex bibliography style (PK/MW)
Package biblatex Info: Trying to load bibliography style 'standard'...
Package biblatex Info: ... file 'standard.bbx' found.

(/usr/share/texlive/texmf-dist/tex/latex/biblatex/bbx/standard.bbx
File: standard.bbx 2025/07/10 v3.21 biblatex bibliography style (PK/MW)
\c@bbx:relatedcount=\count458
\c@bbx:relatedtotal=\count459
))
Package biblatex Info: Trying to load citation style 'numeric'...
Package biblatex Info: ... file 'numeric.cbx' found.

(/usr/share/texlive/texmf-dist/tex/latex/biblatex/cbx/numeric.cbx
File: numeric.cbx 2025/07/10 v3.21 biblatex citation style (PK/MW)
Package biblatex Info: Redefining '\cite'.
Package biblatex Info: Redefining '\parencite'.
Package biblatex Info: Redefining '\footcite'.
Package biblatex Info: Redefining '\footcitetext'.
Package biblatex Info: Redefining '\smartcite'.
Package biblatex Info: Redefining '\supercite'.
Package biblatex Info: Redefining '\textcite'.
Package biblatex Info: Redefining '\textcites'.
Package biblatex Info: Redefining '\cites'.
Package biblatex Info: Redefining '\parencites'.
Package biblatex Info: Redefining '\smartcites'.
)
Package biblatex Info: Trying to load configuration file...
Package biblatex Info: ... file 'biblatex.cfg' found.

(/usr/share/texlive/texmf-dist/tex/latex/biblatex/biblatex.cfg
File: biblatex.cfg 
)
Package biblatex Info: Input encoding 'utf8' detected.
Package biblatex Info: Document encoding is UTF8 ....

(/usr/share/texlive/texmf-dist/tex/latex/l3kernel/expl3.sty
Package: expl3 2026-01-19 L3 programming layer (loader) 

(/usr/share/texlive/texmf-dist/tex/latex/l3backend/l3backend-pdftex.def
File: l3backend-pdftex.def 2025-10-09 L3 backend support: PDF output (pdfTeX)
\l__color_backend_stack_int=\count460
))
Package biblatex Info: ... and expl3
(biblatex)             2026-01-19 L3 programming layer (loader) 
(biblatex)             is new enough (at least 2020/04/06),
(biblatex)             setting 'casechanger=expl3'.

(/usr/share/texlive/texmf-dist/tex/latex/biblatex/blx-case-expl3.sty
(/usr/share/texlive/texmf-dist/tex/latex/l3packages/xparse/xparse.sty
Package: xparse 2025-10-09 L3 Experimental document command parser
)
Package: blx-case-expl3 2025/07/10 v3.21 expl3 case changing code for biblatex
))
(/usr/share/texlive/texmf-dist/tex/latex/tools/tabularx.sty
Package: tabularx 2023/12/11 v2.12a `tabularx' package (DPC)
\TX@col@width=\dimen181
\TX@old@table=\dimen182
\TX@old@col=\dimen183
\TX@target=\dimen184
\TX@delta=\dimen185
\TX@cols=\count461
\TX@ftn=\toks23
)
(/usr/share/texlive/texmf-dist/tex/latex/multirow/multirow.sty
Package: multirow 2024/11/12 v2.9 Span multiple rows of a table
\multirow@colwidth=\skip90
\multirow@cntb=\count462
\multirow@dima=\skip91
\bigstrutjot=\dimen186
)
(/usr/share/texlive/texmf-dist/tex/latex/graphics/rotating.sty
Package: rotating 2025/01/14 v2.16e rotated objects in LaTeX
\c@r@tfl@t=\count463
\rotFPtop=\skip92
\rotFPbot=\skip93
\rot@float@box=\box65
\rot@mess@toks=\toks24
)
(/usr/share/texlive/texmf-dist/tex/latex/tools/longtable.sty
Package: longtable 2025-10-13 v4.24 Multi-page Table package (DPC)
\LTleft=\skip94
\LTright=\skip95
\LTpre=\skip96
\LTpost=\skip97
\LTchunksize=\count464
\LTcapwidth=\dimen187
\LT@head=\box66
\LT@firsthead=\box67
\LT@foot=\box68
\LT@lastfoot=\box69
\LT@gbox=\box70
\LT@cols=\count465
\LT@rows=\count466
\c@LT@tables=\count467
\c@LT@chunks=\count468
\LT@p@ftn=\toks25
)
Class scrbook Info: longtable captions redefined on input line 48.

(/usr/share/texlive/texmf-dist/tex/latex/graphics/color.sty
Package: color 2025/01/14 v1.3e Standard LaTeX Color (DPC)

(/usr/share/texlive/texmf-dist/tex/latex/graphics-cfg/color.cfg
File: color.cfg 2016/01/02 v1.6 sample color configuration
)
Package color Info: Driver file: pdftex.def on input line 149.

(/usr/share/texlive/texmf-dist/tex/latex/graphics/mathcolor.ltx))
(/usr/share/texlive/texmf-dist/tex/latex/amsfonts/amssymb.sty
Package: amssymb 2013/01/14 v3.01 AMS font symbols

(/usr/share/texlive/texmf-dist/tex/latex/amsfonts/amsfonts.sty
Package: amsfonts 2013/01/14 v3.01 Basic AMSFonts support
\symAMSa=\mathgroup4
\symAMSb=\mathgroup5
LaTeX Font Info:    Redeclaring math symbol \hbar on input line 98.
LaTeX Font Info:    Overwriting math alphabet `\mathfrak' in version `bold'
(Font)                  U/euf/m/n --> U/euf/b/n on input line 106.
))
(/usr/share/texlive/texmf-dist/tex/latex/amsmath/amsmath.sty
Package: amsmath 2025/07/09 v2.17z AMS math features
\@mathmargin=\skip98

For additional information on amsmath, use the `?' option.
(/usr/share/texlive/texmf-dist/tex/latex/amsmath/amsbsy.sty
Package: amsbsy 1999/11/29 v1.2d Bold Symbols
\pmbraise@=\dimen188
)
(/usr/share/texlive/texmf-dist/tex/latex/amsmath/amsopn.sty
Package: amsopn 2022/04/08 v2.04 operator names
)
\inf@bad=\count469
LaTeX Info: Redefining \frac on input line 233.
\uproot@=\count470
\leftroot@=\count471
LaTeX Info: Redefining \overline on input line 398.
LaTeX Info: Redefining \colon on input line 409.
\classnum@=\count472
\DOTSCASE@=\count473
LaTeX Info: Redefining \ldots on input line 495.
LaTeX Info: Redefining \dots on input line 498.
LaTeX Info: Redefining \cdots on input line 619.
\Mathstrutbox@=\box71
\strutbox@=\box72
LaTeX Info: Redefining \big on input line 721.
LaTeX Info: Redefining \Big on input line 722.
LaTeX Info: Redefining \bigg on input line 723.
LaTeX Info: Redefining \Bigg on input line 724.
\big@size=\dimen189
LaTeX Font Info:    Redeclaring font encoding OML on input line 742.
LaTeX Font Info:    Redeclaring font encoding OMS on input line 743.
\macc@depth=\count474
LaTeX Info: Redefining \bmod on input line 904.
LaTeX Info: Redefining \pmod on input line 909.
LaTeX Info: Redefining \smash on input line 939.
LaTeX Info: Redefining \relbar on input line 969.
LaTeX Info: Redefining \Relbar on input line 970.
\c@MaxMatrixCols=\count475
\dotsspace@=\muskip22
\c@parentequation=\count476
\dspbrk@lvl=\count477
\tag@help=\toks26
\row@=\count478
\column@=\count479
\maxfields@=\count480
\andhelp@=\toks27
\eqnshift@=\dimen190
\alignsep@=\dimen191
\tagshift@=\dimen192
\tagwidth@=\dimen193
\totwidth@=\dimen194
\lineht@=\dimen195
\@envbody=\toks28
\multlinegap=\skip99
\multlinetaggap=\skip100
\mathdisplay@stack=\toks29
LaTeX Info: Redefining \[ on input line 2950.
LaTeX Info: Redefining \] on input line 2951.
) (./setspace.sty
Package: setspace 2000/12/01 6.7 Contributed and Supported LaTeX2e package

Package: `setspace' 6.7 <2000/12/01>
) (/usr/share/texlive/texmf-dist/tex/latex/listings/listings.sty
\lst@mode=\count481
\lst@gtempboxa=\box73
\lst@token=\toks30
\lst@length=\count482
\lst@currlwidth=\dimen196
\lst@column=\count483
\lst@pos=\count484
\lst@lostspace=\dimen197
\lst@width=\dimen198
\lst@newlines=\count485
\lst@lineno=\count486
\lst@maxwidth=\dimen199

(/usr/share/texlive/texmf-dist/tex/latex/listings/lstpatch.sty
File: lstpatch.sty 2025/11/14 1.11b (Carsten Heinz)
)
(/usr/share/texlive/texmf-dist/tex/latex/listings/lstmisc.sty
File: lstmisc.sty 2025/11/14 1.11b (Carsten Heinz)
\c@lstnumber=\count487
\lst@skipnumbers=\count488
\lst@framebox=\box74
)
(/usr/share/texlive/texmf-dist/tex/latex/listings/listings.cfg
File: listings.cfg 2025/11/14 1.11b listings configuration
))
Package: listings 2025/11/14 1.11b (Carsten Heinz)

==> First Aid for listings.sty no longer applied!
    Expected:
        2024/09/23 1.10c (Carsten Heinz)
    but found:
        2025/11/14 1.11b (Carsten Heinz)
    so I'm assuming it got fixed.
(/usr/share/texlive/texmf-dist/tex/latex/listings/lstlang1.sty
File: lstlang1.sty 2025/11/14 1.11b listings language file
)
(/usr/share/texlive/texmf-dist/tex/latex/hyperref/hyperref.sty
Package: hyperref 2025-07-12 v7.01o Hypertext links for LaTeX

(/usr/share/texlive/texmf-dist/tex/generic/kvdefinekeys/kvdefinekeys.sty
Package: kvdefinekeys 2019-12-19 v1.6 Define keys (HO)
)
(/usr/share/texlive/texmf-dist/tex/generic/pdfescape/pdfescape.sty
Package: pdfescape 2019/12/09 v1.15 Implements pdfTeX's escape features (HO)
)
(/usr/share/texlive/texmf-dist/tex/latex/hycolor/hycolor.sty
Package: hycolor 2020-01-27 v1.10 Color options for hyperref/bookmark (HO)
)
(/usr/share/texlive/texmf-dist/tex/latex/hyperref/nameref.sty
Package: nameref 2025-06-21 v2.57 Cross-referencing by name of section

(/usr/share/texlive/texmf-dist/tex/latex/refcount/refcount.sty
Package: refcount 2019/12/15 v3.6 Data extraction from label references (HO)
)
(/usr/share/texlive/texmf-dist/tex/generic/gettitlestring/gettitlestring.sty
Package: gettitlestring 2019/12/15 v1.6 Cleanup title references (HO)
)
\c@section@level=\count489
)
(/usr/share/texlive/texmf-dist/tex/generic/stringenc/stringenc.sty
Package: stringenc 2019/11/29 v1.12 Convert strings between diff. encodings (HO
)
)
\@linkdim=\dimen256
\Hy@linkcounter=\count490
\Hy@pagecounter=\count491

(/usr/share/texlive/texmf-dist/tex/latex/hyperref/pd1enc.def
File: pd1enc.def 2025-07-12 v7.01o Hyperref: PDFDocEncoding definition (HO)
Now handling font encoding PD1 ...
... no UTF-8 mapping file for font encoding PD1
)
(/usr/share/texlive/texmf-dist/tex/generic/intcalc/intcalc.sty
Package: intcalc 2019/12/15 v1.3 Expandable calculations with integers (HO)
)
\Hy@SavedSpaceFactor=\count492

(/usr/share/texlive/texmf-dist/tex/latex/hyperref/puenc.def
File: puenc.def 2025-07-12 v7.01o Hyperref: PDF Unicode definition (HO)
Now handling font encoding PU ...
... no UTF-8 mapping file for font encoding PU
)
Package hyperref Info: Hyper figures OFF on input line 4195.
Package hyperref Info: Link nesting OFF on input line 4200.
Package hyperref Info: Hyper index ON on input line 4203.
Package hyperref Info: Plain pages OFF on input line 4210.
Package hyperref Info: Backreferencing OFF on input line 4215.
Package hyperref Info: Implicit mode ON; LaTeX internals redefined.
Package hyperref Info: Bookmarks ON on input line 4462.
\c@Hy@tempcnt=\count493
LaTeX Info: Redefining \url on input line 4801.
\XeTeXLinkMargin=\dimen257

(/usr/share/texlive/texmf-dist/tex/generic/bitset/bitset.sty
Package: bitset 2019/12/09 v1.3 Handle bit-vector datatype (HO)

(/usr/share/texlive/texmf-dist/tex/generic/bigintcalc/bigintcalc.sty
Package: bigintcalc 2019/12/15 v1.5 Expandable calculations on big integers (HO
)
))
\Fld@menulength=\count494
\Field@Width=\dimen258
\Fld@charsize=\dimen259
Package hyperref Info: Hyper figures OFF on input line 6078.
Package hyperref Info: Link nesting OFF on input line 6083.
Package hyperref Info: Hyper index ON on input line 6086.
Package hyperref Info: backreferencing OFF on input line 6093.
Package hyperref Info: Link coloring OFF on input line 6098.
Package hyperref Info: Link coloring with OCG OFF on input line 6103.
Package hyperref Info: PDF/A mode OFF on input line 6108.
\Hy@abspage=\count495
\c@Item=\count496
\c@Hfootnote=\count497
)
Package hyperref Info: Driver (autodetected): hpdftex.

(/usr/share/texlive/texmf-dist/tex/latex/hyperref/hpdftex.def
File: hpdftex.def 2025-07-12 v7.01o Hyperref driver for pdfTeX
\Fld@listcount=\count498
\c@bookmark@seq@number=\count499

(/usr/share/texlive/texmf-dist/tex/latex/rerunfilecheck/rerunfilecheck.sty
Package: rerunfilecheck 2025-06-21 v1.11 Rerun checks for auxiliary files (HO)

(/usr/share/texlive/texmf-dist/tex/generic/uniquecounter/uniquecounter.sty
Package: uniquecounter 2019/12/15 v1.4 Provide unlimited unique counter (HO)
)
Package uniquecounter Info: New unique counter `rerunfilecheck' on input line 2
84.
)
\Hy@SectionHShift=\skip101
)
Package hyperref Info: Option `colorlinks' set `false' on input line 109.
Package hyperref Info: Option `breaklinks' set `true' on input line 109.
Package csquotes Info: Checking for multilingual support...
Package csquotes Info: ... found 'babel' package.
Class scrbook Info: loading recommended package `bookmark'.
(scrbook)           Using `bookmark' together with `hyperref' is recommended,
(scrbook)           because of handling of possible bookmark level gaps.
(scrbook)           You can avoid loading `bookmark' with KOMA-Script option
(scrbook)           `bookmarkpackage=false' before \begin{document} and
(scrbook)           you can avoid this message adding:
(scrbook)             \usepackage{bookmark}
(scrbook)           before \begin{document} on input line 119.

(/usr/share/texlive/texmf-dist/tex/latex/bookmark/bookmark.sty
Package: bookmark 2023-12-10 v1.31 PDF bookmarks (HO)

(/usr/share/texlive/texmf-dist/tex/latex/bookmark/bkm-pdftex.def
File: bkm-pdftex.def 2023-12-10 v1.31 bookmark driver for pdfTeX and luaTeX (HO
)
\BKM@id=\count500
))
LaTeX Font Info:    Trying to load font information for T1+phv on input line 11
9.

(/usr/share/texlive/texmf-dist/tex/latex/psnfss/t1phv.fd
File: t1phv.fd 2020/03/25 scalable font definitions for T1/phv.
)
LaTeX Font Info:    Font shape `T1/phv/m/n' will be
(Font)              scaled to size 11.39996pt on input line 119.
 (./main.aux)
\openout1 = `main.aux'.

LaTeX Font Info:    Checking defaults for OML/cmm/m/it on input line 119.
LaTeX Font Info:    ... okay on input line 119.
LaTeX Font Info:    Checking defaults for OMS/cmsy/m/n on input line 119.
LaTeX Font Info:    ... okay on input line 119.
LaTeX Font Info:    Checking defaults for OT1/cmr/m/n on input line 119.
LaTeX Font Info:    ... okay on input line 119.
LaTeX Font Info:    Checking defaults for T1/cmr/m/n on input line 119.
LaTeX Font Info:    ... okay on input line 119.
LaTeX Font Info:    Checking defaults for TS1/cmr/m/n on input line 119.
LaTeX Font Info:    ... okay on input line 119.
LaTeX Font Info:    Checking defaults for OMX/cmex/m/n on input line 119.
LaTeX Font Info:    ... okay on input line 119.
LaTeX Font Info:    Checking defaults for U/cmr/m/n on input line 119.
LaTeX Font Info:    ... okay on input line 119.
LaTeX Font Info:    Checking defaults for PD1/pdf/m/n on input line 119.
LaTeX Font Info:    ... okay on input line 119.
LaTeX Font Info:    Checking defaults for PU/pdf/m/n on input line 119.
LaTeX Font Info:    ... okay on input line 119.
Package scrbase Info: activating english \partname on input line 119.
Package scrbase Info: activating english \chaptername on input line 119.
Package scrbase Info: activating english \appendixname on input line 119.
Package scrbase Info: activating english \figurename on input line 119.
Package scrbase Info: activating english \tablename on input line 119.
Package scrbase Info: activating english \contentsname on input line 119.
Package scrbase Info: activating english \listfigurename on input line 119.
Package scrbase Info: activating english \listtablename on input line 119.
Package scrbase Info: activating english \bibname on input line 119.
Package scrbase Info: activating english \indexname on input line 119.

(/usr/share/texlive/texmf-dist/tex/context/base/mkii/supp-pdf.mkii
[Loading MPS to PDF converter (version 2006.09.02).]
\scratchcounter=\count501
\scratchdimen=\dimen260
\scratchbox=\box75
\nofMPsegments=\count502
\nofMParguments=\count503
\everyMPshowfont=\toks31
\MPscratchCnt=\count504
\MPscratchDim=\dimen261
\MPnumerator=\count505
\makeMPintoPDFobject=\count506
\everyMPtoPDFconversion=\toks32
) (/usr/share/texlive/texmf-dist/tex/latex/epstopdf-pkg/epstopdf-base.sty
Package: epstopdf-base 2020-01-24 v2.11 Base part for package epstopdf
Package epstopdf-base Info: Redefining graphics rule for `.eps' on input line 4
85.

(/usr/share/texlive/texmf-dist/tex/latex/latexconfig/epstopdf-sys.cfg
File: epstopdf-sys.cfg 2010/07/13 v1.3 Configuration of (r)epstopdf for TeX Liv
e
))
Package caption Info: Begin \AtBeginDocument code.
Package caption Info: hyperref package is loaded.
Package caption Info: listings package is loaded.
Package caption Info: longtable package is loaded.

(/usr/share/texlive/texmf-dist/tex/latex/caption/ltcaption.sty
Package: ltcaption 2021/01/08 v1.4c longtable captions (AR)
)
Package caption Info: rotating package is loaded.
Package caption Info: End \AtBeginDocument code.

(/usr/share/texlive/texmf-dist/tex/latex/translations/translations-basic-dictio
nary-english.trsl
File: translations-basic-dictionary-english.trsl (english translation file `tra
nslations-basic-dictionary')
)
Package translations Info: loading dictionary `translations-basic-dictionary' f
or `english'. on input line 119.
Package biblatex Info: Trying to load language 'english'...
Package biblatex Info: ... file 'english.lbx' found.

(/usr/share/texlive/texmf-dist/tex/latex/biblatex/lbx/english.lbx
File: english.lbx 2025/07/10 v3.21 biblatex localization (PK/MW)
)
Package biblatex Info: Input encoding 'utf8' detected.
Package biblatex Info: Automatic encoding selection.
(biblatex)             Assuming data encoding 'utf8'.
\openout3 = `main.bcf'.

Package biblatex Info: Trying to load bibliographic data...
Package biblatex Info: ... file 'main.bbl' found.
 (./main.bbl)
Package biblatex Info: Reference section=0 on input line 119.
Package biblatex Info: Reference segment=0 on input line 119.
\c@lstlisting=\count507
Package tocbasic Info: setting babel extension for `lol' on input line 119.
\scr@dte@lstlisting@maxnumwidth=\skip102
Package hyperref Info: Link coloring OFF on input line 119.
<images/logo_uulm_sw.png, id=4, 285.9483pt x 81.1833pt>
File: images/logo_uulm_sw.png Graphic file (type png)
<use images/logo_uulm_sw.png>
Package pdftex.def Info: images/logo_uulm_sw.png  used on input line 127.
(pdftex.def)             Requested size: 180.39706pt x 51.21504pt.

Underfull \hbox (badness 10000) in paragraph at lines 126--128

 []

LaTeX Font Info:    Font shape `T1/phv/m/n' will be
(Font)              scaled to size 9.49997pt on input line 129.
LaTeX Font Info:    Font shape `T1/phv/b/n' will be
(Font)              scaled to size 9.49997pt on input line 134.

Underfull \hbox (badness 10000) in paragraph at lines 134--134
\T1/phv/b/n/10 Engineering, Com-
 []


Underfull \hbox (badness 10000) in paragraph at lines 134--134
\T1/phv/b/n/10 puter Sci-ence and
 []


Underfull \hbox (badness 2790) in paragraph at lines 134--134
\T1/phv/m/n/10 Institute for Database
 []


Underfull \hbox (badness 5475) in paragraph at lines 134--134
\T1/phv/m/n/10 and In-for-ma-tion Sys-
 []


Underfull \hbox (badness 10000) in paragraph at lines 131--135

 []

LaTeX Font Info:    Font shape `T1/phv/b/n' will be
(Font)              scaled to size 19.70294pt on input line 136.

Underfull \hbox (badness 5359) in paragraph at lines 136--136
[]\T1/phv/b/n/20.74 Assessing the Ef-fec-tive-ness of Large
 []

LaTeX Font Info:    Trying to load font information for U+msa on input line 136
.
(/usr/share/texlive/texmf-dist/tex/latex/amsfonts/umsa.fd
File: umsa.fd 2013/01/14 v3.01 AMS symbols A
)
LaTeX Font Info:    Trying to load font information for U+msb on input line 136
.

(/usr/share/texlive/texmf-dist/tex/latex/amsfonts/umsb.fd
File: umsb.fd 2013/01/14 v3.01 AMS symbols B
)
Underfull \hbox (badness 10000) in paragraph at lines 136--138

 []


Underfull \hbox (badness 10000) in paragraph at lines 139--147

 []

[1


{/var/lib/texmf/fonts/map/pdftex/updmap/pdftex.map}{/usr/share/texlive/texmf-di
st/fonts/enc/dvips/base/8r.enc} <./images/logo_uulm_sw.png>]
LaTeX Font Info:    Font shape `T1/phv/m/n' will be
(Font)              scaled to size 10.40245pt on input line 153.
LaTeX Font Info:    Trying to load font information for TS1+phv on input line 1
56.

(/usr/share/texlive/texmf-dist/tex/latex/psnfss/ts1phv.fd
File: ts1phv.fd 2020/03/25 scalable font definitions for TS1/phv.
)
LaTeX Font Info:    Font shape `TS1/phv/m/n' will be
(Font)              scaled to size 10.40245pt on input line 156.
LaTeX Font Info:    Font shape `T1/phv/m/n' will be
(Font)              scaled to size 7.59998pt on input line 159.
 [2

]
LaTeX Font Info:    Font shape `T1/phv/b/n' will be
(Font)              scaled to size 11.39996pt on input line 165.
LaTeX Font Info:    Font shape `T1/phv/b/n' will be
(Font)              scaled to size 23.63593pt on input line 165.
 (./main.toc
[3

]
LaTeX Font Info:    Font shape `T1/phv/m/sl' will be
(Font)              scaled to size 11.39996pt on input line 66.

Overfull \vbox (1.17493pt too high) has occurred while \output is active []


[4]
Overfull \hbox (1.34494pt too wide) detected at line 82
 []\T1/phv/m/n/12 100
 []


Overfull \hbox (1.34494pt too wide) detected at line 83
 []\T1/phv/m/n/12 100
 []


Overfull \hbox (1.34494pt too wide) detected at line 84
 []\T1/phv/m/n/12 100
 []


Overfull \hbox (1.34494pt too wide) detected at line 85
 []\T1/phv/m/n/12 100
 []


Overfull \hbox (1.34494pt too wide) detected at line 86
 []\T1/phv/m/n/12 105
 []


Overfull \hbox (1.34494pt too wide) detected at line 87
 []\T1/phv/m/n/12 106
 []


Overfull \hbox (1.34494pt too wide) detected at line 88
 []\T1/phv/m/n/12 108
 []


Overfull \hbox (1.34494pt too wide) detected at line 89
 []\T1/phv/m/n/12 109
 []


Overfull \hbox (1.34494pt too wide) detected at line 91
 []\T1/phv/b/n/12 111
 []


Overfull \hbox (1.34494pt too wide) detected at line 92
 []\T1/phv/m/n/12 111
 []


Overfull \hbox (1.34494pt too wide) detected at line 93
 []\T1/phv/m/n/12 111
 []


Overfull \hbox (1.34494pt too wide) detected at line 94
 []\T1/phv/m/n/12 113
 []


Overfull \hbox (1.34494pt too wide) detected at line 95
 []\T1/phv/m/n/12 114
 []


Overfull \hbox (1.34494pt too wide) detected at line 96
 []\T1/phv/m/n/12 114
 []


Overfull \hbox (1.34494pt too wide) detected at line 97
 []\T1/phv/m/n/12 115
 []


Overfull \hbox (1.34494pt too wide) detected at line 98
 []\T1/phv/m/n/12 115
 []


Overfull \hbox (1.34494pt too wide) detected at line 99
 []\T1/phv/m/n/12 117
 []


Overfull \vbox (1.17493pt too high) has occurred while \output is active []


[5{/usr/share/texmf/fonts/enc/dvips/cm-super/cm-super-t1.enc}]
Overfull \hbox (1.34494pt too wide) detected at line 100
 []\T1/phv/m/n/12 117
 []


Overfull \hbox (1.34494pt too wide) detected at line 101
 []\T1/phv/m/n/12 117
 []


Overfull \hbox (1.34494pt too wide) detected at line 102
 []\T1/phv/m/n/12 117
 []


Overfull \hbox (1.34494pt too wide) detected at line 103
 []\T1/phv/m/n/12 117
 []


Overfull \hbox (1.34494pt too wide) detected at line 104
 []\T1/phv/m/n/12 117
 []


Overfull \hbox (1.34494pt too wide) detected at line 105
 []\T1/phv/m/n/12 125
 []


Overfull \hbox (1.34494pt too wide) detected at line 108
 []\T1/phv/m/n/12 127
 []


Overfull \hbox (1.34494pt too wide) detected at line 109
 []\T1/phv/m/n/12 128
 []


Overfull \hbox (1.34494pt too wide) detected at line 110
 []\T1/phv/m/n/12 132
 []


Overfull \hbox (1.34494pt too wide) detected at line 111
 []\T1/phv/m/n/12 132
 []


Overfull \hbox (1.34494pt too wide) detected at line 112
 []\T1/phv/m/n/12 132
 []


Overfull \hbox (1.34494pt too wide) detected at line 113
 []\T1/phv/m/n/12 132
 []


Overfull \hbox (1.34494pt too wide) detected at line 114
 []\T1/phv/m/n/12 132
 []


Overfull \hbox (1.34494pt too wide) detected at line 115
 []\T1/phv/m/n/12 132
 []


Overfull \hbox (1.34494pt too wide) detected at line 116
 []\T1/phv/b/n/12 143
 []


Overfull \hbox (1.34494pt too wide) detected at line 117
 []\T1/phv/m/n/12 143
 []


Overfull \hbox (1.34494pt too wide) detected at line 118
 []\T1/phv/m/n/12 145
 []


Overfull \hbox (1.34494pt too wide) detected at line 119
 []\T1/phv/m/n/12 145
 []


Overfull \hbox (1.34494pt too wide) detected at line 120
 []\T1/phv/m/n/12 145
 []


Overfull \hbox (1.34494pt too wide) detected at line 121
 []\T1/phv/m/n/12 145
 []


Underfull \hbox (badness 10000) in paragraph at lines 121--121
 [][] [][]\T1/phv/m/n/12 Pairwise Wilcoxon Signed-Rank Post-hoc (Bon-fer-roni 
 []


Overfull \hbox (1.34494pt too wide) detected at line 122
 []\T1/phv/m/n/12 147
 []


Overfull \hbox (1.34494pt too wide) detected at line 123
 []\T1/phv/m/n/12 147
 []


Overfull \hbox (1.34494pt too wide) detected at line 124
 []\T1/phv/m/n/12 147
 []


Overfull \hbox (1.34494pt too wide) detected at line 125
 []\T1/phv/m/n/12 147
 []


Overfull \hbox (1.34494pt too wide) detected at line 126
 []\T1/phv/m/n/12 148
 []


Overfull \hbox (1.34494pt too wide) detected at line 127
 []\T1/phv/m/n/12 148
 []


Overfull \hbox (1.34494pt too wide) detected at line 128
 []\T1/phv/m/n/12 149
 []


Overfull \hbox (1.34494pt too wide) detected at line 129
 []\T1/phv/m/n/12 149
 []


Overfull \hbox (1.34494pt too wide) detected at line 130
 []\T1/phv/m/n/12 149
 []


Overfull \hbox (1.34494pt too wide) detected at line 131
 []\T1/phv/m/n/12 150
 []


Overfull \hbox (1.34494pt too wide) detected at line 132
 []\T1/phv/m/n/12 150
 []


Overfull \hbox (1.34494pt too wide) detected at line 133
 []\T1/phv/m/n/12 151
 []


Overfull \vbox (1.17493pt too high) has occurred while \output is active []


[6]
Overfull \hbox (1.34494pt too wide) detected at line 134
 []\T1/phv/m/n/12 151
 []


Overfull \hbox (1.34494pt too wide) detected at line 135
 []\T1/phv/b/n/12 152
 []


Overfull \hbox (1.34494pt too wide) detected at line 136
 []\T1/phv/b/n/12 153
 []

)
\tf@toc=\write4
\openout4 = `main.toc'.


Overfull \vbox (1.17493pt too high) has occurred while \output is active []


[7] (./chapters/introduction.tex
chapter 1.
LaTeX Font Info:    Font shape `T1/phv/b/n' will be
(Font)              scaled to size 16.41594pt on input line 3.
[1


]
LaTeX Font Info:    Font shape `T1/phv/m/it' in size <12> not available
(Font)              Font shape `T1/phv/m/sl' tried instead on input line 20.
LaTeX Font Info:    Font shape `T1/phv/m/sl' will be
(Font)              scaled to size 11.39996pt on input line 20.

Overfull \vbox (1.17493pt too high) has occurred while \output is active []


[2]) (./chapters/background.tex
Overfull \vbox (1.17493pt too high) has occurred while \output is active []


[3]
Overfull \vbox (1.17493pt too high) has occurred while \output is active []


[4]
chapter 2.
[5

]
Overfull \vbox (1.17493pt too high) has occurred while \output is active []


[6]
LaTeX Font Info:    Font shape `TS1/phv/m/n' will be
(Font)              scaled to size 11.39996pt on input line 38.

Overfull \vbox (1.17493pt too high) has occurred while \output is active []


[7]
Overfull \vbox (1.17493pt too high) has occurred while \output is active []


[8]
LaTeX Font Info:    Font shape `T1/phv/b/n' will be
(Font)              scaled to size 13.67995pt on input line 61.

Overfull \hbox (4.0905pt too wide) in paragraph at lines 64--66
\T1/phv/m/n/12 8B, zephyr-7b-beta, and orca_mini_v7_7b) against GPT-4 across fo
ur experiments---
 []


Overfull \vbox (1.17493pt too high) has occurred while \output is active []


[9]
Overfull \hbox (15.76065pt too wide) in paragraph at lines 77--79
\T1/phv/m/n/12 Subject of Crime, Sub-jec-tive Le-gal El-e-ment, Act, Vic-tim, C
au-sa-tion, Re-sult of Hazard---
 []


Overfull \hbox (3.33743pt too wide) in paragraph at lines 77--79
\T1/phv/m/n/12 expert-annotated cases. Their find-ing that general-domain LLMs 
(GPT-4o, Qwen2.5)
 []


Overfull \vbox (1.17493pt too high) has occurred while \output is active []


[10]
Overfull \vbox (1.17493pt too high) has occurred while \output is active []


[11]
Overfull \hbox (0.89749pt too wide) in paragraph at lines 92--93
[]\T1/phv/m/n/12 Vayadande et al. [[]34[]], con-sid-ered from the user-facing a
n-gle rather than the method-
 []


Overfull \vbox (1.17493pt too high) has occurred while \output is active []


[12]
Overfull \vbox (1.17493pt too high) has occurred while \output is active []


[13]) (./chapters/methodology.tex
Overfull \vbox (1.17493pt too high) has occurred while \output is active []


[14]
chapter 3.
[15

]
LaTeX Font Info:    Font shape `T1/phv/m/n' will be
(Font)              scaled to size 5.69998pt on input line 25.

Underfull \hbox (badness 10000) in paragraph at lines 36--36
[]|\T1/phv/m/n/10.95 On-demand sug-ges-tion
 []


Underfull \hbox (badness 10000) in paragraph at lines 36--36
\T1/phv/m/n/10.95 only (the \T1/phv/m/sl/10.95 AI Sug-gest
 []


Underfull \hbox (badness 10000) in paragraph at lines 36--36
[]|\T1/phv/m/n/10.95 Conversational ex-trac-
 []


Underfull \hbox (badness 1173) in paragraph at lines 36--36
\T1/phv/m/n/10.95 tor; emits \T1/cmtt/m/n/10.95 DATA_UPDATE
 []


Underfull \hbox (badness 10000) in paragraph at lines 36--36
\T1/phv/m/n/10.95 blocks merged into
 []


Overfull \vbox (1.17493pt too high) has occurred while \output is active []


[16]
Overfull \vbox (1.17493pt too high) has occurred while \output is active []


[17]
Overfull \vbox (1.17493pt too high) has occurred while \output is active []


[18]
Overfull \vbox (1.17493pt too high) has occurred while \output is active []


[19]
Overfull \vbox (1.17493pt too high) has occurred while \output is active []


[20]
<images/project_timeline.pdf, id=463, 602.25pt x 300.1614pt>
File: images/project_timeline.pdf Graphic file (type pdf)
<use images/project_timeline.pdf>
Package pdftex.def Info: images/project_timeline.pdf  used on input line 111.
(pdftex.def)             Requested size: 606.5pt x 302.30872pt.

Overfull \vbox (1.17493pt too high) has occurred while \output is active []


[21]
Overfull \vbox (1.17493pt too high) has occurred while \output is active []


[22 <./images/project_timeline.pdf>]
Overfull \vbox (1.17493pt too high) has occurred while \output is active []


[23]
Overfull \vbox (1.17493pt too high) has occurred while \output is active []


[24]
Overfull \vbox (1.17493pt too high) has occurred while \output is active []


[25]
Overfull \hbox (0.52792pt too wide) in paragraph at lines 202--203
\T1/phv/m/sl/12 Bilingual Eval-u-a-tion Un-der-study \T1/phv/m/n/12 --- $\OML/c
mm/m/it/12 n$\T1/phv/m/n/12 -gram pre-ci-sion with brevity penalty [[]26[]]. BL
EU
 []


Overfull \hbox (0.38245pt too wide) in paragraph at lines 202--203
\T1/phv/m/n/12 re-wards ex-act word-sequence over-lap with the ref-er-ence: a h
igh BLEU score means
 []


Overfull \vbox (1.17493pt too high) has occurred while \output is active []


[26]
Overfull \vbox (1.17493pt too high) has occurred while \output is active []


[27]
Overfull \vbox (1.17493pt too high) has occurred while \output is active []


[28]
Overfull \vbox (1.17493pt too high) has occurred while \output is active []


[29]
Overfull \vbox (1.17493pt too high) has occurred while \output is active []


[30]
Overfull \hbox (1.97585pt too wide) in paragraph at lines 285--286
[]\T1/phv/b/n/12 Overall: \T1/phv/m/n/12 Holis-tic as-sess-ment of the doc-u-me
nt's us-abil-ity as a real-world ROPA
 []


Overfull \vbox (1.17493pt too high) has occurred while \output is active []


[31]
Overfull \hbox (10.32791pt too wide) in paragraph at lines 322--324
\T1/phv/m/n/12 scores, the R-TLX com-pos-ite, and the con-fi-dence ques-tion co
m-pos-ites across modes;
 []


Overfull \vbox (1.17493pt too high) has occurred while \output is active []


[32]
Overfull \vbox (1.17493pt too high) has occurred while \output is active []


[33]

Package hyperref Warning: Token not allowed in a PDF string (Unicode):
(hyperref)                removing `math shift' on input line 354.


Package hyperref Warning: Token not allowed in a PDF string (Unicode):
(hyperref)                removing `math shift' on input line 354.


Overfull \vbox (1.17493pt too high) has occurred while \output is active []


[34]

Package hyperref Warning: Token not allowed in a PDF string (Unicode):
(hyperref)                removing `math shift' on input line 401.


Package hyperref Warning: Token not allowed in a PDF string (Unicode):
(hyperref)                removing `math shift' on input line 401.


Overfull \vbox (1.17493pt too high) has occurred while \output is active []


[35]

Package hyperref Warning: Token not allowed in a PDF string (Unicode):
(hyperref)                removing `math shift' on input line 448.


Package hyperref Warning: Token not allowed in a PDF string (Unicode):
(hyperref)                removing `math shift' on input line 448.


Overfull \vbox (1.17493pt too high) has occurred while \output is active []


[36]) (./chapters/userstudy.tex
Overfull \vbox (1.17493pt too high) has occurred while \output is active []


[37]
chapter 4.
(./chapters/evaluation/demographics.tex
LaTeX Font Info:    Font shape `T1/phv/m/n' will be
(Font)              scaled to size 6.64998pt on input line 27.
 [38

]
<../python/survey/output/demographics_duration.png, id=673, 494.3268pt x 314.13
36pt>
File: ../python/survey/output/demographics_duration.png Graphic file (type png)

<use ../python/survey/output/demographics_duration.png>
Package pdftex.def Info: ../python/survey/output/demographics_duration.png  use
d on input line 54.
(pdftex.def)             Requested size: 187.25345pt x 118.99812pt.
<../python/survey/output/demographics_expertise.png, id=674, 567.0786pt x 314.1
336pt>
File: ../python/survey/output/demographics_expertise.png Graphic file (type png
)
<use ../python/survey/output/demographics_expertise.png>
Package pdftex.def Info: ../python/survey/output/demographics_expertise.png  us
ed on input line 60.
(pdftex.def)             Requested size: 187.25345pt x 103.7315pt.
<../python/survey/output/demographics_age.png, id=675, 494.8086pt x 314.1336pt>

File: ../python/survey/output/demographics_age.png Graphic file (type png)
<use ../python/survey/output/demographics_age.png>
Package pdftex.def Info: ../python/survey/output/demographics_age.png  used on 
input line 68.
(pdftex.def)             Requested size: 187.25345pt x 118.8783pt.
<../python/survey/output/demographics_gender.png, id=676, 494.8086pt x 314.1336
pt>
File: ../python/survey/output/demographics_gender.png Graphic file (type png)
<use ../python/survey/output/demographics_gender.png>
Package pdftex.def Info: ../python/survey/output/demographics_gender.png  used 
on input line 74.
(pdftex.def)             Requested size: 187.25345pt x 118.8783pt.
<../python/survey/output/demographics_degree.png, id=677, 494.8086pt x 314.1336
pt>
File: ../python/survey/output/demographics_degree.png Graphic file (type png)
<use ../python/survey/output/demographics_degree.png>
Package pdftex.def Info: ../python/survey/output/demographics_degree.png  used 
on input line 81.
(pdftex.def)             Requested size: 187.25345pt x 118.8783pt.
<../python/survey/output/demographics_profession.png, id=678, 567.0786pt x 314.
1336pt>
File: ../python/survey/output/demographics_profession.png Graphic file (type pn
g)
<use ../python/survey/output/demographics_profession.png>
Package pdftex.def Info: ../python/survey/output/demographics_profession.png  u
sed on input line 88.
(pdftex.def)             Requested size: 187.25345pt x 103.7315pt.
<../python/survey/output/demographics_field.png, id=679, 639.3486pt x 314.1336p
t>
File: ../python/survey/output/demographics_field.png Graphic file (type png)
<use ../python/survey/output/demographics_field.png>
Package pdftex.def Info: ../python/survey/output/demographics_field.png  used o
n input line 94.
(pdftex.def)             Requested size: 187.25345pt x 92.00233pt.

Overfull \vbox (1.17493pt too high) has occurred while \output is active []


[39]
Overfull \vbox (1.17493pt too high) has occurred while \output is active []


[40 <../python/survey/output/demographics_duration.png> <../python/survey/outpu
t/demographics_expertise.png> <../python/survey/output/demographics_age.png> <.
./python/survey/output/demographics_gender.png> <../python/survey/output/demogr
aphics_degree.png> <../python/survey/output/demographics_profession.png> <../py
thon/survey/output/demographics_field.png>]) (./chapters/evaluation/sus.tex
<../python/survey/output/sus_aggregate_barplot.png, id=707, 614.295pt x 393.630
6pt>
File: ../python/survey/output/sus_aggregate_barplot.png Graphic file (type png)

<use ../python/survey/output/sus_aggregate_barplot.png>
Package pdftex.def Info: ../python/survey/output/sus_aggregate_barplot.png  use
d on input line 34.
(pdftex.def)             Requested size: 353.7059pt x 226.64816pt.

Overfull \vbox (1.17493pt too high) has occurred while \output is active []


[41 <../python/survey/output/sus_aggregate_barplot.png>]
Overfull \vbox (1.17493pt too high) has occurred while \output is active []


[42]) (./chapters/evaluation/rtlx.tex
Overfull \vbox (1.17493pt too high) has occurred while \output is active []


[43]
<../python/survey/output/rtlx_aggregate_barplot.png, id=741, 617.1858pt x 393.6
306pt>
File: ../python/survey/output/rtlx_aggregate_barplot.png Graphic file (type png
)
<use ../python/survey/output/rtlx_aggregate_barplot.png>
Package pdftex.def Info: ../python/survey/output/rtlx_aggregate_barplot.png  us
ed on input line 32.
(pdftex.def)             Requested size: 353.7059pt x 225.59706pt.

Overfull \vbox (1.17493pt too high) has occurred while \output is active []


[44 <../python/survey/output/rtlx_aggregate_barplot.png>]
Overfull \vbox (1.17493pt too high) has occurred while \output is active []


[45]) (./chapters/evaluation/ai_questions.tex
Overfull \vbox (1.17493pt too high) has occurred while \output is active []


[46]
Underfull \hbox (badness 1184) in paragraph at lines 35--35
[]|\T1/phv/m/n/10.95 I am con-fi-dent that the LLM
 []


Overfull \vbox (1.17493pt too high) has occurred while \output is active []


[47]) (./chapters/evaluation/freeform.tex
Overfull \vbox (1.17493pt too high) has occurred while \output is active []


[48]
Overfull \hbox (9.75331pt too wide) in paragraph at lines 19--26
\T1/phv/m/n/12 once they had used all three. Ta-ble []4.5[] and Fig-ure []4.4[]
 sum-ma-rize the post-experiment
 []

<../python/survey/output/ranking_distribution.png, id=804, 725.5908pt x 458.673
6pt>
File: ../python/survey/output/ranking_distribution.png Graphic file (type png)
<use ../python/survey/output/ranking_distribution.png>
Package pdftex.def Info: ../python/survey/output/ranking_distribution.png  used
 on input line 55.
(pdftex.def)             Requested size: 353.7059pt x 223.59723pt.

Overfull \vbox (1.17493pt too high) has occurred while \output is active []


[49]
Overfull \vbox (1.17493pt too high) has occurred while \output is active []


[50 <../python/survey/output/ranking_distribution.png>])
(./chapters/evaluation/userstudy_summary.tex
Overfull \vbox (1.17493pt too high) has occurred while \output is active []


[51])) (./chapters/document_quality.tex
Overfull \vbox (1.17493pt too high) has occurred while \output is active []


[52]
chapter 5.
(./chapters/evaluation/nlp_metrics.tex
Overfull \hbox (9.65015pt too wide) in paragraph at lines 22--36
[]\T1/phv/m/n/12 The met-rics are com-puted at two gran-u-lar-i-ties. At the \T
1/phv/b/n/12 doc-u-ment level \T1/phv/m/n/12 (Sec-tion []5.1.1[]),
 []

[53

]
Overfull \vbox (1.17493pt too high) has occurred while \output is active []


[54]
Overfull \vbox (1.17493pt too high) has occurred while \output is active []


[55]
Underfull \hbox (badness 2229) in paragraph at lines 184--184
[]|\T1/phv/m/n/12 Verantwortliche Stelle und Kon-tak-t-
 []


Underfull \hbox (badness 2503) in paragraph at lines 184--184
[]|\T1/phv/m/n/12 Zwecke und Rechts-grund-la-gen der
 []


Underfull \hbox (badness 5008) in paragraph at lines 184--184
[]|\T1/phv/m/n/12 Categories of Per-sonal Data and
 []


Underfull \hbox (badness 10000) in paragraph at lines 184--184
[]|\T1/phv/m/n/12 Technische und or-gan-isatorische
 []


Underfull \hbox (badness 2922) in paragraph at lines 184--184
[]|\T1/phv/m/n/12 Technical and Or-ga-ni-za-tional Mea-
 []


Overfull \vbox (1.17493pt too high) has occurred while \output is active []


[56]
Overfull \vbox (1.17493pt too high) has occurred while \output is active []


[57]
Overfull \hbox (6.24216pt too wide) in paragraph at lines 296--309
\T1/phv/m/n/12 sion (BERTScore Pre-ci-sion) both align with Chat at the doc-u-m
ent level; the balanced-
 []


Overfull \vbox (1.17493pt too high) has occurred while \output is active []


[58]) (./chapters/evaluation/judge.tex
LaTeX Font Info:    Font shape `T1/phv/m/it' in size <6> not available
(Font)              Font shape `T1/phv/m/sl' tried instead on input line 31.
LaTeX Font Info:    Font shape `T1/phv/m/sl' will be
(Font)              scaled to size 5.69998pt on input line 31.

Underfull \hbox (badness 1400) in paragraph at lines 47--47
\T1/phv/m/n/10.95 gal ba-sis un-der Art. 6(1); wrong ar-ti-cles or con-fused co
n-
 []


Overfull \vbox (1.17493pt too high) has occurred while \output is active []


[59]
Overfull \vbox (1.17493pt too high) has occurred while \output is active []


[60]) (./chapters/evaluation/summary.tex
Overfull \vbox (1.17493pt too high) has occurred while \output is active []


[61])) (./chapters/discussion.tex
Overfull \vbox (1.17493pt too high) has occurred while \output is active []


[62]
Overfull \vbox (1.17493pt too high) has occurred while \output is active []


[63]
chapter 6.

Overfull \hbox (4.43156pt too wide) in paragraph at lines 37--55
\T1/phv/m/n/12 swered it with two ev-i-dence lay-ers: reference-based NLP met-r
ics, both lex-i-cal (BLEU,
 []

[64

]
Overfull \vbox (1.17493pt too high) has occurred while \output is active []


[65]
Overfull \vbox (1.17493pt too high) has occurred while \output is active []


[66]
Overfull \vbox (1.17493pt too high) has occurred while \output is active []


[67]
Overfull \vbox (1.17493pt too high) has occurred while \output is active []


[68]
Overfull \vbox (1.17493pt too high) has occurred while \output is active []


[69]
Overfull \vbox (1.17493pt too high) has occurred while \output is active []


[70]
Overfull \vbox (1.17493pt too high) has occurred while \output is active []


[71]) (./chapters/conclusion.tex
Overfull \vbox (1.17493pt too high) has occurred while \output is active []


[72]
chapter 7.
) (./chapters/appendix/ropagen.tex [73

]
chapter A.
LaTeX Font Info:    Font shape `T1/cmtt/bx/n' in size <14.4> not available
(Font)              Font shape `T1/cmtt/m/n' tried instead on input line 39.
[74

]
Overfull \vbox (1.17493pt too high) has occurred while \output is active []


[75{/usr/share/texmf/fonts/enc/dvips/cm-super/cm-super-ts1.enc}]
Overfull \vbox (1.17493pt too high) has occurred while \output is active []


[76]
LaTeX Font Info:    Font shape `T1/cmtt/bx/n' in size <12> not available
(Font)              Font shape `T1/cmtt/m/n' tried instead on input line 101.

Overfull \vbox (1.17493pt too high) has occurred while \output is active []


[77]
Overfull \vbox (1.17493pt too high) has occurred while \output is active []


[78]
Overfull \vbox (1.17493pt too high) has occurred while \output is active []


[79]
Overfull \vbox (1.17493pt too high) has occurred while \output is active []


[80]
Overfull \vbox (1.17493pt too high) has occurred while \output is active []


[81]
Overfull \vbox (1.17493pt too high) has occurred while \output is active []


[82]
Overfull \vbox (1.17493pt too high) has occurred while \output is active []


[83]
Overfull \vbox (1.17493pt too high) has occurred while \output is active []


[84]
Overfull \vbox (1.17493pt too high) has occurred while \output is active []


[85]
Overfull \vbox (1.17493pt too high) has occurred while \output is active []


[86]
Overfull \vbox (1.17493pt too high) has occurred while \output is active []


[87]
Overfull \vbox (1.17493pt too high) has occurred while \output is active []


[88]
Overfull \vbox (1.17493pt too high) has occurred while \output is active []


[89]
Overfull \vbox (1.17493pt too high) has occurred while \output is active []


[90]
Overfull \vbox (1.17493pt too high) has occurred while \output is active []


[91]
Overfull \vbox (1.17493pt too high) has occurred while \output is active []


[92]
Overfull \vbox (1.17493pt too high) has occurred while \output is active []


[93]
Overfull \vbox (1.17493pt too high) has occurred while \output is active []


[94]
Overfull \vbox (1.17493pt too high) has occurred while \output is active []


[95]
Overfull \vbox (1.17493pt too high) has occurred while \output is active []


[96]
Overfull \vbox (1.17493pt too high) has occurred while \output is active []


[97]
Overfull \vbox (1.17493pt too high) has occurred while \output is active []


[98]
<images/ropagen-intro.jpg, id=1759, 1576.89125pt x 933.98938pt>
File: images/ropagen-intro.jpg Graphic file (type jpg)
<use images/ropagen-intro.jpg>
Package pdftex.def Info: images/ropagen-intro.jpg  used on input line 803.
(pdftex.def)             Requested size: 395.31425pt x 234.13809pt.

Overfull \vbox (1.17493pt too high) has occurred while \output is active []


[99]
<images/ropagen-generated.jpg, id=1777, 1583.9175pt x 794.97pt>
File: images/ropagen-generated.jpg Graphic file (type jpg)
<use images/ropagen-generated.jpg>
Package pdftex.def Info: images/ropagen-generated.jpg  used on input line 810.
(pdftex.def)             Requested size: 395.31425pt x 198.40236pt.
<images/ropagen-form.jpg, id=1780, 1745.52126pt x 962.59625pt>
File: images/ropagen-form.jpg Graphic file (type jpg)
<use images/ropagen-form.jpg>
Package pdftex.def Info: images/ropagen-form.jpg  used on input line 820.
(pdftex.def)             Requested size: 395.31425pt x 217.99954pt.
<images/ropagen-ask.jpg, id=1783, 1575.38562pt x 774.39313pt>
File: images/ropagen-ask.jpg Graphic file (type jpg)
<use images/ropagen-ask.jpg>
Package pdftex.def Info: images/ropagen-ask.jpg  used on input line 829.
(pdftex.def)             Requested size: 395.31425pt x 194.31859pt.
<images/ropagen-chat.jpg, id=1784, 1585.42313pt x 712.16063pt>
File: images/ropagen-chat.jpg Graphic file (type jpg)
<use images/ropagen-chat.jpg>
Package pdftex.def Info: images/ropagen-chat.jpg  used on input line 838.
(pdftex.def)             Requested size: 395.31425pt x 177.57245pt.

Overfull \vbox (1.17493pt too high) has occurred while \output is active []


[100 <./images/ropagen-intro.jpg>]
Overfull \vbox (1.17493pt too high) has occurred while \output is active []


[101 <./images/ropagen-generated.jpg> <./images/ropagen-form.jpg>]
Overfull \vbox (1.17493pt too high) has occurred while \output is active []


[102 <./images/ropagen-ask.jpg> <./images/ropagen-chat.jpg>]
Overfull \vbox (1.17493pt too high) has occurred while \output is active []


[103]
Overfull \vbox (1.17493pt too high) has occurred while \output is active []


[104]
Overfull \vbox (1.17493pt too high) has occurred while \output is active []


[105]
Overfull \vbox (1.17493pt too high) has occurred while \output is active []


[106]
Overfull \vbox (1.17493pt too high) has occurred while \output is active []


[107]
Underfull \hbox (badness 1259) in paragraph at lines 1052--1052
[]|\T1/phv/m/n/10.95 Correct use of GDPR ter-mi-nol-ogy and cor-rect ci-ta-tion
 of
 []


Underfull \hbox (badness 4699) in paragraph at lines 1052--1052
\T1/phv/m/n/10.95 le-gal ba-sis (typ-i-cally Art. 6(1)(b) for em-ploy-ment data
,
 []


Overfull \vbox (1.17493pt too high) has occurred while \output is active []


[108]
Underfull \hbox (badness 10000) in paragraph at lines 1081--1081
[]|\T1/cmtt/m/n/10.95 completeness\T1/phv/m/n/10.95 , \T1/cmtt/m/n/10.95 scenar
io_faithfulness\T1/phv/m/n/10.95 ,
 []


Overfull \hbox (0.83624pt too wide) in paragraph at lines 1090--1091
[]\T1/phv/b/n/12 Model-family bias. \T1/phv/m/n/12 Doc-u-ments are pro-duced by
 Mis-tral Large 3 in-side ROPA-
 []


Overfull \vbox (1.17493pt too high) has occurred while \output is active []


[109]) (./chapters/appendix/materials_descriptives.tex
Overfull \vbox (1.17493pt too high) has occurred while \output is active []


[110]
chapter B.
[111

]
Overfull \vbox (1.17493pt too high) has occurred while \output is active []


[112]
Overfull \vbox (1.17493pt too high) has occurred while \output is active []


[113]
Overfull \vbox (1.17493pt too high) has occurred while \output is active []


[114]
Overfull \hbox (2.56206pt too wide) in paragraph at lines 237--238
[]\T1/phv/m/n/12 How in-se-cure, dis-cour-aged, ir-ri-tated, stressed, and an-n
oyed were you? 
 []


Overfull \vbox (1.17493pt too high) has occurred while \output is active []


[115]
Overfull \vbox (1.17493pt too high) has occurred while \output is active []


[116]
<../python/survey/output/sus_item_01.png, id=2164, 425.4294pt x 317.5062pt>
File: ../python/survey/output/sus_item_01.png Graphic file (type png)
<use ../python/survey/output/sus_item_01.png>
Package pdftex.def Info: ../python/survey/output/sus_item_01.png  used on input
 line 426.
(pdftex.def)             Requested size: 187.25345pt x 139.75159pt.
<../python/survey/output/sus_item_02.png, id=2165, 425.4294pt x 317.5062pt>
File: ../python/survey/output/sus_item_02.png Graphic file (type png)
<use ../python/survey/output/sus_item_02.png>
Package pdftex.def Info: ../python/survey/output/sus_item_02.png  used on input
 line 427.
(pdftex.def)             Requested size: 187.25345pt x 139.75159pt.
<../python/survey/output/sus_item_03.png, id=2166, 425.4294pt x 317.5062pt>
File: ../python/survey/output/sus_item_03.png Graphic file (type png)
<use ../python/survey/output/sus_item_03.png>
Package pdftex.def Info: ../python/survey/output/sus_item_03.png  used on input
 line 428.
(pdftex.def)             Requested size: 187.25345pt x 139.75159pt.
<../python/survey/output/sus_item_04.png, id=2167, 425.4294pt x 317.5062pt>
File: ../python/survey/output/sus_item_04.png Graphic file (type png)
<use ../python/survey/output/sus_item_04.png>
Package pdftex.def Info: ../python/survey/output/sus_item_04.png  used on input
 line 429.
(pdftex.def)             Requested size: 187.25345pt x 139.75159pt.
<../python/survey/output/sus_item_05.png, id=2168, 425.4294pt x 317.5062pt>
File: ../python/survey/output/sus_item_05.png Graphic file (type png)
<use ../python/survey/output/sus_item_05.png>
Package pdftex.def Info: ../python/survey/output/sus_item_05.png  used on input
 line 430.
(pdftex.def)             Requested size: 187.25345pt x 139.75159pt.
<../python/survey/output/sus_item_06.png, id=2169, 425.4294pt x 317.5062pt>
File: ../python/survey/output/sus_item_06.png Graphic file (type png)
<use ../python/survey/output/sus_item_06.png>
Package pdftex.def Info: ../python/survey/output/sus_item_06.png  used on input
 line 431.
(pdftex.def)             Requested size: 187.25345pt x 139.75159pt.
<../python/survey/output/sus_item_07.png, id=2172, 425.4294pt x 317.5062pt>
File: ../python/survey/output/sus_item_07.png Graphic file (type png)
<use ../python/survey/output/sus_item_07.png>
Package pdftex.def Info: ../python/survey/output/sus_item_07.png  used on input
 line 442.
(pdftex.def)             Requested size: 187.25345pt x 139.75159pt.
<../python/survey/output/sus_item_08.png, id=2173, 425.4294pt x 317.5062pt>
File: ../python/survey/output/sus_item_08.png Graphic file (type png)
<use ../python/survey/output/sus_item_08.png>
Package pdftex.def Info: ../python/survey/output/sus_item_08.png  used on input
 line 443.
(pdftex.def)             Requested size: 187.25345pt x 139.75159pt.
<../python/survey/output/sus_item_09.png, id=2174, 425.4294pt x 317.5062pt>
File: ../python/survey/output/sus_item_09.png Graphic file (type png)
<use ../python/survey/output/sus_item_09.png>
Package pdftex.def Info: ../python/survey/output/sus_item_09.png  used on input
 line 444.
(pdftex.def)             Requested size: 187.25345pt x 139.75159pt.
<../python/survey/output/sus_item_10.png, id=2175, 425.4294pt x 317.5062pt>
File: ../python/survey/output/sus_item_10.png Graphic file (type png)
<use ../python/survey/output/sus_item_10.png>
Package pdftex.def Info: ../python/survey/output/sus_item_10.png  used on input
 line 445.
(pdftex.def)             Requested size: 187.25345pt x 139.75159pt.
<../python/survey/output/rtlx_mental_demand.png, id=2179, 425.4294pt x 339.1872
pt>
File: ../python/survey/output/rtlx_mental_demand.png Graphic file (type png)
<use ../python/survey/output/rtlx_mental_demand.png>
Package pdftex.def Info: ../python/survey/output/rtlx_mental_demand.png  used o
n input line 506.
(pdftex.def)             Requested size: 187.25345pt x 149.29459pt.
<../python/survey/output/rtlx_physical_demand.png, id=2180, 425.4294pt x 339.18
72pt>
File: ../python/survey/output/rtlx_physical_demand.png Graphic file (type png)
<use ../python/survey/output/rtlx_physical_demand.png>
Package pdftex.def Info: ../python/survey/output/rtlx_physical_demand.png  used
 on input line 507.
(pdftex.def)             Requested size: 187.25345pt x 149.29459pt.
<../python/survey/output/rtlx_temporal_demand.png, id=2181, 425.4294pt x 339.18
72pt>
File: ../python/survey/output/rtlx_temporal_demand.png Graphic file (type png)
<use ../python/survey/output/rtlx_temporal_demand.png>
Package pdftex.def Info: ../python/survey/output/rtlx_temporal_demand.png  used
 on input line 508.
(pdftex.def)             Requested size: 187.25345pt x 149.29459pt.
<../python/survey/output/rtlx_effort.png, id=2182, 425.4294pt x 339.1872pt>
File: ../python/survey/output/rtlx_effort.png Graphic file (type png)
<use ../python/survey/output/rtlx_effort.png>
Package pdftex.def Info: ../python/survey/output/rtlx_effort.png  used on input
 line 509.
(pdftex.def)             Requested size: 187.25345pt x 149.29459pt.
<../python/survey/output/rtlx_frustration.png, id=2183, 425.4294pt x 339.1872pt
>
File: ../python/survey/output/rtlx_frustration.png Graphic file (type png)
<use ../python/survey/output/rtlx_frustration.png>
Package pdftex.def Info: ../python/survey/output/rtlx_frustration.png  used on 
input line 510.
(pdftex.def)             Requested size: 187.25345pt x 149.29459pt.
<../python/survey/output/rtlx_performance.png, id=2184, 425.4294pt x 339.1872pt
>
File: ../python/survey/output/rtlx_performance.png Graphic file (type png)
<use ../python/survey/output/rtlx_performance.png>
Package pdftex.def Info: ../python/survey/output/rtlx_performance.png  used on 
input line 511.
(pdftex.def)             Requested size: 187.25345pt x 149.29459pt.
<../python/metrics/output/per_mode_timing_boxplot.png, id=2185, 643.203pt x 426
.393pt>
File: ../python/metrics/output/per_mode_timing_boxplot.png Graphic file (type p
ng)
<use ../python/metrics/output/per_mode_timing_boxplot.png>
Package pdftex.def Info: ../python/metrics/output/per_mode_timing_boxplot.png  
used on input line 519.
(pdftex.def)             Requested size: 353.7059pt x 234.47783pt.
<../python/survey/output/ai_item_1_helpful.png, id=2187, 425.4294pt x 317.5062p
t>
File: ../python/survey/output/ai_item_1_helpful.png Graphic file (type png)
<use ../python/survey/output/ai_item_1_helpful.png>
Package pdftex.def Info: ../python/survey/output/ai_item_1_helpful.png  used on
 input line 588.
(pdftex.def)             Requested size: 187.25345pt x 139.75159pt.
<../python/survey/output/ai_item_2_efficiency.png, id=2188, 425.4294pt x 317.50
62pt>
File: ../python/survey/output/ai_item_2_efficiency.png Graphic file (type png)
<use ../python/survey/output/ai_item_2_efficiency.png>
Package pdftex.def Info: ../python/survey/output/ai_item_2_efficiency.png  used
 on input line 589.
(pdftex.def)             Requested size: 187.25345pt x 139.75159pt.
<../python/survey/output/ai_item_3_transparency.png, id=2189, 425.4294pt x 317.
5062pt>
File: ../python/survey/output/ai_item_3_transparency.png Graphic file (type png
)
<use ../python/survey/output/ai_item_3_transparency.png>
Package pdftex.def Info: ../python/survey/output/ai_item_3_transparency.png  us
ed on input line 590.
(pdftex.def)             Requested size: 187.25345pt x 139.75159pt.
<../python/survey/output/ai_item_4_trust.png, id=2190, 425.4294pt x 317.5062pt>

File: ../python/survey/output/ai_item_4_trust.png Graphic file (type png)
<use ../python/survey/output/ai_item_4_trust.png>
Package pdftex.def Info: ../python/survey/output/ai_item_4_trust.png  used on i
nput line 591.
(pdftex.def)             Requested size: 187.25345pt x 139.75159pt.
<../python/survey/output/ai_item_5_legal.png, id=2191, 425.4294pt x 317.5062pt>

File: ../python/survey/output/ai_item_5_legal.png Graphic file (type png)
<use ../python/survey/output/ai_item_5_legal.png>
Package pdftex.def Info: ../python/survey/output/ai_item_5_legal.png  used on i
nput line 592.
(pdftex.def)             Requested size: 187.25345pt x 139.75159pt.
<../python/survey/output/ai_item_6_reuse.png, id=2192, 425.4294pt x 317.5062pt>

File: ../python/survey/output/ai_item_6_reuse.png Graphic file (type png)
<use ../python/survey/output/ai_item_6_reuse.png>
Package pdftex.def Info: ../python/survey/output/ai_item_6_reuse.png  used on i
nput line 593.
(pdftex.def)             Requested size: 187.25345pt x 139.75159pt.

Overfull \vbox (1.17493pt too high) has occurred while \output is active []


[117]
Overfull \vbox (1.17493pt too high) has occurred while \output is active []


[118]
Overfull \vbox (1.17493pt too high) has occurred while \output is active []


[119]
Overfull \vbox (1.17493pt too high) has occurred while \output is active []


[120 <../python/survey/output/sus_item_01.png> <../python/survey/output/sus_ite
m_02.png> <../python/survey/output/sus_item_03.png> <../python/survey/output/su
s_item_04.png> <../python/survey/output/sus_item_05.png> <../python/survey/outp
ut/sus_item_06.png>]
Overfull \vbox (1.17493pt too high) has occurred while \output is active []


[121 <../python/survey/output/sus_item_07.png> <../python/survey/output/sus_ite
m_08.png> <../python/survey/output/sus_item_09.png> <../python/survey/output/su
s_item_10.png>]
Overfull \vbox (1.17493pt too high) has occurred while \output is active []


[122]
Overfull \vbox (1.17493pt too high) has occurred while \output is active []


[123 <../python/survey/output/rtlx_mental_demand.png> <../python/survey/output/
rtlx_physical_demand.png> <../python/survey/output/rtlx_temporal_demand.png> <.
./python/survey/output/rtlx_effort.png> <../python/survey/output/rtlx_frustrati
on.png> <../python/survey/output/rtlx_performance.png>]
Overfull \vbox (1.17493pt too high) has occurred while \output is active []


[124]
Overfull \vbox (1.17493pt too high) has occurred while \output is active []


[125 <../python/metrics/output/per_mode_timing_boxplot.png>]
Overfull \vbox (1.17493pt too high) has occurred while \output is active []


[126 <../python/survey/output/ai_item_1_helpful.png> <../python/survey/output/a
i_item_2_efficiency.png> <../python/survey/output/ai_item_3_transparency.png> <
../python/survey/output/ai_item_4_trust.png> <../python/survey/output/ai_item_5
_legal.png> <../python/survey/output/ai_item_6_reuse.png>]
Overfull \vbox (1.17493pt too high) has occurred while \output is active []


[127]

LaTeX Warning: Float too large for page by 34.10223pt on input line 836.


Overfull \vbox (1.17493pt too high) has occurred while \output is active []


[128]
Overfull \vbox (1.17493pt too high) has occurred while \output is active []


[129]
Overfull \vbox (1.17493pt too high) has occurred while \output is active []


[130]
Overfull \vbox (1.17493pt too high) has occurred while \output is active []


[131

]
<../python/metrics/output/nlp_doc_bleu.png, id=2385, 425.4294pt x 339.669pt>
File: ../python/metrics/output/nlp_doc_bleu.png Graphic file (type png)
<use ../python/metrics/output/nlp_doc_bleu.png>
Package pdftex.def Info: ../python/metrics/output/nlp_doc_bleu.png  used on inp
ut line 947.
(pdftex.def)             Requested size: 187.25345pt x 149.50664pt.
<../python/metrics/output/nlp_doc_rouge1.png, id=2386, 425.4294pt x 339.669pt>
File: ../python/metrics/output/nlp_doc_rouge1.png Graphic file (type png)
<use ../python/metrics/output/nlp_doc_rouge1.png>
Package pdftex.def Info: ../python/metrics/output/nlp_doc_rouge1.png  used on i
nput line 948.
(pdftex.def)             Requested size: 187.25345pt x 149.50664pt.
<../python/metrics/output/nlp_doc_rouge2.png, id=2387, 425.4294pt x 339.669pt>
File: ../python/metrics/output/nlp_doc_rouge2.png Graphic file (type png)
<use ../python/metrics/output/nlp_doc_rouge2.png>
Package pdftex.def Info: ../python/metrics/output/nlp_doc_rouge2.png  used on i
nput line 949.
(pdftex.def)             Requested size: 187.25345pt x 149.50664pt.
<../python/metrics/output/nlp_doc_rougeL.png, id=2388, 425.4294pt x 339.669pt>
File: ../python/metrics/output/nlp_doc_rougeL.png Graphic file (type png)
<use ../python/metrics/output/nlp_doc_rougeL.png>
Package pdftex.def Info: ../python/metrics/output/nlp_doc_rougeL.png  used on i
nput line 950.
(pdftex.def)             Requested size: 187.25345pt x 149.50664pt.
<../python/metrics/output/nlp_doc_meteor.png, id=2389, 425.4294pt x 339.669pt>
File: ../python/metrics/output/nlp_doc_meteor.png Graphic file (type png)
<use ../python/metrics/output/nlp_doc_meteor.png>
Package pdftex.def Info: ../python/metrics/output/nlp_doc_meteor.png  used on i
nput line 951.
(pdftex.def)             Requested size: 187.25345pt x 149.50664pt.
<../python/metrics/output/nlp_doc_bertscore_p.png, id=2390, 425.4294pt x 339.66
9pt>
File: ../python/metrics/output/nlp_doc_bertscore_p.png Graphic file (type png)
<use ../python/metrics/output/nlp_doc_bertscore_p.png>
Package pdftex.def Info: ../python/metrics/output/nlp_doc_bertscore_p.png  used
 on input line 995.
(pdftex.def)             Requested size: 187.25345pt x 149.50664pt.
<../python/metrics/output/nlp_doc_bertscore_r.png, id=2391, 425.4294pt x 339.66
9pt>
File: ../python/metrics/output/nlp_doc_bertscore_r.png Graphic file (type png)
<use ../python/metrics/output/nlp_doc_bertscore_r.png>
Package pdftex.def Info: ../python/metrics/output/nlp_doc_bertscore_r.png  used
 on input line 996.
(pdftex.def)             Requested size: 187.25345pt x 149.50664pt.
<../python/metrics/output/nlp_doc_bertscore_f1.png, id=2392, 425.4294pt x 339.6
69pt>
File: ../python/metrics/output/nlp_doc_bertscore_f1.png Graphic file (type png)

<use ../python/metrics/output/nlp_doc_bertscore_f1.png>
Package pdftex.def Info: ../python/metrics/output/nlp_doc_bertscore_f1.png  use
d on input line 997.
(pdftex.def)             Requested size: 187.25345pt x 149.50664pt.
<../python/metrics/output/nlp_doc_sbert.png, id=2393, 425.4294pt x 339.669pt>
File: ../python/metrics/output/nlp_doc_sbert.png Graphic file (type png)
<use ../python/metrics/output/nlp_doc_sbert.png>
Package pdftex.def Info: ../python/metrics/output/nlp_doc_sbert.png  used on in
put line 998.
(pdftex.def)             Requested size: 187.25345pt x 149.50664pt.
<../python/metrics/output/chapter_nlp_rouge1.png, id=2395, 533.8344pt x 339.669
pt>
File: ../python/metrics/output/chapter_nlp_rouge1.png Graphic file (type png)
<use ../python/metrics/output/chapter_nlp_rouge1.png>
Package pdftex.def Info: ../python/metrics/output/chapter_nlp_rouge1.png  used 
on input line 1124.
(pdftex.def)             Requested size: 291.28384pt x 185.34138pt.
<../python/metrics/output/chapter_nlp_rouge2.png, id=2396, 533.8344pt x 339.669
pt>
File: ../python/metrics/output/chapter_nlp_rouge2.png Graphic file (type png)
<use ../python/metrics/output/chapter_nlp_rouge2.png>
Package pdftex.def Info: ../python/metrics/output/chapter_nlp_rouge2.png  used 
on input line 1125.
(pdftex.def)             Requested size: 291.28384pt x 185.34138pt.
<../python/metrics/output/chapter_nlp_rougeL.png, id=2397, 533.8344pt x 339.669
pt>
File: ../python/metrics/output/chapter_nlp_rougeL.png Graphic file (type png)
<use ../python/metrics/output/chapter_nlp_rougeL.png>
Package pdftex.def Info: ../python/metrics/output/chapter_nlp_rougeL.png  used 
on input line 1126.
(pdftex.def)             Requested size: 291.28384pt x 185.34138pt.
<../python/metrics/output/chapter_nlp_bleu.png, id=2398, 533.8344pt x 339.669pt
>
File: ../python/metrics/output/chapter_nlp_bleu.png Graphic file (type png)
<use ../python/metrics/output/chapter_nlp_bleu.png>
Package pdftex.def Info: ../python/metrics/output/chapter_nlp_bleu.png  used on
 input line 1135.
(pdftex.def)             Requested size: 353.7059pt x 225.06332pt.
<../python/metrics/output/chapter_nlp_meteor.png, id=2399, 533.8344pt x 339.669
pt>
File: ../python/metrics/output/chapter_nlp_meteor.png Graphic file (type png)
<use ../python/metrics/output/chapter_nlp_meteor.png>
Package pdftex.def Info: ../python/metrics/output/chapter_nlp_meteor.png  used 
on input line 1136.
(pdftex.def)             Requested size: 353.7059pt x 225.06332pt.
<../python/metrics/output/chapter_nlp_bertscore_p.png, id=2400, 533.8344pt x 33
9.669pt>
File: ../python/metrics/output/chapter_nlp_bertscore_p.png Graphic file (type p
ng)
<use ../python/metrics/output/chapter_nlp_bertscore_p.png>
Package pdftex.def Info: ../python/metrics/output/chapter_nlp_bertscore_p.png  
used on input line 1254.
(pdftex.def)             Requested size: 353.7059pt x 225.06332pt.
<../python/metrics/output/chapter_nlp_bertscore_r.png, id=2401, 533.8344pt x 33
9.669pt>
File: ../python/metrics/output/chapter_nlp_bertscore_r.png Graphic file (type p
ng)
<use ../python/metrics/output/chapter_nlp_bertscore_r.png>
Package pdftex.def Info: ../python/metrics/output/chapter_nlp_bertscore_r.png  
used on input line 1255.
(pdftex.def)             Requested size: 353.7059pt x 225.06332pt.
<../python/metrics/output/chapter_nlp_bertscore_f1.png, id=2404, 533.8344pt x 3
39.669pt>
File: ../python/metrics/output/chapter_nlp_bertscore_f1.png Graphic file (type 
png)
<use ../python/metrics/output/chapter_nlp_bertscore_f1.png>
Package pdftex.def Info: ../python/metrics/output/chapter_nlp_bertscore_f1.png 
 used on input line 1264.
(pdftex.def)             Requested size: 353.7059pt x 225.06332pt.
<../python/metrics/output/chapter_nlp_sbert.png, id=2405, 533.8344pt x 339.669p
t>
File: ../python/metrics/output/chapter_nlp_sbert.png Graphic file (type png)
<use ../python/metrics/output/chapter_nlp_sbert.png>
Package pdftex.def Info: ../python/metrics/output/chapter_nlp_sbert.png  used o
n input line 1265.
(pdftex.def)             Requested size: 353.7059pt x 225.06332pt.
) (./chapters/appendix/inferential.tex
Overfull \vbox (1.17493pt too high) has occurred while \output is active []


[132]
Overfull \vbox (1.17493pt too high) has occurred while \output is active []


[133]
Overfull \vbox (1.17493pt too high) has occurred while \output is active []


[134 <../python/metrics/output/nlp_doc_bleu.png> <../python/metrics/output/nlp_
doc_rouge1.png> <../python/metrics/output/nlp_doc_rouge2.png> <../python/metric
s/output/nlp_doc_rougeL.png> <../python/metrics/output/nlp_doc_meteor.png>]
Overfull \vbox (1.17493pt too high) has occurred while \output is active []


[135]
Overfull \vbox (1.17493pt too high) has occurred while \output is active []


[136 <../python/metrics/output/nlp_doc_bertscore_p.png> <../python/metrics/outp
ut/nlp_doc_bertscore_r.png> <../python/metrics/output/nlp_doc_bertscore_f1.png>
 <../python/metrics/output/nlp_doc_sbert.png>]
Overfull \vbox (1.17493pt too high) has occurred while \output is active []


[137]
Overfull \vbox (1.17493pt too high) has occurred while \output is active []


[138 <../python/metrics/output/chapter_nlp_rouge1.png> <../python/metrics/outpu
t/chapter_nlp_rouge2.png> <../python/metrics/output/chapter_nlp_rougeL.png>]
Overfull \vbox (1.17493pt too high) has occurred while \output is active []


[139 <../python/metrics/output/chapter_nlp_bleu.png> <../python/metrics/output/
chapter_nlp_meteor.png>]
Overfull \vbox (1.17493pt too high) has occurred while \output is active []


[140]
Overfull \vbox (1.17493pt too high) has occurred while \output is active []


[141 <../python/metrics/output/chapter_nlp_bertscore_p.png> <../python/metrics/
output/chapter_nlp_bertscore_r.png>]
Overfull \vbox (1.17493pt too high) has occurred while \output is active []


[142 <../python/metrics/output/chapter_nlp_bertscore_f1.png> <../python/metrics
/output/chapter_nlp_sbert.png>]
chapter C.

Package hyperref Warning: Token not allowed in a PDF string (Unicode):
(hyperref)                removing `math shift' on input line 97.


Package hyperref Warning: Token not allowed in a PDF string (Unicode):
(hyperref)                removing `math shift' on input line 97.

[143

]
Overfull \vbox (1.17493pt too high) has occurred while \output is active []


[144]

Package hyperref Warning: Token not allowed in a PDF string (Unicode):
(hyperref)                removing `math shift' on input line 131.


Package hyperref Warning: Token not allowed in a PDF string (Unicode):
(hyperref)                removing `math shift' on input line 131.


Package hyperref Warning: Token not allowed in a PDF string (Unicode):
(hyperref)                removing `math shift' on input line 158.


Package hyperref Warning: Token not allowed in a PDF string (Unicode):
(hyperref)                removing `\alpha' on input line 158.


Package hyperref Warning: Token not allowed in a PDF string (Unicode):
(hyperref)                removing `math shift' on input line 158.


Overfull \vbox (1.17493pt too high) has occurred while \output is active []


[145]
Overfull \vbox (1.17493pt too high) has occurred while \output is active []


[146]

Package hyperref Warning: Token not allowed in a PDF string (Unicode):
(hyperref)                removing `math shift' on input line 204.


Package hyperref Warning: Token not allowed in a PDF string (Unicode):
(hyperref)                removing `math shift' on input line 204.


Package hyperref Warning: Token not allowed in a PDF string (Unicode):
(hyperref)                removing `math shift' on input line 230.


Package hyperref Warning: Token not allowed in a PDF string (Unicode):
(hyperref)                removing `math shift' on input line 230.


Package hyperref Warning: Token not allowed in a PDF string (Unicode):
(hyperref)                removing `math shift' on input line 230.


Package hyperref Warning: Token not allowed in a PDF string (Unicode):
(hyperref)                removing `math shift' on input line 230.


Overfull \vbox (1.17493pt too high) has occurred while \output is active []


[147]

Package hyperref Warning: Token not allowed in a PDF string (Unicode):
(hyperref)                removing `math shift' on input line 298.


Package hyperref Warning: Token not allowed in a PDF string (Unicode):
(hyperref)                removing `math shift' on input line 298.


Package hyperref Warning: Token not allowed in a PDF string (Unicode):
(hyperref)                removing `math shift' on input line 320.


Package hyperref Warning: Token not allowed in a PDF string (Unicode):
(hyperref)                removing `math shift' on input line 320.


Overfull \vbox (1.17493pt too high) has occurred while \output is active []


[148]
Overfull \hbox (5.77727pt too wide) in paragraph at lines 346--350
\T1/phv/m/n/12 Only Chat shows a pos-i-tive within-mode trend, and its cor-re-l
a-tion against BERTScore
 []


Package hyperref Warning: Token not allowed in a PDF string (Unicode):
(hyperref)                removing `math shift' on input line 370.


Package hyperref Warning: Token not allowed in a PDF string (Unicode):
(hyperref)                removing `math shift' on input line 370.


Overfull \vbox (1.17493pt too high) has occurred while \output is active []


[149]
Overfull \vbox (1.17493pt too high) has occurred while \output is active []


[150]

Package hyperref Warning: Token not allowed in a PDF string (Unicode):
(hyperref)                removing `math shift' on input line 439.


Package hyperref Warning: Token not allowed in a PDF string (Unicode):
(hyperref)                removing `math shift' on input line 439.


Package hyperref Warning: Token not allowed in a PDF string (Unicode):
(hyperref)                removing `math shift' on input line 456.


Package hyperref Warning: Token not allowed in a PDF string (Unicode):
(hyperref)                removing `math shift' on input line 456.


Package hyperref Warning: Token not allowed in a PDF string (Unicode):
(hyperref)                removing `math shift' on input line 456.


Package hyperref Warning: Token not allowed in a PDF string (Unicode):
(hyperref)                removing `math shift' on input line 456.


Overfull \hbox (1.02818pt too wide) in paragraph at lines 471--480
 [][] 
 []

) (./chapters/appendix/acronyms.tex
Overfull \vbox (1.17493pt too high) has occurred while \output is active []


[151]
chapter D.
) [152

]
chapter without number
LaTeX Font Info:    Font shape `T1/phv/m/sc' will be
(Font)              scaled to size 11.39996pt on input line 187.

Overfull \hbox (4.60133pt too wide) in paragraph at lines 188--188
[]\T1/phv/m/n/12 Sallam Abual-haija et al. ^^P  LLM-assisted Ex-trac-tion of Re
g-u-la-tory Re-quire-ments:
 []


Overfull \hbox (6.07239pt too wide) in paragraph at lines 188--188
\T1/phv/m/n/12 Ac-cessed: 2026-05-27. 2024. \T1/phv/m/sc/12 url\T1/phv/m/n/12 :
 []$\T1/cmtt/m/n/12 https : / / huggingface . co / answerdotai /
 []

[153



]
Overfull \vbox (1.17493pt too high) has occurred while \output is active []


[154]
Overfull \hbox (20.14038pt too wide) in paragraph at lines 188--188
\T1/phv/m/sl/12 Math-e-mat-i-cal Statis-tics \T1/phv/m/n/12 18.1 (1947), pp. 50
^^U60. \T1/phv/m/sc/12 doi\T1/phv/m/n/12 : []$\T1/cmtt/m/n/12 10 . 1214 / aoms 
/ 1177730491$[]\T1/phv/m/n/12 . 
 []


Overfull \vbox (1.17493pt too high) has occurred while \output is active []


[155]
Overfull \hbox (1.40544pt too wide) in paragraph at lines 188--188
\T1/phv/m/n/12 Kong, China: As-so-ci-a-tion for Com-pu-ta-tional Lin-guis-tics,
 2019, pp. 3982^^U3992.
 []


Overfull \vbox (1.17493pt too high) has occurred while \output is active []


[156]
Overfull \vbox (1.17493pt too high) has occurred while \output is active []


[157] [158

] (./main.aux)
 ***********
LaTeX2e <2025-11-01>
L3 programming layer <2026-01-19>
 ***********
Package logreq Info: Writing requests to 'main.run.xml'.
\openout1 = `main.run.xml'.

 ) 
Here is how much of TeX's memory you used:
 34614 strings out of 467533
 684742 string characters out of 5422138
 2054971 words of memory out of 5000000
 61667 multiletter control sequences out of 15000+600000
 693547 words of font info for 129 fonts, out of 8000000 for 9000
 1144 hyphenation exceptions out of 8191
 108i,13n,107p,11285b,2930s stack positions out of 10000i,1000n,20000p,200000b,200000s
</usr/share/texlive/texmf-dist/fonts/type1/public/amsfonts/cm/cmbx12.pfb></us
r/share/texlive/texmf-dist/fonts/type1/public/amsfonts/cm/cmex10.pfb></usr/shar
e/texlive/texmf-dist/fonts/type1/public/amsfonts/cm/cmmi10.pfb></usr/share/texl
ive/texmf-dist/fonts/type1/public/amsfonts/cm/cmmi12.pfb></usr/share/texlive/te
xmf-dist/fonts/type1/public/amsfonts/cm/cmmi5.pfb></usr/share/texlive/texmf-dis
t/fonts/type1/public/amsfonts/cm/cmmi6.pfb></usr/share/texlive/texmf-dist/fonts
/type1/public/amsfonts/cm/cmmi8.pfb></usr/share/texlive/texmf-dist/fonts/type1/
public/amsfonts/cm/cmr10.pfb></usr/share/texlive/texmf-dist/fonts/type1/public/
amsfonts/cm/cmr12.pfb></usr/share/texlive/texmf-dist/fonts/type1/public/amsfont
s/cm/cmr6.pfb></usr/share/texlive/texmf-dist/fonts/type1/public/amsfonts/cm/cmr
7.pfb></usr/share/texlive/texmf-dist/fonts/type1/public/amsfonts/cm/cmr8.pfb></
usr/share/texlive/texmf-dist/fonts/type1/public/amsfonts/cm/cmsy10.pfb></usr/sh
are/texlive/texmf-dist/fonts/type1/public/amsfonts/cm/cmsy5.pfb></usr/share/tex
live/texmf-dist/fonts/type1/public/amsfonts/cm/cmsy6.pfb></usr/share/texlive/te
xmf-dist/fonts/type1/public/amsfonts/cm/cmsy8.pfb></usr/share/texmf/fonts/type1
/public/cm-super/sftt0800.pfb></usr/share/texmf/fonts/type1/public/cm-super/sft
t1000.pfb></usr/share/texmf/fonts/type1/public/cm-super/sftt1095.pfb></usr/shar
e/texmf/fonts/type1/public/cm-super/sftt1200.pfb></usr/share/texmf/fonts/type1/
public/cm-super/sftt1440.pfb></usr/share/texlive/texmf-dist/fonts/type1/urw/hel
vetic/uhvb8a.pfb></usr/share/texlive/texmf-dist/fonts/type1/urw/helvetic/uhvr8a
.pfb></usr/share/texlive/texmf-dist/fonts/type1/urw/helvetic/uhvro8a.pfb>
Output written on main.pdf (165 pages, 5380713 bytes).
PDF statistics:
 3437 PDF objects out of 3580 (max. 8388607)
 3059 compressed objects within 31 object streams
 1457 named destinations out of 1728 (max. 500000)
 1283 words of extra memory for PDF output out of 10000 (max. 10000000)

