id,user_id,ai_mode,metric,score,rationale
3,EHN0215,form,completeness,5,"The document comprehensively covers all required elements under Article 30(1) GDPR, including controller and DPO details, purposes, data categories, recipients, retention periods, and TOMs."
3,EHN0215,form,hallucination_inverse,2,"The author invented several elements not present in the scenario, such as specific HR software, external authorities as recipients, and completely fabricated retention periods."
3,EHN0215,form,legal_correctness,4,"Legal bases are cited correctly and appropriately for the German context (e.g., Art. 6(1)(b) GDPR and § 26 BDSG), though some citations like the Infection Protection Act are unnecessary."
3,EHN0215,form,overall,3,"While structurally complete and legally well-formatted, the document's failure to adhere to the scenario's specific constraints (especially regarding retention and excluded data) significantly reduces its accuracy."
3,EHN0215,form,scenario_faithfulness,2,The document directly contradicts the scenario by including 'Krankheitstage' (which were explicitly excluded) and stating retention periods of 3 and 10 years instead of the specified 3 months.
4,EHN0215,chat,completeness,5,"The document successfully includes all mandatory elements under Article 30(1) GDPR, such as controller and DPO details, purposes, data categories, subjects, recipients, retention periods, and TOMs."
4,EHN0215,chat,hallucination_inverse,2,"The document invents retention periods (10 years and 'unverzüglich') that directly contradict the scenario. It also introduces 'Microsoft Office 365', which implies a cloud environment contrary to the prompt."
4,EHN0215,chat,legal_correctness,4,"The legal bases are well-chosen and appropriate for the German employment context (Art. 6(1)(b), (c), (f) GDPR and § 26 BDSG). However, listing IT systems as 'data sources' is a slight terminological inaccuracy."
4,EHN0215,chat,overall,3,"While structurally excellent and legally plausible, the document's failure to adhere to the scenario's specific retention periods and its inclusion of cloud-based Office 365 significantly reduce its accuracy for this specific case."
4,EHN0215,chat,scenario_faithfulness,2,"The document completely ignores the scenario's explicit 3-month deletion rule, substituting it with generic 10-year and immediate deletion periods. It also incorrectly refers to 'Office 365' despite the scenario specifying internally hosted Office with no external cloud."
5,EHN0215,ask,completeness,5,"The document comprehensively covers all required elements under Art. 30(1) GDPR, including controller and DPO details, purposes, data categories, recipients, retention periods, and TOMs."
5,EHN0215,ask,hallucination_inverse,1,"The text invents numerous details not present in the scenario, such as Google Mail, external tax consultants, health data processing, and complex retention schedules that violate the prompt's constraints."
5,EHN0215,ask,legal_correctness,4,"The document correctly identifies appropriate legal bases (Art. 6(1)(b), (c), (f) GDPR and § 26 BDSG) and uses standard data protection terminology appropriately."
5,EHN0215,ask,overall,2,"While structurally sound and legally plausible in a vacuum, the document's blatant disregard for the scenario's specific constraints (no cloud, no health data, strict 3-month retention) makes it unusable for this specific case."
5,EHN0215,ask,scenario_faithfulness,1,"The document directly contradicts explicit scenario constraints by including cloud services (Microsoft 365), health data (sick days), and retention periods far exceeding the specified 3-month maximum."
6,RIT1851,form,completeness,5,"The document includes all required elements under Article 30(1) GDPR, including controller details, DPO, purposes, legal bases, data categories, recipients, retention periods, and TOMs."
6,RIT1851,form,hallucination_inverse,2,"The document invents a 3-year retention period directly contradicting the scenario, and hallucinates additional systems (ERP, specific parking software) and data categories (parking usage logs)."
6,RIT1851,form,legal_correctness,4,"The legal bases cited (Art. 6(1)(b) GDPR and § 26 BDSG) are appropriate for employment contexts, and the terminology regarding controller and DPO roles is used correctly."
6,RIT1851,form,overall,3,"While structurally complete and legally sound, the document's direct contradiction of the scenario's retention period and hallucination of complex IT systems make it only adequately useful."
6,RIT1851,form,scenario_faithfulness,2,"The document fails to reflect the specific 3-month deletion period, stating 3 years instead. It also ignores the specific mention of internally hosted MS Office, opting for generic HR and ERP systems."
7,RIT1851,ask,completeness,5,"The document comprehensively covers all required elements under Article 30(1) GDPR. It clearly details the controller, DPO, purposes, data categories, recipients, retention periods, and TOMs."
7,RIT1851,ask,hallucination_inverse,2,"The text invents numerous details not present in the scenario, such as tax consultants, authorities, a 10-year retention period under § 147 AO, and specific software tools. It also hallucinates a 30-day backup retention policy and external IT maintenance."
7,RIT1851,ask,legal_correctness,5,The document uses precise GDPR terminology and correctly applies appropriate legal bases. Article 6(1)(b) is correctly cited for employment management and Article 6(1)(f) for parking authorization.
7,RIT1851,ask,overall,4,"This is a highly professional, legally sound, and well-structured ROPA document. While it includes several realistic but hallucinated business details beyond the prompt, it would serve as an excellent foundation in practice."
7,RIT1851,ask,scenario_faithfulness,4,"It accurately captures the company details, internal server usage, lack of health data, and parking authorization. However, it slightly deviates from the scenario's strict 3-month deletion rule by adding a 10-year retention period for wage documents."
8,RIT1851,chat,completeness,2,The document covers most Art. 30 requirements but explicitly fails to list categories of personal data and data subjects due to a bizarre prompt artifact.
8,RIT1851,chat,hallucination_inverse,2,"The document invents a 10-year retention period, mentions 'Microsoft Office 365' (which implies cloud, contradicting the scenario), and hallucinates several extra TOMs like encryption and logging."
8,RIT1851,chat,legal_correctness,3,"It correctly identifies Art. 6(1)(b) and (f) as legal bases for the processing activities. However, omitting mandatory data categories makes it legally incomplete as an Art. 30 record."
8,RIT1851,chat,overall,2,"The inclusion of prompt artifacts, the omission of mandatory data categories, and the direct contradiction of the scenario's retention period make this a poor and unusable ROPA."
8,RIT1851,chat,scenario_faithfulness,2,"It completely ignores the explicit 3-month deletion rule from the scenario, substituting it with 10-year and immediate deletion periods. It also includes weird system artifacts instead of applying the scenario's facts about employees."
9,IAR1116,ask,completeness,5,"The document comprehensively covers all required elements under Article 30(1) GDPR, including controller details, DPO, purposes, data categories, recipients, retention periods, and TOMs."
9,IAR1116,ask,hallucination_inverse,2,"The document invents external recipients (tax advisors, authorities, software providers) and retention periods (3-10 years) that are not supported by, and even contradict, the provided scenario."
9,IAR1116,ask,legal_correctness,5,"Legal terminology is used accurately, and the cited legal bases (Art. 6(1)(b) for employment, Art. 6(1)(c) for legal obligations, Art. 6(1)(f) for parking) are perfectly appropriate."
9,IAR1116,ask,overall,3,"The document is structurally excellent and legally sound, but its utility is hampered by hallucinated external data sharing and retention periods that violate the scenario's specific constraints."
9,IAR1116,ask,scenario_faithfulness,3,"While it accurately includes the company details, internal hosting, and exclusion of medical data, it directly contradicts the scenario's explicit instruction that all data is deleted within 3 months of departure."
10,IAR1116,form,completeness,5,"The document includes all required elements under Article 30(1) GDPR, including controller details, DPO, purposes, data categories, recipients, retention periods, and TOMs."
10,IAR1116,form,hallucination_inverse,2,"The document invents several facts not in the scenario, such as the use of Office 365, external cloud hosting providers, and specific statutory retention periods (6 years/3 years) that conflict with the prompt."
10,IAR1116,form,legal_correctness,4,"Legal bases are cited correctly (Art. 6(1)(b), Art. 6(1)(f) GDPR, and § 26 BDSG) and GDPR terminology is used appropriately, though the retention laws cited override the scenario's instructions."
10,IAR1116,form,overall,3,"While structurally complete and legally plausible as a generic ROPA, it fails to accurately reflect the specific operational constraints of the provided scenario, particularly regarding cloud usage and retention."
10,IAR1116,form,scenario_faithfulness,2,The document directly contradicts the scenario by including cloud providers (scenario explicitly states 'no external cloud') and setting retention periods to 3-6 years instead of the specified maximum of 3 months.
11,IAR1116,chat,completeness,5,"The document comprehensively covers all mandatory elements of Art. 30(1) GDPR, including controller and DPO details, purposes, data categories, recipients, retention periods, and TOMs."
11,IAR1116,chat,hallucination_inverse,4,"The document is mostly faithful but introduces minor unprompted details, such as a specific Ulm postal code and referring to 'Office 365' (which is inherently cloud-based, slightly conflicting with the 'no external cloud' rule)."
11,IAR1116,chat,legal_correctness,5,"GDPR terminology is used correctly, and the cited legal bases (Art. 6(1)(b) GDPR / § 26 BDSG for employment data, Art. 6(1)(f) for parking) are highly appropriate for the context."
11,IAR1116,chat,overall,5,"This is an excellent, well-structured ROPA document that fulfills legal requirements while remaining highly tailored to the provided scenario."
11,IAR1116,chat,scenario_faithfulness,5,"It accurately incorporates the specific constraints of the scenario, such as the 3-month retention period, the strict exclusion of medical data, and the internal hosting requirement."
12,TIL1618,chat,completeness,5,"The document comprehensively covers all required elements under Article 30(1) GDPR, including controller details, purposes, data categories, recipients, retention periods, and TOMs."
12,TIL1618,chat,hallucination_inverse,3,"The document invents external recipients (tax consultants, authorities) and statutory retention exceptions not present in the scenario. It also lists 'Microsoft Office 365', which contradicts the scenario's strict 'no external cloud' constraint."
12,TIL1618,chat,legal_correctness,4,"Legal terminology is used correctly, and appropriate legal bases are cited. However, providing a generic list of all possible legal bases (Art. 6(1) a, b, c, f) without mapping them to specific purposes is somewhat imprecise."
12,TIL1618,chat,overall,4,"Overall, this is a well-structured and highly complete ROPA document. It loses a point only because it relies on standard boilerplate assumptions (like tax retention laws and O365) that conflict with the strict constraints of the provided scenario."
12,TIL1618,chat,scenario_faithfulness,4,"It accurately reflects most scenario specifics, such as the parking authorization and lack of medical data. However, it deviates slightly by introducing exceptions to the strict 3-month deletion rule and mentioning Office 365, which implies cloud usage."
13,TIL1618,ask,completeness,5,"The document comprehensively covers all required elements under Art. 30(1) GDPR, including controller and DPO details, purposes, data categories, recipients, retention periods, and TOMs."
13,TIL1618,ask,hallucination_inverse,2,"The text invents numerous external recipients (tax authorities, health insurances, external parking systems), cloud software tools, and data categories (health data) not present in the scenario."
13,TIL1618,ask,legal_correctness,4,"Legal bases are generally well-cited (Art. 6(1)(b) and (c)), though conflating legitimate interest with § 26 BDSG for parking authorization is slightly imprecise."
13,TIL1618,ask,overall,3,"While structurally complete and legally sound as a generic ROPA, the inclusion of explicitly excluded data (health) and cloud services makes it flawed for this specific scenario."
13,TIL1618,ask,scenario_faithfulness,2,"The document directly contradicts the scenario by including health/sickness data, implying cloud usage (Office 365, Teams), and adding retention exceptions despite the strict 3-month deletion rule."
14,TIL1618,form,completeness,5,"The document successfully covers all required elements under Article 30(1) GDPR, including controller and DPO details, purposes, data categories, recipients, retention periods, and TOMs."
14,TIL1618,form,hallucination_inverse,1,"The text is heavily hallucinated, inventing external processors (SAP, DATEV), cloud usage, health data processing, video surveillance, and extended retention periods not present in the scenario."
14,TIL1618,form,legal_correctness,3,"While it cites valid GDPR articles and national laws, it uses a scattergun approach for legal bases without mapping them to specific purposes and inappropriately lists consent for standard HR processing."
14,TIL1618,form,overall,2,"Although structurally complete, the document's heavy reliance on generic boilerplate and failure to adhere to the specific scenario facts makes it a highly inaccurate record of processing."
14,TIL1618,form,scenario_faithfulness,2,"The document blatantly ignores key scenario constraints by including health data, external cloud services, and 10-year retention periods, despite explicit instructions to the contrary."
15,NOC2416,form,completeness,5,"The document successfully covers all mandatory elements required by Article 30(1) GDPR, including controller and DPO details, purposes, data categories, recipients, retention periods, and TOMs."
15,NOC2416,form,hallucination_inverse,2,"The author invented several facts not supported by the scenario, including health data categories, a 10-year retention period, Office 365 usage, and specific encryption standards."
15,NOC2416,form,legal_correctness,3,"Legal bases are mostly appropriate (Art. 6(1)(b) GDPR, § 26 BDSG), but Art. 6(1)(f) is not explicitly cited for legitimate interests. Additionally, mentioning processor contracts (AV-Vertrag) contradicts the stated lack of external recipients."
15,NOC2416,form,overall,2,"While structurally complete and visually professional, the document's failure to adhere to the scenario's strict constraints regarding retention, health data, and cloud usage makes it an inaccurate record."
15,NOC2416,form,scenario_faithfulness,2,"The document directly contradicts the scenario by including health data, implying cloud usage with 'Office 365', and stating a 10-year retention period instead of the specified 3 months."
16,NOC2416,ask,completeness,4,"The document covers almost all Article 30 requirements, including controller details, purposes, data categories, and TOMs, but provides a vague retention period."
16,NOC2416,ask,hallucination_inverse,3,"The document invents statutory retention periods (HGB/AO) that directly contradict the scenario's explicit instruction to delete all data within 3 months, and adds an unprompted zip code."
16,NOC2416,ask,legal_correctness,5,"The document correctly identifies and cites appropriate legal bases, including Art. 6(1)(b), (c), (f) GDPR and § 26 BDSG, using accurate terminology."
16,NOC2416,ask,overall,4,"Overall, it is a well-structured and legally sound ROPA draft, though it requires correction regarding the specific retention period to perfectly match the scenario."
16,NOC2416,ask,scenario_faithfulness,3,"It captures most scenario specifics like internal hosting and the lack of medical data, but completely misses the explicit rule to delete data 3 months after an employee's departure."
17,NOC2416,chat,completeness,2,"The document explicitly leaves categories of personal data, data subjects, and recipients blank with placeholder notes, missing core Article 30 requirements."
17,NOC2416,chat,hallucination_inverse,2,"The document invents a 6-year retention period based on tax law and introduces 'Microsoft Office 365', which directly contradicts the scenario's 'no external cloud' constraint."
17,NOC2416,chat,legal_correctness,3,"While it correctly identifies appropriate legal bases like Art. 6(1)(b), (f) GDPR and § 26 BDSG, the omission of mandatory Art. 30 elements makes it legally deficient as a complete ROPA."
17,NOC2416,chat,overall,2,"Due to the failure to fill in mandatory fields, the invention of a contradictory retention period, and the inclusion of cloud software, this document is a poor and unusable draft."
17,NOC2416,chat,scenario_faithfulness,2,"It completely ignores the scenario's explicit 3-month deletion rule and fails to extract obvious data subjects (employees) and data categories (license plates, working hours) provided in the text."
18,NUG0102,chat,completeness,5,"The document includes all mandatory elements under Article 30(1) GDPR, including controller and DPO details, purposes, data categories, recipients, retention periods, and TOMs."
18,NUG0102,chat,hallucination_inverse,2,"The document invents several elements not in the prompt, such as bank details, ERP/HR software, Office 365, and additional TOMs like encryption and annual reviews."
18,NUG0102,chat,legal_correctness,5,"The legal bases are accurately chosen, correctly citing Art. 6(1)(b) GDPR and § 26 BDSG for employment data, and Art. 6(1)(f) for parking management. GDPR terminology is used correctly throughout."
18,NUG0102,chat,overall,4,A highly professional and legally accurate ROPA document that covers all requirements. It only requires minor editing to remove the hallucinated IT systems and extra data categories to perfectly align with the specific scenario.
18,NUG0102,chat,scenario_faithfulness,3,"It accurately reflects the company details, retention period, and parking authorization, but contradicts the 'no cloud' rule by listing Microsoft Office 365. It also includes several IT systems not mentioned in the scenario."
19,NUG0102,ask,completeness,5,"The document comprehensively covers all requirements of Article 30(1) GDPR, including controller details, purposes, data categories, recipients, retention periods, and TOMs."
19,NUG0102,ask,hallucination_inverse,3,"The document invents several details not present in the scenario, such as RFID cards, specific software tools (TimeTac, BitLocker), external recipients, and additional retention periods for logs."
19,NUG0102,ask,legal_correctness,5,"The legal bases are correctly identified, appropriately distinguishing between employment contract performance (Art. 6(1)(b)) and legitimate interest for parking (Art. 6(1)(f)). GDPR terminology is used accurately throughout."
19,NUG0102,ask,overall,4,"This is a highly professional and legally sound ROPA document that effectively translates the scenario into a compliant format, though it includes some unnecessary creative additions."
19,NUG0102,ask,scenario_faithfulness,4,"It accurately reflects the specific facts of the scenario, such as internal hosting, exclusion of medical data, and the parking barrier. However, it slightly deviates by introducing multiple different retention periods instead of strictly adhering to the blanket 3-month rule."
20,IHL0436,chat,completeness,2,"The document includes most Article 30 requirements for the parking authorization but completely omits the primary processing activity of employee management, working hours, and vacation."
20,IHL0436,chat,hallucination_inverse,3,"The document invents data subjects (visitors, externals) and data categories (phone, email) not in the scenario, and incorrectly lists 'Office 365' despite the scenario specifying internally hosted, non-cloud software."
20,IHL0436,chat,legal_correctness,3,"The use of legitimate interest (Art. 6(1)(f)) for parking is appropriate. However, the omission of employee management means the corresponding legal bases (e.g., Art. 6(1)(b)) are entirely missing."
20,IHL0436,chat,overall,2,"Although the parking authorization is documented reasonably well, the complete failure to address the employee management processing makes this ROPA inadequate for the provided scenario."
20,IHL0436,chat,scenario_faithfulness,2,"It correctly captures the company details, TOMs, and retention period, but ignores the core employee management facts and incorrectly includes visitors and external service providers."
21,NUG0102,form,completeness,5,"The document includes all required elements under Art. 30(1) GDPR, including controller details, DPO, purposes, data categories, recipients, retention periods, and TOMs."
21,NUG0102,form,hallucination_inverse,2,"The author invented several external software providers (SAP SuccessFactors, Personio), cloud hosting, and the processing of sick days, directly violating the scenario's constraints."
21,NUG0102,form,legal_correctness,4,"The document correctly uses GDPR terminology and cites appropriate legal bases, including Art. 6(1)(b), Art. 6(1)(f), and § 26 BDSG, for the described processing activities."
21,NUG0102,form,overall,3,"While structurally complete and legally sound as a general template, the inclusion of explicitly forbidden elements (cloud processing, health data) significantly reduces its accuracy and utility for this specific scenario."
21,NUG0102,form,scenario_faithfulness,2,"The document explicitly contradicts the scenario by including external cloud providers (e.g., Office 365, SAP) and sick days ('Krankheitstage'), which were expressly excluded in the prompt."
22,IHL0436,form,completeness,3,"The document includes all required Article 30 elements such as controller details, purposes, data categories, recipients, retention, and TOMs. However, it completely omits the primary processing activity of employee administration."
22,IHL0436,form,hallucination_inverse,2,"The document invents driver's license data and Office 365. It also hallucinates an absurdly broad list of internal recipients for parking data, including marketing, finance, and health-related roles."
22,IHL0436,form,legal_correctness,3,"Legal bases are cited, but relying on consent (Art. 6(1)(a)) in an employment context is often problematic due to the imbalance of power. Additionally, listing software (Office 365) as a 'data source' is technically incorrect."
22,IHL0436,form,overall,2,"While structurally sound, the complete omission of the main employee administration processing and the inclusion of nonsensical internal recipients make this a poor and incomplete ROPA."
22,IHL0436,form,scenario_faithfulness,2,"It captures the company details, TOMs, and retention period accurately, but entirely misses the employee administration aspect (working hours, vacation). It also contradicts the scenario's 'no external cloud' rule by listing Office 365."
23,IHL0436,ask,completeness,2,"The document includes most Article 30 requirements for parking authorization but completely omits the primary processing activity of employee administration (onboarding, working hours, vacation)."
23,IHL0436,ask,hallucination_inverse,2,"The document invents numerous details not present in the scenario, including Azure AD, cloud backups, RFID chips, cameras, and external security guards."
23,IHL0436,ask,legal_correctness,3,"It correctly identifies legitimate interest (Art. 6(1)(f)) for parking management, but confusingly mentions 'revocation of consent' under the deletion process, which contradicts the stated legal basis."
23,IHL0436,ask,overall,2,"While formatted as a ROPA, the document is inadequate because it misses half of the required processing scope, hallucinates cloud usage against explicit instructions, and contains legal inconsistencies."
23,IHL0436,ask,scenario_faithfulness,2,"It fails to cover the employee administration aspect of the scenario and directly contradicts the prompt by including cloud storage ('gesicherten Cloud-Speichern', 'Azure AD') despite the explicit 'no external cloud' instruction."
24,NNL2811,form,completeness,5,"The document covers all required elements of Art. 30(1) GDPR, including controller and DPO details, purposes, data categories, recipients, retention periods, and TOMs."
24,NNL2811,form,hallucination_inverse,2,"The author invented numerous specific data categories (including the explicitly forbidden sick days), internal departments, and statutory retention periods that were not part of the provided text."
24,NNL2811,form,legal_correctness,4,"The document correctly uses GDPR terminology and cites appropriate legal bases like Art. 6(1)(b) GDPR and § 26 BDSG, though it could have specified Art. 6(1)(f) for the parking authorization."
24,NNL2811,form,overall,3,"While structurally complete and legally plausible as a generic ROPA, the inclusion of explicitly excluded data and contradictory retention periods significantly reduces its accuracy for this specific scenario."
24,NNL2811,form,scenario_faithfulness,2,"The document directly contradicts the scenario by including 'Krankheitstage' (sick days) and inventing a 6-year retention period, whereas the scenario explicitly excluded medical data and mandated a strict 3-month deletion rule."
25,AAL1220,form,completeness,5,"The document comprehensively covers all required elements under Article 30(1) GDPR, including controller details, DPO, purposes, legal bases, data categories, recipients, retention periods, and TOMs."
25,AAL1220,form,hallucination_inverse,2,"The document invents several facts not present in the scenario, most notably external cloud providers, a 10-year retention period, biometric access controls, and specific HR/ERP software systems."
25,AAL1220,form,legal_correctness,4,"Legal terminology and bases are generally well-applied, correctly citing § 26 BDSG and Art. 6(1)(b) GDPR for employment data, though it misses explicitly citing legitimate interest (Art. 6(1)(f)) for parking."
25,AAL1220,form,overall,3,"While structurally excellent and legally sound as a general ROPA, it fails to adhere to the strict constraints of the provided scenario, requiring significant factual corrections before it could be used."
25,AAL1220,form,scenario_faithfulness,2,The document directly contradicts the scenario by including external cloud providers (scenario explicitly states 'no external cloud') and applying a 10-year retention period for HR data instead of the specified 3 months.
26,AAL1220,chat,completeness,5,"The document comprehensively covers all required elements under Art. 30(1) GDPR, including controller and DPO details, purposes, data categories, recipients, retention periods, and TOMs."
26,AAL1220,chat,hallucination_inverse,4,"Contains minor invented details such as a specific postal code for Ulm, extra data fields (e.g., marital status), and boilerplate exceptions for statutory retention periods that contradict the scenario's strict 3-month deletion rule."
26,AAL1220,chat,legal_correctness,5,"The document correctly uses GDPR terminology and cites appropriate legal bases (Art. 6(1)(b) and (c) GDPR, § 26 BDSG) for the processing of employment and parking data."
26,AAL1220,chat,overall,5,"An excellent, highly usable ROPA document that accurately translates the scenario into a legally sound and well-structured format with only minor, mostly logical additions."
26,AAL1220,chat,scenario_faithfulness,4,"It accurately reflects most scenario specifics, including the lack of medical data and internal hosting, but slightly mischaracterizes the internally hosted MS Office as 'Office 365' (which is typically cloud-based)."
27,AAL1220,ask,completeness,5,"The document comprehensively covers all mandatory elements under Art. 30(1) GDPR, including controller and DPO details, purposes, data categories, recipients, retention periods, and TOMs."
27,AAL1220,ask,hallucination_inverse,3,"The document invents external recipients (tax consultants, external IT support) and statutory retention exceptions (ArbZG, HGB) that were not part of the provided scenario."
27,AAL1220,ask,legal_correctness,5,"The legal bases are correctly identified (Art. 6(1)(b), (c), (f) GDPR and § 26 BDSG), and the distinction between the company as the controller and the individual as the representative/DPO is handled correctly."
27,AAL1220,ask,overall,4,"This is a very strong, professional-looking ROPA document. It only loses points for adding standard HR assumptions that went beyond or contradicted the specific constraints of the scenario."
27,AAL1220,ask,scenario_faithfulness,4,"It accurately reflects the company details, internal hosting, and parking scenario. However, it slightly deviates by introducing exceptions to the strict 3-month deletion rule stated in the scenario."
28,thg1620,chat,completeness,5,"The document comprehensively covers all elements required by Article 30(1) GDPR, including controller and DPO details, purposes, legal bases, data categories, recipients, retention periods, and TOMs."
28,thg1620,chat,hallucination_inverse,3,"The author invented several elements not present in the scenario, such as financial data (bank details), nationality, a 10-year retention period, and additional TOMs like annual training and incident response plans."
28,thg1620,chat,legal_correctness,5,"The document correctly identifies and applies appropriate legal bases (Art. 6(1)(b) for employment, (c) for legal obligations, and (f) for parking) and uses accurate GDPR terminology throughout."
28,thg1620,chat,overall,4,"Overall, it is a well-structured and legally sound ROPA document. However, its reliance on generic HR boilerplate led to hallucinations that contradicted the scenario's specific constraints, slightly reducing its overall utility."
28,thg1620,chat,scenario_faithfulness,3,"While it correctly includes the company details, internal servers, and parking authorization, it fails to strictly adhere to the scenario's explicit 3-month deletion rule by introducing a contradictory 10-year retention period."
29,IOL1223,ask,completeness,2,The document covers basic Art. 30 requirements but completely fails to specify categories of personal data (stating only 'Personenbezogene Daten') and omits the parking authorization purpose.
29,IOL1223,ask,hallucination_inverse,4,"The document introduces minor unstated details like a specific zip code and standard payroll/tax recipients, which are logical real-world assumptions rather than harmful hallucinations."
29,IOL1223,ask,legal_correctness,3,"While citing § 26 BDSG is appropriate for German employee data, it fails to mention the foundational Art. 6 GDPR legal bases. Additionally, it incorrectly lists IT systems as 'data sources'."
29,IOL1223,ask,overall,3,"An adequate starting point with good structure, but it requires significant revisions to detail the actual data categories, include the missing parking scenario, and cite proper GDPR legal bases."
29,IOL1223,ask,scenario_faithfulness,3,"It accurately reflects the company details, TOMs, retention period, and IT infrastructure, but entirely misses the parking lot authorization and license plate details."
30,IOL1223,ask,completeness,2,"The document includes most required Art. 30 elements but completely fails to describe the categories of personal data, merely stating 'Personenbezogene Daten'. It also misses the parking lot authorization purpose entirely."
30,IOL1223,ask,hallucination_inverse,4,"The document does not contain wild hallucinations, though it adds standard boilerplate about payroll, social security, and tax authorities that were not explicitly in the scenario."
30,IOL1223,ask,legal_correctness,3,"Citing § 26 BDSG is correct for German employee data, but it fails to mention the underlying GDPR Art. 6 legal bases. Additionally, classifying IT infrastructure as 'data sources' is technically incorrect in data protection terminology."
30,IOL1223,ask,overall,2,"Due to the complete omission of the parking lot processing and the failure to specify actual categories of personal data, this document is too incomplete to serve as a valid ROPA for the given scenario."
30,IOL1223,ask,scenario_faithfulness,2,"The document completely ignores the parking lot authorization and license plate processing, which is a key part of the scenario. It also awkwardly lists the internal servers and MS Office as 'data sources' rather than processing environments."
31,IOL1223,form,completeness,3,"The document covers most Article 30 requirements such as controller details, purposes, data categories, recipients, and TOMs. However, it completely omits the parking authorisation purpose and its associated data."
31,IOL1223,form,hallucination_inverse,2,"The document invents numerous data categories (financial, applicant, qualifications), external recipients (banks, authorities), and specifies 'Office 365' which implies cloud usage contrary to the scenario's internal hosting constraint."
31,IOL1223,form,legal_correctness,3,"The citation of Art. 6(1)(b) GDPR and § 26 BDSG for employment data is correct. However, it misses the legal basis for the omitted parking authorisation (typically legitimate interest) and confusingly lists health data while simultaneously claiming it is not processed."
31,IOL1223,form,overall,2,"Although it looks like a professional ROPA, it misses a core part of the scenario (parking), hallucinates extensive unmentioned data processing, and contradicts the explicit constraints on retention and sick days."
31,IOL1223,form,scenario_faithfulness,2,"It fails to include the parking authorisation and license plates. Furthermore, it contradicts the scenario by listing 'Krankheitstage' as processed data and altering the strict 3-month deletion rule."
32,thg1620,ask,completeness,1,"The document only includes controller and DPO information. It explicitly omits all other mandatory Art. 30 GDPR elements such as purposes, data categories, recipients, retention periods, and TOMs."
32,thg1620,ask,hallucination_inverse,4,"The document mostly avoids inventing false information by explicitly stating that no data is available for the empty sections. However, it did invent a specific postal code (89073) for the Ulm address."
32,thg1620,ask,legal_correctness,1,"No legal bases are provided, and the document fails to meet the basic requirements of an Art. 30 record. While the headings use correct terminology, the legal substance is entirely absent."
32,thg1620,ask,overall,1,"This document is entirely inadequate as a ROPA record. It functions merely as a blank template with the controller's contact details filled in, missing all substantive processing information."
32,thg1620,ask,scenario_faithfulness,1,"The document completely ignores the provided scenario facts regarding the processing activities, retention period (3 months), and specific TOMs. It only uses the company name and contact details."
34,thg1620,form,completeness,5,"The document comprehensively covers all required elements under Article 30(1) GDPR, including controller details, DPO, purposes, data categories, recipients, retention periods, and TOMs."
34,thg1620,form,hallucination_inverse,2,"The text invents numerous external recipients, cloud-based data sources, and specific retention periods (6 years, 2 years) that directly contradict the provided scenario facts."
34,thg1620,form,legal_correctness,4,"The document correctly identifies appropriate legal bases (Art. 6(1)(b), (c), (f) GDPR and § 26 BDSG) and uses GDPR terminology accurately throughout."
34,thg1620,form,overall,2,"Although structurally sound and legally plausible as a generic template, the document's blatant disregard for the scenario's specific technical constraints and retention periods makes it a poor record for this specific case."
34,thg1620,form,scenario_faithfulness,2,"The document completely ignores the scenario's strict 3-month deletion rule and incorrectly includes external cloud services (e.g., Office 365, external HR software) despite the scenario explicitly stating 'no external cloud'."
35,IOL1223,chat,completeness,2,"The document explicitly fails to define categories of data subjects, personal data, and recipients, which are mandatory elements under Art. 30 GDPR. It does, however, include controller information, retention periods, and TOMs."
35,IOL1223,chat,hallucination_inverse,3,"The document invents 'personnel development' as a purpose and 'Microsoft Office 365' as a source, but otherwise avoids major fabrications by simply stating elements are undefined."
35,IOL1223,chat,legal_correctness,2,"While it correctly cites Art. 6(1)(b) GDPR and § 26 BDSG for employment data, stating that data subjects and data categories are 'not defined' is a fundamental misunderstanding of a ROPA's legal requirements."
35,IOL1223,chat,overall,2,"The explicit omission of mandatory Art. 30 elements (data categories, subjects, recipients) makes this document legally invalid as a ROPA. It also fails to capture the specific processing activities described in the scenario."
35,IOL1223,chat,scenario_faithfulness,2,"It completely misses the working hours, vacation, and parking authorization aspects of the scenario. Furthermore, it incorrectly lists 'Microsoft Office 365' as a data source, contradicting the scenario's strict 'internally hosted' constraint."
36,IOL1223,chat,completeness,2,"The document includes controller info, purposes, retention, and TOMs, but explicitly fails to define categories of data subjects, personal data, and recipients, which are mandatory under Art. 30 GDPR."
36,IOL1223,chat,hallucination_inverse,3,"The document invents 'personnel development' as a purpose and 'Microsoft Office 365' as a source, but otherwise avoids massive fabrications, mostly suffering from omissions."
36,IOL1223,chat,legal_correctness,2,"While it correctly cites Art. 6(1)(b) GDPR and § 26 BDSG for employment, explicitly stating that a ROPA has no defined data categories or subjects renders it legally invalid under Art. 30."
36,IOL1223,chat,overall,2,"A ROPA that explicitly states it has no data categories, data subjects, or recipients is fundamentally flawed and useless for compliance purposes, despite having good formatting and TOMs."
36,IOL1223,chat,scenario_faithfulness,2,"It completely misses the parking authorization, working hours, and vacation tracking. Furthermore, it incorrectly lists 'Microsoft Office 365' despite the scenario specifying internally hosted Office without external cloud."
37,NAN277,chat,completeness,5,"The document successfully covers all mandatory elements required by Article 30(1) GDPR, including controller and DPO details, purposes, data categories, recipients, retention periods, and TOMs."
37,NAN277,chat,hallucination_inverse,1,"The text invents numerous data categories (including religion, tax IDs, and explicitly excluded health data), fabricated retention schedules, and cloud usage that directly violate the scenario's constraints."
37,NAN277,chat,legal_correctness,4,"GDPR terminology is used correctly and the structure is sound. However, relying solely on Art. 6(1)(b) for all processing, including parking authorization, is slightly imprecise as legitimate interest (f) might be more appropriate for the latter."
37,NAN277,chat,overall,2,"While structurally complete and legally coherent as a generic template, the document's severe deviations and hallucinations regarding the specific scenario facts make it a poor record for this exact processing activity."
37,NAN277,chat,scenario_faithfulness,1,"The document directly contradicts the scenario by including cloud backups (scenario explicitly states no external cloud), processing sick days (explicitly excluded), and applying retention periods of up to 10 years instead of the specified 3 months."
38,NAN277,ask,completeness,4,"The document includes almost all mandatory Article 30 elements, such as controller details, purposes, data categories, recipients, retention periods, and TOMs. However, the legal basis lacks specific GDPR article citations."
38,NAN277,ask,hallucination_inverse,1,"The text is heavily hallucinated, inventing a wrong phone number, financial and health data categories, cloud usage, and retention periods that explicitly violate the prompt's constraints."
38,NAN277,ask,legal_correctness,2,It mentions 'Vertragserfüllung' without citing Art. 6(1)(b) and incorrectly includes special category data (health data) without providing an Article 9 condition.
38,NAN277,ask,overall,2,"Despite a solid structural foundation, the document fails as a record for this specific scenario because it relies on generic HR boilerplate that completely ignores and contradicts the provided facts."
38,NAN277,ask,scenario_faithfulness,1,"The document directly contradicts the scenario by including health data, external cloud services (Azure/Office 365), and complex retention periods instead of the specified 3-month deletion rule."
39,EII0925,ask,completeness,3,"The document includes most required Art. 30 elements, but critically fails to list the core categories of personal data (e.g., names, working hours, vacation data), mentioning only vehicle license plates."
39,EII0925,ask,hallucination_inverse,3,The document invents payroll processing ('Gehaltsabrechnung') and specific legal obligations (HGB/AO) that were not mentioned in the provided scenario.
39,EII0925,ask,legal_correctness,4,"The legal bases are correctly identified and cited (Art. 6(1)(b), (c), (f) GDPR and § 26 BDSG), though applying them to hallucinated purposes like payroll slightly detracts from the score."
39,EII0925,ask,overall,3,"An adequate draft with a good structure and correct legal citations, but it requires significant revision to include the actual employee data categories and remove hallucinated payroll activities."
39,EII0925,ask,scenario_faithfulness,3,"While it correctly includes the company details, TOMs, and retention period, it misclassifies the internal IT systems (MS Office) as 'data sources' and completely omits the scenario's core employee data categories."
40,AHR0531,chat,completeness,2,"The document includes controller details, purposes, and TOMs, but explicitly leaves categories of data subjects, personal data, and recipients empty due to an apparent tool error. This makes it fundamentally incomplete as a ROPA."
40,AHR0531,chat,hallucination_inverse,2,"The document invents numerous specific TOMs (AES-256, georedundant backups, 4-hour recovery) and statutory retention exceptions (HGB/AO) that contradict the scenario's strict 3-month deletion rule."
40,AHR0531,chat,legal_correctness,3,"It cites appropriate legal bases for employment data (Art. 6(1)(b) GDPR, § 26 BDSG). However, a ROPA that claims to process no personal data while managing employees is legally contradictory and invalid."
40,AHR0531,chat,overall,2,"Despite good formatting and some correct scenario details, the explicit denial of processing any data categories or data subjects makes this document unusable as a valid Article 30 record."
40,AHR0531,chat,scenario_faithfulness,2,"While it correctly identifies the controller and purposes, it contradicts the scenario by claiming no personal data or data subjects are processed. It also introduces 'Office 365', violating the strict 'no external cloud' constraint."
41,AHR0531,form,completeness,5,"The document successfully covers all required elements under Article 30(1) GDPR, including controller and DPO details, purposes, data categories, recipients, retention periods, and TOMs."
41,AHR0531,form,hallucination_inverse,2,"The author invented external cloud providers, specific data sources, and large corporate departments (e.g., Legal and Compliance, Logistics) that are highly unrealistic for a 50-person company."
41,AHR0531,form,legal_correctness,4,"GDPR terminology is used correctly, and Art. 6(1)(b) alongside § 26 BDSG are appropriate for employee administration, though parking authorization might be better justified under legitimate interest (Art. 6(1)(f))."
41,AHR0531,form,overall,3,"While structurally complete and legally plausible, the document's inclusion of external cloud providers and hallucinated corporate departments significantly undermines its utility for this specific scenario."
41,AHR0531,form,scenario_faithfulness,2,"The document directly contradicts the scenario by listing 'Microsoft Office 365' and 'Cloud-Anbieter', despite explicit instructions that the company uses internally hosted servers and no external cloud."
42,EII0925,chat,completeness,2,"The document explicitly omits mandatory Article 30(1) elements, stating that categories of data subjects, personal data, and recipients are 'not specified'."
42,EII0925,chat,hallucination_inverse,2,"The document invents several TOMs (encryption, logging, incident plan), adds payroll to the purposes, and incorrectly introduces 'Office 365' instead of the specified internally hosted Office."
42,EII0925,chat,legal_correctness,3,"Appropriate legal bases are correctly cited, but the explicit omission of mandatory Article 30 elements renders the record legally non-compliant as a ROPA."
42,EII0925,chat,overall,2,"While the structure and legal bases are adequate, the explicit refusal to list data subjects and data categories makes this document fundamentally flawed and unusable as a real Article 30 record."
42,EII0925,chat,scenario_faithfulness,3,"It captures the controller details, retention period, and parking scenario well, but ignores the scenario's clear implications for data subjects (employees) and data categories, and misrepresents the internally hosted Office."
43,AHR0531,ask,completeness,5,"The document includes all mandatory elements under Article 30(1) GDPR, including controller details, purposes, data categories, recipients, retention periods, and TOMs. It also includes legal bases, which is a recommended best practice."
43,AHR0531,ask,hallucination_inverse,3,"The author invented data categories like salary data and social security numbers, as well as payroll purposes, which were not part of the provided scenario. A specific zip code for Ulm was also added externally."
43,AHR0531,ask,legal_correctness,5,"The document correctly identifies the relevant legal bases, including Art. 6(1)(b), (c), (f) GDPR and § 26 BDSG. The terminology used for roles and processing activities is legally sound."
43,AHR0531,ask,overall,4,"This is a solid, well-structured ROPA document that meets GDPR requirements and applies the correct legal bases. Its main flaw is the inclusion of hallucinated payroll data instead of the scenario's focus on time and absence management."
43,AHR0531,ask,scenario_faithfulness,4,"It accurately reflects the company details, IT infrastructure, parking authorization, and the 3-month retention period. However, it misses the specific mention of working hours and vacation management, replacing them with generic payroll purposes."
44,EII0925,form,completeness,5,"The document comprehensively covers all required elements under Article 30(1) GDPR, including controller and DPO details, purposes, data categories, recipients, retention periods, and TOMs."
44,EII0925,form,hallucination_inverse,1,"The text invents numerous details not present in the scenario, such as financial and health data, external parking operators, tax authorities, video surveillance, and fabricated retention periods."
44,EII0925,form,legal_correctness,4,"GDPR terminology is used correctly, and the cited legal bases (Art. 6(1)(b), (c), (f) GDPR and § 26 BDSG) are appropriate for employment and parking management contexts."
44,EII0925,form,overall,2,"Although structurally complete and legally coherent as a generic HR template, it fails entirely as a record for this specific scenario due to massive hallucinations and direct contradictions of the provided facts."
44,EII0925,form,scenario_faithfulness,1,"The document directly contradicts the scenario by including sickness days (explicitly excluded), stating retention periods of up to 10 years (instead of 3 months), and implying external cloud use with 'Office 365'."
46,MIN0453,form,completeness,5,"The document successfully covers all required elements under Art. 30(1) GDPR, including controller and DPO details, purposes, legal bases, data categories, recipients, retention periods, and TOMs."
46,MIN0453,form,hallucination_inverse,1,"The text contains severe hallucinations, inventing numerous data categories (including explicitly forbidden medical data), external recipients (including forbidden cloud providers), and internal departments not mentioned in the prompt."
46,MIN0453,form,legal_correctness,3,"The document correctly cites Art. 6(1)(b) and (c) GDPR alongside § 26 BDSG for employment data. However, it fails to identify Art. 6(1)(f) (legitimate interest) for the parking authorization and somewhat conflates legal obligations with processing purposes."
46,MIN0453,form,overall,2,"While structurally complete and legally plausible as a generic HR template, the blatant disregard for specific scenario constraints (no cloud, no health data) makes this ROPA highly inaccurate and unusable for this specific case."
46,MIN0453,form,scenario_faithfulness,2,"The document directly contradicts the scenario by including health/sickness data and external cloud providers, both of which were explicitly excluded in the prompt. It also misses several specific TOMs mentioned in the scenario."
47,MIN0453,chat,completeness,5,"The document comprehensively covers all required elements under Art. 30(1) GDPR, including controller details, DPO, purposes, data categories, recipients, retention periods, and TOMs."
47,MIN0453,chat,hallucination_inverse,2,"The document invents numerous data categories (financial, legal, qualifications) and TOMs (encryption, logging) that were not provided in the scenario text."
47,MIN0453,chat,legal_correctness,5,"Legal terminology is used correctly throughout, and the citation of legal bases (Art. 6(1)(b), (c), (f) GDPR and § 26 BDSG) is highly accurate for a German employment context."
47,MIN0453,chat,overall,3,"While structurally complete and legally sound, the document's inclusion of explicitly excluded health data and numerous hallucinated details significantly reduces its practical utility for this specific scenario without major edits."
47,MIN0453,chat,scenario_faithfulness,2,"The document directly contradicts the scenario by including health data and sick days, which were explicitly stated as not required. It also mischaracterises the internally hosted MS Office as 'Office 365', which implies cloud hosting."
48,ENB1054,form,completeness,5,"The document successfully covers all mandatory Article 30(1) elements, including controller and DPO details, purposes, data categories, recipients, retention periods, and TOMs."
48,ENB1054,form,hallucination_inverse,1,"The document invents numerous facts not in the scenario, including cloud hosting providers, external parking operators, biometric/location data, and 10-year/3-year retention periods."
48,ENB1054,form,legal_correctness,3,"Standard legal bases like Art. 6(1)(b) GDPR and § 26 BDSG are correctly applied. However, suggesting § 26 BDSG for biometric data without addressing Article 9 GDPR requirements is legally imprecise."
48,ENB1054,form,overall,2,"While structurally complete and professional, the severe hallucinations and direct contradictions of the scenario's technical and retention constraints make it a poor record for this specific case."
48,ENB1054,form,scenario_faithfulness,2,"It directly contradicts the scenario by including external cloud providers and 10-year retention periods, ignoring the strict 'no external cloud' and '3-month deletion' constraints."
49,MIN0453,ask,completeness,5,"The document comprehensively covers all required elements under Art. 30(1) GDPR, including controller and DPO details, purposes, data categories, recipients, retention periods, and TOMs."
49,MIN0453,ask,hallucination_inverse,2,"The author invented numerous facts not present in the scenario, such as external recipients (tax authorities, security firms), health data processing, and complex retention schedules."
49,MIN0453,ask,legal_correctness,5,"Legal terminology is used accurately, and the cited legal bases (Art. 6(1)(b) for employment, Art. 6(1)(f) for parking, and § 26 BDSG) are perfectly appropriate for the context."
49,MIN0453,ask,overall,3,"While structurally excellent and legally sound as a general template, the document requires significant editing to remove hallucinations and align with the strict constraints of this specific scenario."
49,MIN0453,ask,scenario_faithfulness,2,"The document explicitly violates scenario constraints by including health/sickness data, mentioning cloud backups, and listing retention periods far exceeding the strict 3-month limit."
50,ENB1054,ask,completeness,5,"The document comprehensively covers all elements required by Article 30(1) GDPR, including controller details, purposes, data categories, recipients, retention periods, and TOMs."
50,ENB1054,ask,hallucination_inverse,2,"The document invents several facts not present in the scenario, most notably external cloud usage, third-party recipients like tax consultants, and complex retention schedules that violate the scenario's strict 3-month deletion rule."
50,ENB1054,ask,legal_correctness,4,"Legal bases are cited correctly, including Art. 6(1)(b), (c), (f) GDPR and § 26 BDSG. However, claiming a DPIA is required for employee parking license plates is legally exaggerated."
50,ENB1054,ask,overall,3,"While structurally excellent and legally sound as a general template, its direct contradictions of the scenario's specific IT infrastructure and retention constraints limit its immediate usefulness."
50,ENB1054,ask,scenario_faithfulness,2,The document directly contradicts the scenario by including external cloud providers (Microsoft 365) and listing various long-term retention periods instead of the specified maximum of 3 months.
51,NOL0906,ask,completeness,5,"The document successfully covers all mandatory elements required by Article 30(1) GDPR, including controller and DPO details, purposes, data categories, recipients, retention periods, and TOMs."
51,NOL0906,ask,hallucination_inverse,1,"The text contains severe hallucinations, inventing financial data, health data, numerous external cloud processors (e.g., SAP, Google Mail), and generic retention periods that directly contradict the prompt."
51,NOL0906,ask,legal_correctness,4,"The document correctly identifies appropriate legal bases (Art. 6(1)(b), (c), and (f) GDPR) for the processing activities and uses standard data protection terminology accurately."
51,NOL0906,ask,overall,2,"Despite a good structure and correct legal reasoning, the document fails as a record for this specific scenario because it documents a completely different processing reality with false data categories and cloud processors."
51,NOL0906,ask,scenario_faithfulness,1,"The document completely ignores crucial scenario constraints, falsely including external cloud services, health data, and incorrect retention periods instead of the specified internal servers, no medical data, and 3-month deletion rule."
52,ENB1054,chat,completeness,5,"The document comprehensively covers all required elements under Article 30(1) GDPR, including controller and DPO details, purposes, data categories, recipients, retention periods, and TOMs."
52,ENB1054,chat,hallucination_inverse,3,"The text invents several elements not present in the scenario, such as hashing license plates, data encryption, and statutory retention exceptions (HGB/AO) that contradict the prompt's absolute deletion rule."
52,ENB1054,chat,legal_correctness,4,"Legal bases are generally well-chosen, but classifying § 26 BDSG under Article 6(1)(c) is technically inaccurate, and the text confuses anonymisation with pseudonymisation."
52,ENB1054,chat,overall,4,"A highly structured and mostly accurate ROPA document that serves its purpose well, despite minor legal inaccuracies and a few unprompted additions."
52,ENB1054,chat,scenario_faithfulness,4,"It accurately reflects most scenario specifics, including the internal hosting and lack of health data, but dilutes the strict 3-month deletion rule by introducing generic statutory retention exceptions."
53,ATN238,form,completeness,5,"The document comprehensively covers all mandatory elements required by Article 30(1) GDPR, including controller and DPO details, purposes, data categories, recipients, retention periods, and TOMs."
53,ATN238,form,hallucination_inverse,1,"The document hallucinates extensively, inventing external HR software, cloud providers, a SIEM system, and a 6-year retention period that directly contradict the provided facts."
53,ATN238,form,legal_correctness,3,"The legal bases for employment data (Art. 6(1)(b) GDPR, § 26 BDSG) are correctly cited. However, referencing Art. 28 GDPR for external processors is legally inappropriate here since the scenario explicitly excludes external hosting."
53,ATN238,form,overall,2,"Although the document looks professional and structurally fulfills Article 30 requirements, its severe hallucinations and failure to adhere to the specific scenario facts make it unusable as an accurate record for this case."
53,ATN238,form,scenario_faithfulness,1,"The document completely ignores key scenario constraints, explicitly mentioning external cloud providers and a 6-year retention period despite the scenario strictly specifying 'no external cloud' and a 3-month deletion rule."
54,YÜI1752,form,completeness,5,"The document comprehensively covers all required elements under Article 30(1) GDPR, including controller and DPO details, purposes, data categories, recipients, retention periods, and TOMs."
54,YÜI1752,form,hallucination_inverse,1,"The document is heavily hallucinated, inventing external cloud software (SAP, Datev), health data processing, external recipients, and 10-year retention periods that directly contradict the 3-month rule in the scenario."
54,YÜI1752,form,legal_correctness,4,"GDPR terminology and legal bases are used correctly, including appropriate citations of Art. 6(1)(b), (c), and (f), as well as § 26 BDSG, though it unnecessarily cites Art. 9 for health data that shouldn't be there."
54,YÜI1752,form,overall,2,"While structurally complete and legally coherent as a generic HR template, it is practically useless for this specific scenario due to massive hallucinations and the omission of the parking lot processing."
54,YÜI1752,form,scenario_faithfulness,1,"The document completely ignores key scenario constraints: it misses the parking lot authorisation entirely and directly contradicts the scenario by including cloud providers, health data, and long retention periods."
55,OAZ2611,chat,completeness,5,"The document comprehensively covers all mandatory elements under Article 30(1) GDPR, including controller and DPO details, purposes, data categories, recipients, retention periods, and TOMs."
55,OAZ2611,chat,hallucination_inverse,4,"There are almost no invented facts, but referring to 'Microsoft Office 365' slightly contradicts the scenario's strict 'no external cloud' rule. Additionally, IT systems are mistakenly listed as data sources."
55,OAZ2611,chat,legal_correctness,5,"Legal bases are correctly identified and applied (Art. 6(1)(b), (c), and (f)). GDPR terminology is used appropriately, and the roles of Controller and DPO are correctly assigned."
55,OAZ2611,chat,overall,5,"This is an excellent, highly usable ROPA document. It accurately reflects the provided scenario while fully meeting GDPR Article 30 requirements."
55,OAZ2611,chat,scenario_faithfulness,5,"It accurately incorporates all specific scenario details, such as the internal hosting restriction, the exact 3-month retention period, the exclusion of medical data, and the parking authorisation mechanism."
56,Jer1205,form,completeness,5,"The document comprehensively covers all required elements under Article 30(1) GDPR, including controller and DPO details, purposes, data categories, recipients, retention periods, and technical/organisational measures."
56,Jer1205,form,hallucination_inverse,2,"The author invented several external cloud HR tools, complex retention schedules (3 and 10 years), and extensive technical measures (e.g., penetration tests, TLS 1.3) that were not part of the provided facts."
56,Jer1205,form,legal_correctness,4,"The legal bases are correctly identified and applied, appropriately citing Art. 6(1)(b) GDPR and § 26 BDSG for employment data, and Art. 6(1)(f) for parking management. Terminology is used accurately throughout."
56,Jer1205,form,overall,3,"While structurally excellent and legally sound, the document's failure to respect the scenario's strict constraints on cloud usage and retention periods significantly reduces its accuracy for this specific case."
56,Jer1205,form,scenario_faithfulness,2,"The document directly contradicts the scenario by listing cloud-based software (Office 365, SAP, Personio) despite the strict 'no external cloud' rule. It also completely ignores the scenario's explicit 3-month deletion deadline in favour of standard statutory retention periods."
57,OAZ2611,ask,completeness,1,"The document explicitly states that almost all required Art. 30 GDPR elements, including purposes, data categories, retention periods, and TOMs, are missing."
57,OAZ2611,ask,hallucination_inverse,4,"The document does not invent processing details, but it does add an unprompted postal code (89073) for Ulm while otherwise just stating that information is missing."
57,OAZ2611,ask,legal_correctness,2,"While it correctly identifies the controller and DPO roles, it completely fails to provide any legal bases or apply GDPR concepts to the actual processing activities."
57,OAZ2611,ask,overall,1,The document is entirely useless as a ROPA record because it omits almost all required information despite it being clearly provided in the scenario.
57,OAZ2611,ask,scenario_faithfulness,1,"It completely ignores the provided scenario facts regarding processing activities, the 3-month retention period, and specific technical measures, falsely claiming they are not specified."
58,OAZ2611,form,completeness,5,"The document comprehensively covers all required elements under Article 30(1) GDPR, including controller and DPO details, purposes, data categories, recipients, retention periods, and TOMs."
58,OAZ2611,form,hallucination_inverse,2,"The document invents several facts not present in the scenario, most notably the contradictory retention periods and highly advanced TOMs like biometrics, IDS/IPS, and penetration tests."
58,OAZ2611,form,legal_correctness,3,"While GDPR terminology is used correctly, the scattergun approach to legal bases—especially including consent (Art. 6(1)(a)) for standard employment processing—is legally problematic due to the power imbalance."
58,OAZ2611,form,overall,3,"Although structurally sound and complete as a ROPA, its practical usefulness is undermined by the direct contradiction regarding retention periods, hallucinated security measures, and questionable legal bases."
58,OAZ2611,form,scenario_faithfulness,2,"It fails to adhere to the scenario's strict 3-month deletion rule by stating 3-year and 6-month retention periods in section 5, and mentions Office 365 which strongly implies cloud hosting despite the scenario specifying internal servers."
59,PVV2109,ask,completeness,4,"The document structurally includes all required elements under Article 30(1) GDPR, such as controller identity, purposes, data categories, recipients, retention periods, and TOMs."
59,PVV2109,ask,hallucination_inverse,1,"The document is entirely hallucinated, featuring an invented company, wrong processing purposes, incorrect data subjects, external cloud providers, and a 10-year retention period instead of the specified 3 months."
59,PVV2109,ask,legal_correctness,3,"The document uses correct GDPR terminology and cites valid legal bases (Art. 6(1)(b), (c), (f)), but applies them to a completely irrelevant context."
59,PVV2109,ask,overall,1,"Although structurally complete as a ROPA, the document is completely useless for the given scenario as it describes an entirely different company and processing activity."
59,PVV2109,ask,scenario_faithfulness,1,The document completely ignores the provided scenario. It describes a customer management process for an invented 'APFEL AG' instead of employee and parking management for 'APOR GmbH'.
60,PVV2109,form,completeness,5,"The document successfully includes all mandatory elements required by Article 30(1) GDPR, such as controller details, purposes, data categories, recipients, retention periods, and TOMs."
60,PVV2109,form,hallucination_inverse,1,"The text is entirely fabricated, inventing the company name (OPENAI), address, health data processing, cloud providers, and retention periods (6-10 years instead of 3 months)."
60,PVV2109,form,legal_correctness,3,"While the cited GDPR articles and national laws (BDSG, HGB, AO) are standard for HR processing, they are applied to hallucinated processing activities and miss the specific legal basis for parking."
60,PVV2109,form,overall,1,"Despite having a complete structural template, the document is completely useless as a record for this specific scenario due to its total disregard for the provided facts and massive hallucinations."
60,PVV2109,form,scenario_faithfulness,1,"The document completely ignores the provided scenario, omitting the parking authorization and falsely including external cloud usage, medical data, and incorrect company details."
61,NIL1922,form,completeness,3,"The document includes all required Article 30 headings, but fails to populate the TOMs section with the provided information, falsely claiming none were given."
61,NIL1922,form,hallucination_inverse,2,"Contains numerous invented data categories (including financial and health data), data sources (HR software, Office 365), and data subjects (recruitment agencies) not present in the scenario."
61,NIL1922,form,legal_correctness,3,"Uses correct GDPR terminology and correctly identifies the controller and DPO, though it fails to definitively assign a legal basis, leaving it as a generic placeholder."
61,NIL1922,form,overall,2,"While structurally sound, the document's failure to use provided facts (like TOMs) and its inclusion of explicitly excluded data (health data) make it a poor record for this specific scenario."
61,NIL1922,form,scenario_faithfulness,2,"It ignores the provided TOMs, includes health data despite explicit instructions to the contrary, and lists Office 365 instead of internally hosted servers."
62,NIL1922,ask,completeness,5,"The document comprehensively covers all mandatory elements required by Article 30(1) GDPR, including controller and DPO details, purposes, data categories, recipients, retention periods, and TOMs."
62,NIL1922,ask,hallucination_inverse,3,"Contains several invented details not present in the scenario, such as specific data sources (HR-Software, Intranet), extra data categories (personnel number), and additional TOMs (encryption, logging)."
62,NIL1922,ask,legal_correctness,5,"Demonstrates excellent legal understanding by correctly citing Art. 6(1)(b) GDPR and § 26 BDSG for employee data, and Art. 6(1)(f) GDPR for the parking lot authorization."
62,NIL1922,ask,overall,4,"A highly professional and legally sound ROPA draft that fulfills GDPR requirements perfectly, though it slightly oversteps by inventing technical systems and extra TOMs instead of strictly using the provided facts."
62,NIL1922,ask,scenario_faithfulness,4,"It accurately reflects the company details, processing purposes, and the 3-month retention period. However, it misses the specific mention of internally hosted MS Office and internal servers, substituting them with generic software categories."
63,PVV2109,chat,completeness,1,"The document is essentially an empty template, explicitly stating that no information is available for legal bases, data categories, data subjects, recipients, retention periods, and TOMs."
63,PVV2109,chat,hallucination_inverse,1,"The document invents a completely different company name ('Microhard'), address, phone number, and introduces unsupported processing purposes like video surveillance."
63,PVV2109,chat,legal_correctness,1,"No legal bases are cited, and the document fails to fulfill the basic requirements of an Article 30 record by leaving almost all mandatory sections blank."
63,PVV2109,chat,overall,1,"This document is entirely useless as a ROPA record for the given scenario, as it consists of hallucinated controller details and empty placeholders for all critical GDPR requirements."
63,PVV2109,chat,scenario_faithfulness,1,"The document completely ignores the provided scenario facts, failing to mention the correct company name, address, specific processing activities, retention period, or the provided TOMs."
64,NIL1922,chat,completeness,1,"The document explicitly omits mandatory Article 30 elements such as categories of personal data, recipients, and technical/organisational measures (TOMs), stating no information is available."
64,NIL1922,chat,hallucination_inverse,4,"The document largely avoids inventing false information by simply stating that details are unavailable, though it does add an unprompted postal code for Ulm."
64,NIL1922,chat,legal_correctness,2,"While basic GDPR terminology is used correctly, it fails to identify any legal bases for processing and contradicts itself regarding retention periods."
64,NIL1922,chat,overall,1,"This document is practically useless as a ROPA because it acts as an unfilled template, ignoring the provided scenario facts for mandatory GDPR fields."
64,NIL1922,chat,scenario_faithfulness,1,"It completely ignores the scenario's explicit details regarding TOMs (access controls, backups) and specific data categories (license plates), falsely claiming this information is missing."
65,aea2442,ask,completeness,4,"The document covers almost all Article 30(1) requirements, including controller details, DPO, purposes, data categories, recipients, retention, and TOMs. However, the legal basis section is incomplete."
65,aea2442,ask,hallucination_inverse,5,"The document strictly adheres to the provided scenario without inventing unsupported facts, third-party processors, or incorrect data categories."
65,aea2442,ask,legal_correctness,2,"The legal basis section is highly inadequate, failing to specify the exact articles (e.g., Art. 6(1)(b) or (f)) and completely omitting the legal basis for the core employee management processing."
65,aea2442,ask,overall,3,"While it is a faithful and mostly complete draft regarding Article 30 requirements, the vague and missing legal bases require significant revision before it can be used as a compliant ROPA."
65,aea2442,ask,scenario_faithfulness,5,"It accurately reflects all specific facts from the scenario, including the internal hosting, 3-month retention period, and parking authorization details."
66,NLL0820,form,completeness,5,"The document successfully covers all mandatory elements required by Article 30(1) GDPR, including controller and DPO details, purposes, data categories, recipients, retention periods, and TOMs."
66,NLL0820,form,hallucination_inverse,1,"The document invents numerous details not present in the scenario, such as Office 365, cloud providers, health databases, SIEM systems, and driver's license data. It scores very poorly due to these extensive and contradictory hallucinations."
66,NLL0820,form,legal_correctness,4,"The legal bases cited are generally appropriate for employee data (Art. 6(1)(b) and (c) GDPR, § 26 BDSG), and terminology is used correctly. However, it misses Art. 6(1)(f) as the appropriate basis for the parking lot authorization."
66,NLL0820,form,overall,2,"Although structurally complete and legally plausible, the document's severe hallucinations and direct contradictions of the provided facts make it an inaccurate and unreliable record for this specific scenario."
66,NLL0820,form,scenario_faithfulness,2,"The document directly contradicts the scenario by including cloud providers and health data, despite explicit instructions that these are not involved. It also replaces the scenario's specific TOMs with generic, highly advanced boilerplate."
67,aea2442,form,completeness,5,"The document successfully covers all mandatory elements under Art. 30(1) GDPR, including controller and DPO details, purposes, data categories, recipients, retention periods, and TOMs."
67,aea2442,form,hallucination_inverse,3,The document invents the processing of sick days (directly contradicting the prompt) and adds unmentioned purposes like social security notifications and O365 as a data source.
67,aea2442,form,legal_correctness,4,"The legal bases are generally appropriate (Art. 6(1)(b), (c) GDPR, § 26 BDSG), though it misses a specific basis like Art. 6(1)(f) for the parking authorization."
67,aea2442,form,overall,3,"While structurally sound and legally plausible as a ROPA, the inclusion of explicitly excluded data categories (sick days) and implied cloud services reduces its utility without revisions."
67,aea2442,form,scenario_faithfulness,3,"It fails to follow the negative constraints of the scenario by explicitly including 'Krankheitstage' (sick days) and referencing 'Office 365', which implies cloud usage contrary to the 'internally hosted' instruction."
68,aea2442,chat,completeness,3,Covers most Article 30 requirements but explicitly omits the legal basis and fails to list the vehicle license plate under data categories.
68,aea2442,chat,hallucination_inverse,3,"Introduces 'Office 365', a specific postal code, and several technical measures (like encryption and logging) that were not part of the provided scenario."
68,aea2442,chat,legal_correctness,2,"Fails to identify the correct legal bases (e.g., Art. 6(1)(b) or (f)), instead leaving a placeholder note, which demonstrates poor legal application."
68,aea2442,chat,overall,3,"An adequately structured draft, but it requires significant corrections regarding the legal bases, the removal of cloud services, and the addition of missing data categories."
68,aea2442,chat,scenario_faithfulness,3,Captures the core scenario but contradicts the 'no external cloud' instruction by listing 'Office 365' and misses the license plate detail for parking.
69,IHB1316,form,completeness,5,"The document includes all mandatory elements required by Article 30(1) GDPR, including controller and DPO details, purposes, legal bases, data categories, recipients, retention periods, and TOMs."
69,IHB1316,form,hallucination_inverse,2,"The document invents a 3-year retention period, contradicting the scenario. It also hallucinates numerous enterprise-level TOMs (e.g., penetration tests, intrusion detection, VPNs) and internal departments not mentioned for a 50-person company."
69,IHB1316,form,legal_correctness,4,"Legal terminology and GDPR articles are cited correctly. Relying on consent (Art. 6(1)(a)) for parking in an employment context is debatable due to power imbalances, but citing § 26 BDSG and Art. 6(1)(b) for HR data is accurate."
69,IHB1316,form,overall,3,"While structurally excellent and legally sound as a generic template, its failure to adopt the scenario's specific retention period and its heavy reliance on hallucinated boilerplate limit its practical usefulness for this specific case."
69,IHB1316,form,scenario_faithfulness,2,"The document completely ignores the scenario's explicit 3-month deletion rule, replacing it with a 3-year period. It also includes generic boilerplate about enterprise systems and cloud providers that contradicts the scenario's specific constraints."
70,IHB1316,form,completeness,5,"The document comprehensively covers all mandatory elements required by Article 30(1) GDPR, including controller and DPO details, purposes, data categories, recipients, retention periods, and technical/organisational measures."
70,IHB1316,form,hallucination_inverse,2,"The document invents a 3-year retention period and adds numerous technical measures (VPN, TLS 1.3, annual pentests) not mentioned in the text. It also hallucinates large corporate structures like 'Legal and Compliance' departments, which are unrealistic for a 50-person company."
70,IHB1316,form,legal_correctness,3,"While generally using correct terminology, relying on consent (Art. 6(1)(a)) for employee parking is legally problematic due to the inherent power imbalance in employment relationships. It also awkwardly categorises § 26 BDSG under 'legal obligation' rather than treating it as the primary basis for employment data."
70,IHB1316,form,overall,3,"Structurally, it is a complete and well-formatted ROPA draft that covers all necessary bases. However, its usefulness is significantly diminished by the direct contradiction of the scenario's retention period and the legally questionable use of employee consent."
70,IHB1316,form,scenario_faithfulness,2,The document explicitly contradicts the scenario by stating a 3-year retention period instead of the required 3 months. It also includes generic boilerplate about cloud providers despite the scenario explicitly stating no external cloud is used.
71,IHB1316,ask,completeness,2,"The document includes controller details, purposes, and TOMs, but explicitly omits mandatory elements like categories of personal data and legal bases."
71,IHB1316,ask,hallucination_inverse,3,The document invents a specific zip code (89073) and incorrectly hallucinates the retention trigger as 'collection or use' rather than the scenario's 'employee departure'.
71,IHB1316,ask,legal_correctness,1,Stating that no specific categories of personal data are processed and that no legal basis exists for employee management is legally absurd and invalidates the ROPA.
71,IHB1316,ask,overall,1,"Because it explicitly fails to identify data categories and legal bases, and gets the retention period wrong, this document is practically useless as an Article 30 record."
71,IHB1316,ask,scenario_faithfulness,2,It captures the company details and IT setup but completely misstates the retention period (3 months after collection instead of departure) and misses the license plate detail.
72,IHB53,chat,completeness,2,"The document explicitly omits mandatory Article 30 elements such as categories of data subjects and recipients, falsely claiming no information was provided."
72,IHB53,chat,hallucination_inverse,3,"It invents a 2-year retention exception that directly contradicts the scenario's strict 3-month deletion rule, and adds several unmentioned technical and organisational measures."
72,IHB53,chat,legal_correctness,2,"The document completely fails to identify any legal bases (e.g., Art. 6(1)(b) or (f)) and demonstrates poor legal reasoning by not deducing data subjects from the context."
72,IHB53,chat,overall,2,"While neatly formatted, the explicit failure to identify data subjects, recipients, and legal bases, combined with contradictions to the scenario's constraints, makes this an inadequate ROPA."
72,IHB53,chat,scenario_faithfulness,3,"It captures basic company details and purposes but fails to recognize employees as data subjects and incorrectly lists Office 365, violating the 'no external cloud' constraint."
73,DAB1519,chat,completeness,1,"Although the document contains the required headings, it explicitly states that no data categories, data subjects, or retention periods are processed or defined, failing to fulfill Art. 30 requirements."
73,DAB1519,chat,hallucination_inverse,2,"The document hallucinates specific technical measures (e.g., AES-256, TLS 1.3, intrusion detection systems) and a zip code not provided in the scenario."
73,DAB1519,chat,legal_correctness,1,The document fails to identify any legal basis for processing and incorrectly asserts that no personal data or data subjects are involved in an employee management scenario.
73,DAB1519,chat,overall,1,"The document is entirely useless as a ROPA, as it uses a broken negative structure that denies processing any data or having any retention periods, directly contradicting the provided facts."
73,DAB1519,chat,scenario_faithfulness,1,"The document completely ignores the scenario's details regarding employee data, parking authorizations, internal servers, and the 3-month retention period, bizarrely stating instead that no such data is processed."
74,IIV2704,form,completeness,5,"The document comprehensively covers all required elements of Art. 30(1) GDPR, including controller/DPO details, purposes, legal bases, data categories, recipients, retention periods, and TOMs."
74,IIV2704,form,hallucination_inverse,2,"The author invented numerous data categories (financial, health, ID documents), external recipients (banks, tax authorities), and retention periods (3 and 6 years) not present in the scenario."
74,IIV2704,form,legal_correctness,5,"Legal terminology is used correctly, and the cited legal bases (Art. 6(1)(b) GDPR, Art. 6(1)(f) GDPR, and § 26 BDSG) are highly appropriate for the described processing activities."
74,IIV2704,form,overall,3,"While structurally excellent and legally sound as a generic HR ROPA, it loses significant value by ignoring specific scenario constraints and hallucinating standard HR practices instead."
74,IIV2704,form,scenario_faithfulness,2,The document directly contradicts the scenario by including sickness/health data and applying the 3-month deletion rule only to parking data rather than all stored information.
75,DAB1519,ask,completeness,1,"The document explicitly omits almost all required Art. 30 elements, including purposes, data categories, recipients, retention periods, and TOMs, stating no information is available."
75,DAB1519,ask,hallucination_inverse,4,"It mostly avoids inventing facts by simply stating information is missing, though it does hallucinate a specific postal code (89073) for Ulm."
75,DAB1519,ask,legal_correctness,2,"While it uses correct terminology for the headings, it fails to identify any legal bases or apply GDPR concepts to the actual processing activities."
75,DAB1519,ask,overall,1,"The document is entirely useless as a ROPA because it contains no information about the processing activities, completely failing the task."
75,DAB1519,ask,scenario_faithfulness,1,"It completely ignores the provided scenario facts regarding employee management, parking authorization, IT infrastructure, retention, and TOMs."
76,SAP2842,ask,completeness,5,"The document comprehensively covers all required elements under Article 30(1) GDPR, including controller and DPO details, purposes, legal bases, data categories, recipients, retention periods, and TOMs."
76,SAP2842,ask,hallucination_inverse,1,"The text invents numerous details not in the scenario, including financial data, applicants, external IT providers, cloud backups, and complex retention schedules."
76,SAP2842,ask,legal_correctness,3,"Legal bases are mostly cited correctly, but it incorrectly classifies a tax consultant as a processor under Art. 28 GDPR and uses non-standard terms like 'Dateninhaber'."
76,SAP2842,ask,overall,2,"Despite being structurally complete, the heavy reliance on generic boilerplate leads to severe contradictions with the specific scenario constraints, making it a poor record for this specific case."
76,SAP2842,ask,scenario_faithfulness,2,"The document directly contradicts the scenario by including external cloud backups, external HR software, disability data, and retention periods far exceeding the specified 3 months."
77,ANN1112,chat,completeness,4,"The document covers most Article 30 requirements, including controller details, DPO, purposes, data categories, retention periods, and TOMs, though recipient categories are somewhat vague."
77,ANN1112,chat,hallucination_inverse,1,"The document heavily hallucinates by inventing numerous data categories (financial, health, skills) and adding external backup locations, directly violating the scenario's explicit constraints."
77,ANN1112,chat,legal_correctness,3,"While citing § 26 BDSG is appropriate for German employment contexts, the document completely fails to mention the foundational Article 6 GDPR legal bases required for processing."
77,ANN1112,chat,overall,2,"Although well-structured, the inclusion of explicitly forbidden health data and external storage elements makes this ROPA factually incorrect and unusable for the given scenario."
77,ANN1112,chat,scenario_faithfulness,2,"The document directly contradicts the scenario by including sick days and health data, which were explicitly excluded, and by mentioning 'Office 365' and external backups despite the 'no external cloud' constraint."
78,ANN1112,form,completeness,5,"The document comprehensively covers all mandatory elements required by Article 30(1) GDPR, including controller and DPO details, purposes, data categories, recipients, retention periods, and TOMs."
78,ANN1112,form,hallucination_inverse,1,"The text invents numerous details not present in the scenario, such as specific encryption standards (AES-256), biometric access controls, external cloud providers, and extensive financial and health data categories."
78,ANN1112,form,legal_correctness,4,"The legal bases cited (Art. 6(1)(b), (c) GDPR and § 26 BDSG) are appropriate for employment contexts, and GDPR terminology is used correctly, though parking authorization might better fit legitimate interest (Art. 6(1)(f))."
78,ANN1112,form,overall,2,"While structurally complete and legally sound as a generic HR template, it fails as a record for this specific scenario due to severe hallucinations and direct contradictions of the provided facts."
78,ANN1112,form,scenario_faithfulness,1,"The document directly contradicts the scenario by including health data (sick days), external cloud providers, and retention periods of up to 10 years, completely ignoring the scenario's strict constraints."
79,ANN1112,ask,completeness,5,"The document comprehensively covers all required elements under Article 30(1) GDPR, including controller and DPO details, purposes, data categories, recipients, retention periods, and TOMs."
79,ANN1112,ask,hallucination_inverse,2,"The document invents external recipients (tax advisors, banks, external parking providers), extra TOMs like video surveillance, and retention exceptions that directly contradict the scenario's facts."
79,ANN1112,ask,legal_correctness,5,"Legal bases are cited correctly and appropriately for the employment context (Art. 6(1)(b), (c), (f) GDPR and § 26 BDSG). GDPR terminology is used accurately throughout."
79,ANN1112,ask,overall,3,"Although legally sound and well-structured, the document's usefulness is diminished by its inclusion of invented external recipients and retention periods that contradict the provided scenario constraints."
79,ANN1112,ask,scenario_faithfulness,3,"While it correctly includes specific details like internal hosting and the exclusion of medical data, it fails to adhere to the scenario's strict 3-month deletion rule by introducing standard legal exceptions."
80,AEB2451,form,completeness,5,"The document comprehensively covers all mandatory elements required by Article 30(1) GDPR, including controller and DPO details, purposes, data categories, recipients, retention periods, and TOMs."
80,AEB2451,form,hallucination_inverse,1,"The text invents a massive amount of unsupported information, including financial data, biometric data, video surveillance, external recipients like banks and authorities, and specific technical standards like AES-256 and SIEM."
80,AEB2451,form,legal_correctness,3,"While Art. 6(1)(b) GDPR and Section 26 BDSG are correctly cited for employment data, it incorrectly lists Section 2 BDSG as a legal basis and fails to cite Art. 9 GDPR for the health and biometric data it included."
80,AEB2451,form,overall,2,"Although the document is well-structured and complete from a formal GDPR perspective, its severe hallucinations and direct contradictions of the scenario's facts make it highly inaccurate for this specific processing activity."
80,AEB2451,form,scenario_faithfulness,1,The document explicitly contradicts the scenario's constraints by including sickness/health data and defining retention periods of 6 to 10 years instead of the specified maximum of 3 months.
81,AEB2451,ask,completeness,5,"The document comprehensively covers all required elements under Art. 30(1) GDPR, including controller and DPO details, purposes, data categories, recipients, retention periods, and TOMs."
81,AEB2451,ask,hallucination_inverse,2,"The author invented numerous external recipients (tax advisors, authorities, IT service providers), cloud systems, and complex retention schedules that directly contradict the provided facts."
81,AEB2451,ask,legal_correctness,4,"The legal bases cited (Art. 6(1)(b), Art. 6(1)(f) GDPR, and § 26 BDSG) are appropriate for employment and parking data. GDPR terminology is generally used correctly throughout the document."
81,AEB2451,ask,overall,2,"Although structurally complete and legally plausible for a generic company, the document fails to accurately reflect the specific, constrained scenario provided, particularly regarding retention and cloud usage."
81,AEB2451,ask,scenario_faithfulness,2,"The document blatantly ignores the scenario's strict rule that all data is deleted within 3 months, instead applying standard statutory retention periods. It also contradicts the 'no external cloud' rule by mentioning cloud systems under external recipients."
82,AEB2451,chat,completeness,5,"The document comprehensively covers all required elements under Article 30(1) GDPR, including controller and DPO details, purposes, data categories, recipients, retention periods, and TOMs."
82,AEB2451,chat,hallucination_inverse,3,"The document invents several details not present in the scenario, such as specific data categories (bank details), a zip code, and additional TOMs like TLS encryption."
82,AEB2451,chat,legal_correctness,5,"Legal bases are cited correctly and appropriately for the context (Art. 6(1)(b), (c), (f) GDPR and § 26 BDSG), and GDPR terminology is used accurately throughout."
82,AEB2451,chat,overall,4,"Despite some minor hallucinations and slight deviations from the scenario's constraints regarding cloud usage and sick days, this is a well-structured, highly complete, and legally sound ROPA document."
82,AEB2451,chat,scenario_faithfulness,3,"While mostly accurate, the document contradicts the scenario by including sick days (which were explicitly excluded) and listing 'Office 365', which implies cloud hosting contrary to the 'no external cloud' constraint."
83,LHL1942,chat,completeness,1,"Although the document includes the necessary headings, it explicitly states that no information is available for purposes, data categories, recipients, retention periods, and TOMs, completely failing Article 30 requirements."
83,LHL1942,chat,hallucination_inverse,4,"The document does not invent false processing activities or third parties, though it does invent a specific postal code (89073) and falsely claims that no scenario information was provided."
83,LHL1942,chat,legal_correctness,1,"The document fails to identify any legal basis for the processing, explicitly stating that none apply, which is legally incorrect for an employee management scenario."
83,LHL1942,chat,overall,1,"The document is entirely useless as a ROPA record, as it functions as an empty template that explicitly denies the existence of the processing activities clearly outlined in the scenario."
83,LHL1942,chat,scenario_faithfulness,1,"The document completely ignores the provided scenario facts regarding employee management, parking authorization, IT infrastructure, the 3-month retention period, and specific TOMs, falsely claiming no information was provided."
84,aal1412,chat,completeness,2,"While the document includes headings for most Art. 30 requirements, it explicitly fails to specify categories of data subjects and recipients, rendering it incomplete."
84,aal1412,chat,hallucination_inverse,1,"The entire document is a hallucination, featuring a made-up company, incorrect processing purposes, invented retention periods, and an imaginary DPO."
84,aal1412,chat,legal_correctness,1,"The document incorrectly identifies the organization as a processor (Art. 28) while simultaneously citing controller-specific legal bases (Art. 6), showing a fundamental misunderstanding of GDPR roles."
84,aal1412,chat,overall,1,"The document is entirely disconnected from the provided scenario and legally confused, making it completely useless as a ROPA record for this specific case."
84,aal1412,chat,scenario_faithfulness,1,"The document completely ignores the provided scenario, describing a customer management process for a fictitious company instead of employee and parking management for APOR GmbH."
85,CTL2527,form,completeness,5,"The document comprehensively covers all mandatory elements required by Article 30(1) GDPR, including controller and DPO details, purposes, data categories, recipients, retention periods, and TOMs."
85,CTL2527,form,hallucination_inverse,1,"The document is heavily hallucinated, inventing extensive financial and health data categories, external recipients like tax authorities and banks, and highly specific TOMs (e.g., SIEM, biometrics) not mentioned in the scenario."
85,CTL2527,form,legal_correctness,4,"Legal bases are generally cited correctly for an HR context, though relying on § 26 BDSG for parking authorization is less appropriate than using Art. 6(1)(f) GDPR for legitimate interest."
85,CTL2527,form,overall,2,"While structurally complete and legally plausible as a generic HR template, the document's massive inclusion of hallucinated boilerplate and direct contradictions of the scenario's constraints make it a poor record for this specific case."
85,CTL2527,form,scenario_faithfulness,2,"The document directly contradicts the scenario by including sickness/health data and extending retention periods to 6-10 years, ignoring the explicit instructions that no medical data is processed and all data is deleted within 3 months."
86,CTL2527,ask,completeness,5,"The document comprehensively covers all required elements under Art. 30(1) GDPR, including controller details, purposes, data categories, recipients, retention periods, and TOMs."
86,CTL2527,ask,hallucination_inverse,1,"The text invents numerous unsupported facts, including external HR software, external recipients (tax advisors, health insurance), health data processing, and complex retention schedules that violate the scenario's constraints."
86,CTL2527,ask,legal_correctness,4,"Legal bases are correctly identified (Art. 6(1)(b), (c), (f)) with appropriate national law references, and the document correctly notes the limitations of consent in an employment context."
86,CTL2527,ask,overall,2,"While structurally excellent and legally sound in a vacuum, the document fails as a record for this specific scenario due to massive hallucinations and direct contradictions of the provided constraints."
86,CTL2527,ask,scenario_faithfulness,2,"The document directly contradicts the scenario by including health data, suggesting external cloud hosting (SAP, Personio, external parking providers), and listing retention periods far exceeding the specified 3 months."
87,CTL2527,chat,completeness,2,"The document covers controller details, purposes, data categories, and TOMs, but explicitly leaves categories of data subjects, recipients, and legal bases blank with placeholders."
87,CTL2527,chat,hallucination_inverse,1,"The document invents a massive amount of unsupported information, including data categories (e.g., Schufa, religion), data sources (HR software), and extended retention periods (6/10 years)."
87,CTL2527,chat,legal_correctness,2,"While the controller and DPO roles are correctly assigned, the document completely fails to provide any legal bases for processing, which is a significant omission."
87,CTL2527,chat,overall,2,"Due to missing mandatory Article 30 elements like data subjects and recipients, combined with severe hallucinations that contradict the scenario, this document is a poor draft."
87,CTL2527,chat,scenario_faithfulness,2,"It violates scenario constraints by listing 'Office 365' (cloud), including 'Krankheitstage' despite the exclusion of medical data, and altering the strict 3-month deletion rule."
88,VAG2434,form,completeness,5,"The document includes all mandatory elements required by Article 30(1) GDPR, such as controller and DPO details, purposes, data categories, recipients, retention periods, and TOMs."
88,VAG2434,form,hallucination_inverse,1,"The document is filled with invented facts that contradict the scenario, including external cloud processors, payroll software, 6- to 10-year retention periods, and extensive health and financial data categories."
88,VAG2434,form,legal_correctness,3,"It correctly cites Art. 6(1)(b) GDPR and § 26 BDSG for employment data, but misses the legal basis for the parking lot and includes irrelevant legal bases for hallucinated processing activities."
88,VAG2434,form,overall,2,"While structurally complete and resembling a professional ROPA, it fails entirely as a record for this specific scenario due to massive hallucinations and direct contradictions of the provided facts."
88,VAG2434,form,scenario_faithfulness,1,"The document completely ignores the parking lot authorization, includes prohibited health/sickness data, mentions cloud storage despite the 'no external cloud' rule, and ignores the strict 3-month retention limit."
89,VAG2434,chat,completeness,4,"The document covers almost all elements required by Article 30 GDPR, including controller and DPO details, purposes, data categories, recipients, retention, and TOMs."
89,VAG2434,chat,hallucination_inverse,2,"The document invents numerous data categories (e.g., financial data, image material) and TOMs (e.g., bi-annual reviews) that are not supported by the scenario."
89,VAG2434,chat,legal_correctness,3,"Correctly cites § 26 BDSG for the employment context, but fails to mention the foundational Article 6 GDPR legal bases required for a complete assessment."
89,VAG2434,chat,overall,2,"While structurally resembling a ROPA, it relies too heavily on generic HR boilerplate and fails to document the specific processing activities and constraints of the given scenario."
89,VAG2434,chat,scenario_faithfulness,2,"It completely misses the parking lot authorisation and the specific 3-month deletion deadline, while also ignoring the internal hosting details."
90,VAG2434,ask,completeness,1,"The document explicitly fails to list categories of personal data, recipients, specific retention periods, and actual legal bases, citing tool input errors."
90,VAG2434,ask,hallucination_inverse,2,"The document includes bizarre meta-text about tool inputs, invents 'Interim-Mitarbeiter', and suggests external processors (AVV) despite the scenario specifying internal hosting only."
90,VAG2434,ask,legal_correctness,2,"While it uses some correct GDPR terminology, it completely fails to cite any valid legal basis under Article 6, vaguely referring to an internal directive."
90,VAG2434,ask,overall,1,"The document is practically useless as a ROPA due to missing essential information, tool-related generation errors, and a complete failure to address the specific scenario."
90,VAG2434,ask,scenario_faithfulness,1,"It completely ignores the scenario's core processing activities (time tracking, vacation, parking) and the specific 3-month retention period."
91,KIR2546,form,completeness,5,"The document successfully covers all required elements under Article 30(1) GDPR, including controller identity, DPO, purposes, data categories, recipients, retention periods, and TOMs."
91,KIR2546,form,hallucination_inverse,1,"The document is heavily hallucinated, inventing a fake DPO (Albert Einstein), fake contact details, external cloud processors (Personio, SAP), and retention periods that directly contradict the prompt."
91,KIR2546,form,legal_correctness,3,"While it cites standard GDPR and BDSG articles relevant to employment data, it provides a generic dump of legal bases without mapping them to specific purposes and applies them to hallucinated processing activities."
91,KIR2546,form,overall,1,"Despite its professional appearance and structural completeness, the document is entirely useless as a ROPA for this specific scenario due to massive hallucinations and a complete failure to reflect the provided facts."
91,KIR2546,form,scenario_faithfulness,1,"The document completely ignores the scenario's specific constraints. It misses the parking authorization, includes explicitly excluded medical data, relies on external clouds instead of internal servers, and ignores the 3-month deletion rule."
92,UOR0445,ask,completeness,4,"The document covers almost all required Article 30 elements, including purposes, data categories, recipients, retention, and TOMs, but lacks specific GDPR article citations for the legal basis."
92,UOR0445,ask,hallucination_inverse,4,"There are minor hallucinations, specifically inventing the name 'Markus Thielker' for the DPO and adding a specific postal code (89075) not provided in the scenario."
92,UOR0445,ask,legal_correctness,2,"The document fails to cite specific GDPR articles (e.g., Art. 6(1)(b) or Art. 6(1)(f)) for the legal basis, relying instead on a generic prose description of contractual duties."
92,UOR0445,ask,overall,3,"While structurally sound and highly faithful to the scenario's technical and organizational details, the failure to cite actual GDPR articles for the legal basis significantly weakens its utility as a formal ROPA."
92,UOR0445,ask,scenario_faithfulness,4,"It accurately reflects the company details, internal hosting constraints, 3-month retention, and parking scenario, but incorrectly names the representative/DPO as 'Markus Thielker' instead of 'A.I.'."
93,UOR0445,form,completeness,5,"The document comprehensively covers all mandatory elements under Article 30(1) GDPR, including controller and DPO details, purposes, data categories, recipients, retention periods, and TOMs."
93,UOR0445,form,hallucination_inverse,3,The document invents a new name ('Markus Thielker') for the DPO/Representative and introduces unmentioned software systems like 'HR-Software' and 'Office 365'.
93,UOR0445,form,legal_correctness,4,"Correctly identifies relevant GDPR articles (b, c, f) and uses proper terminology, though listing consent (a) is generally discouraged in employment contexts and the legal bases are not mapped to specific purposes."
93,UOR0445,form,overall,4,"A well-structured and largely compliant ROPA document that fulfills Article 30 requirements, though slightly marred by hallucinated personnel names and extra software systems."
93,UOR0445,form,scenario_faithfulness,3,"It accurately captures the processing purposes, retention period, and TOMs, but fails to use the provided name (A. I.) for the representative and DPO, substituting it with an incorrect name."
94,UOR0445,chat,completeness,5,"The document comprehensively covers all mandatory elements under Article 30(1) GDPR, including controller details, purposes, data categories, recipients, retention periods, and TOMs."
94,UOR0445,chat,hallucination_inverse,3,"The author invented a specific DPO name ('Markus Thielker'), an unspecified HR software system, and a zip code that were not provided in the scenario."
94,UOR0445,chat,legal_correctness,4,"The document correctly uses GDPR terminology and appropriately cites German employment law (§ 26 BDSG). However, it lacks a specific legal basis like Art. 6(1)(f) for the parking authorization."
94,UOR0445,chat,overall,4,This is a well-structured and highly usable ROPA document that fulfills Article 30 requirements effectively. Its only notable flaws are the minor hallucinations regarding the DPO name and software specifics.
94,UOR0445,chat,scenario_faithfulness,3,"While it captures most facts accurately, it fails by naming 'Markus Thielker' instead of 'A.I.' as the DPO and referencing 'Office 365', which contradicts the strict 'no external cloud' instruction."
95,ARN2026,ask,completeness,5,"The document comprehensively covers all required elements under Art. 30(1) GDPR, including controller and DPO details, purposes, data categories, recipients, retention periods, and TOMs."
95,ARN2026,ask,hallucination_inverse,2,"The document invents several facts not present in the scenario, such as financial data, applicants, and external recipients like tax authorities and external payroll processors."
95,ARN2026,ask,legal_correctness,4,"The legal bases are cited correctly, including Art. 6(1)(b), (c), (f) GDPR and § 26 BDSG for the employment context. However, it applies these to some data categories that shouldn't be processed."
95,ARN2026,ask,overall,3,"While structurally complete and legally well-formulated, the document's inclusion of explicitly forbidden health data and invented external recipients significantly reduces its utility for this specific scenario."
95,ARN2026,ask,scenario_faithfulness,2,"The document directly contradicts the scenario by including health and sickness data, which were explicitly excluded. It also ignores the strict 3-month deletion rule by adding legal exceptions."
96,EHJ2314,form,completeness,5,"The document successfully covers all mandatory elements required by Article 30(1) GDPR, including controller and DPO details, purposes, data categories, recipients, retention periods, and TOMs."
96,EHJ2314,form,hallucination_inverse,1,"The text invents numerous facts not present in the scenario, including external HR software, Office 365 cloud usage, sickness days, and statutory retention periods of 3 to 6 years."
96,EHJ2314,form,legal_correctness,3,"It correctly identifies relevant legal bases for employment data (Art. 6(1)(b) GDPR, § 26 BDSG), but misses legitimate interest for parking and incorrectly cites Art. 30(1)(g) as a basis for logging."
96,EHJ2314,form,overall,2,"Although structurally sound and comprehensive, the document's blatant disregard for the scenario's specific constraints (no cloud, no medical data, 3-month retention) makes it highly inaccurate for this specific processing activity."
96,EHJ2314,form,scenario_faithfulness,1,"The document directly contradicts the scenario by including cloud providers, sickness data, and multi-year retention periods, all of which were explicitly excluded or defined otherwise in the prompt."
97,EHJ2314,ask,completeness,4,"The document covers almost all mandatory Art. 30(1) GDPR elements, including controller/DPO details, purposes, data categories, recipients, retention periods, and TOMs, though it misses the parking purpose."
97,EHJ2314,ask,hallucination_inverse,1,"The document is filled with invented facts that directly contradict the scenario, such as the use of Google Workspace/external clouds, processing of sick days, external tax consultants, and multi-year retention periods."
97,EHJ2314,ask,legal_correctness,3,"It correctly cites Art. 6(1)(b), (c) and § 26 BDSG for general HR processing. However, it fails to provide an Art. 9 condition for the health data it incorrectly claims to process."
97,EHJ2314,ask,overall,2,"While structurally sound and complete as a generic HR ROPA, it is practically useless for this specific scenario due to massive hallucinations and direct contradictions of the provided facts."
97,EHJ2314,ask,scenario_faithfulness,1,"The document completely fails to reflect the scenario's specifics. It ignores the parking authorization, includes explicitly excluded health data and cloud services, and ignores the strict 3-month retention rule."
98,ARN2026,chat,completeness,3,"The document covers most Article 30 requirements, including purposes, retention, and TOMs. However, it fails significantly on categories of personal data by bizarrely claiming only license plates are processed despite describing comprehensive HR management."
98,ARN2026,chat,hallucination_inverse,2,"The document invents several details that contradict the prompt, such as Office 365, cloud backups, and the processing of sick days. It also hallucinates specific TOMs like 12-character passwords and annual training not mentioned in the scenario."
98,ARN2026,chat,legal_correctness,3,"While it correctly cites § 26 BDSG for employment data, it omits the foundational Article 6 GDPR legal bases. Furthermore, claiming no other personal data besides license plates is processed for HR purposes is logically and legally flawed."
98,ARN2026,chat,overall,2,"Despite a good structure, the document is severely compromised by direct contradictions of the scenario (cloud usage, sick days) and a glaring omission in the categories of personal data. It would require significant revision to be usable."
98,ARN2026,chat,scenario_faithfulness,2,The document directly contradicts the scenario by including cloud backups and Office 365 (scenario explicitly states no external cloud) and mentioning sick days (scenario explicitly excludes medical/sickness data).
99,ARN2026,form,completeness,5,"The document comprehensively covers all mandatory elements required by Article 30(1) GDPR, including controller and DPO details, purposes, data categories, recipients, retention periods, and TOMs."
99,ARN2026,form,hallucination_inverse,1,"The text invents numerous unsupported facts, including financial data, health data, external cloud software, third-party recipients (banks, tax authorities), and extended 10-year retention periods."
99,ARN2026,form,legal_correctness,4,"The cited legal bases (Art. 6(1)(b), (c), (f) GDPR and § 26 BDSG) are correct for employment contexts, though citing tax laws overcomplicates the specific processing described."
99,ARN2026,form,overall,2,"While structurally complete and legally plausible as a generic HR template, the inclusion of explicitly forbidden elements (cloud usage, medical data) makes it a poor record for this specific scenario."
99,ARN2026,form,scenario_faithfulness,2,"The document directly contradicts the scenario by including external cloud providers and health/sickness data, which were explicitly excluded in the prompt."
100,EHJ2314,chat,completeness,1,"Although the document includes headings for the required Article 30 elements, it explicitly states that purposes, data categories, data subjects, recipients, retention periods, and TOMs are undefined or missing."
100,EHJ2314,chat,hallucination_inverse,2,"While it avoids inventing external processors or false data categories, it directly contradicts the scenario by claiming no personal data is processed and invents a postal code (89073) not provided in the text."
100,EHJ2314,chat,legal_correctness,1,"No legal bases are cited, and the document fails to apply any GDPR concepts to the processing activities since it omits the processing details entirely."
100,EHJ2314,chat,overall,1,"This document is entirely useless as a ROPA record because it fails to document any of the processing activities described in the scenario, acting merely as an empty template."
100,EHJ2314,chat,scenario_faithfulness,1,"The document completely ignores the provided scenario facts regarding employee management, parking authorization, retention periods, and TOMs, falsely claiming that no information is available."
101,ALB0226,chat,completeness,1,"The document fails to include purposes, legal bases, data categories, data subjects, recipients, retention periods, and TOMs, explicitly stating they are missing."
101,ALB0226,chat,hallucination_inverse,2,"The document hallucinates the name 'Elias Berisha' for the representative and DPO instead of 'A.I.', and falsely claims no information was provided."
101,ALB0226,chat,legal_correctness,2,"While it cites some GDPR articles correctly, it fails to provide any legal basis or fulfill the substantive requirements of Article 30."
101,ALB0226,chat,overall,1,"This document is entirely useless as a ROPA, as it acts as a blank template that failed to incorporate almost any of the provided scenario facts."
101,ALB0226,chat,scenario_faithfulness,1,"The document completely ignores the rich details provided in the scenario regarding processing activities, IT infrastructure, retention periods, and TOMs."
102,NAB0152,chat,completeness,4,"The document covers almost all Article 30(1) requirements, including controller/DPO details, purposes, data categories, recipients, retention, and TOMs. It only lacks an explicit statement regarding the absence of third-country data transfers."
102,NAB0152,chat,hallucination_inverse,3,"The document invents several external recipients (social security, tax advisors, external parking management systems) and specific data categories (tax ID, bank details) that were not mentioned in the scenario."
102,NAB0152,chat,legal_correctness,5,"The legal bases cited (Art. 6(1)(b) and (f) GDPR, § 26 BDSG) are perfectly chosen for employment administration and parking management. GDPR terminology and roles are used correctly throughout."
102,NAB0152,chat,overall,4,"Overall, this is a well-structured and legally sound ROPA document. Its main flaws are the hallucination of external recipients and the omission of the internal hosting constraint, but it remains highly usable."
102,NAB0152,chat,scenario_faithfulness,3,"It accurately captures the parking authorisation and the 3-month deletion rule. However, it completely omits the crucial scenario detail that all processing occurs on internally hosted MS Office and internal servers without external clouds."
103,NAB0152,ask,completeness,1,"The document fails to include almost all required elements of Art. 30 GDPR, explicitly stating that purposes, data categories, recipients, retention periods, and TOMs are missing."
103,NAB0152,ask,hallucination_inverse,3,"While it avoids inventing elaborate false details like third-party processors, it hallucinates a zip code (89073) and falsely claims no data is processed despite the scenario stating otherwise."
103,NAB0152,ask,legal_correctness,1,"The document fails to identify any legal basis and incorrectly states that no personal data is processed, rendering it legally void as a meaningful ROPA."
103,NAB0152,ask,overall,1,"The document is entirely useless as a ROPA, acting merely as an empty shell that explicitly refuses to document the provided processing activities."
103,NAB0152,ask,scenario_faithfulness,1,"It completely ignores the provided scenario facts regarding employee management, parking authorization, the 3-month retention period, and the specific TOMs."
104,AMR2620,form,completeness,5,"The document comprehensively covers all mandatory elements under Article 30(1) GDPR, including controller and DPO details, purposes, data categories, recipients, retention periods, and TOMs."
104,AMR2620,form,hallucination_inverse,4,"There are minor invented details, such as listing extensive internal departments (unlikely for a 50-person company) and external authorities, but no major contradictions to the scenario."
104,AMR2620,form,legal_correctness,4,"The legal bases cited (Art. 6(1)(b) GDPR and § 26 BDSG) are appropriate for employment data, though it misses Art. 6(1)(c) for statutory obligations and Art. 6(1)(f) for the parking lot. The Controller/DPO role combination is a legal conflict of interest, but was explicitly dictated by the scenario."
104,AMR2620,form,overall,4,"This is a highly useful, well-structured ROPA document that meets GDPR requirements and closely follows the provided scenario, with only minor embellishments."
104,AMR2620,form,scenario_faithfulness,5,"It accurately reflects the specific constraints of the scenario, explicitly mentioning the 3-month deletion period, internal hosting without external cloud, and parking authorization via license plate."
105,AMR2620,chat,completeness,2,"The document explicitly leaves mandatory Article 30(1) elements blank, such as categories of data subjects and recipients. It also fails to provide a legal basis, leaving a placeholder instead."
105,AMR2620,chat,hallucination_inverse,3,"The document invents technical measures like encryption and logging, and incorrectly introduces Office 365 and external backups which contradict the internal-only scenario."
105,AMR2620,chat,legal_correctness,2,"While GDPR terminology and roles are used correctly, the document completely fails to identify any legal bases for processing, which is a significant omission."
105,AMR2620,chat,overall,2,"This is an incomplete draft that leaves mandatory Article 30 fields blank and introduces technical contradictions regarding cloud storage, making it inadequate for real-world use."
105,AMR2620,chat,scenario_faithfulness,3,"It captures core scenario facts like the 3-month retention and parking authorisation, but contradicts the 'no external cloud' constraint by mentioning external backups and Office 365."
106,AMR2620,chat,completeness,2,"The document explicitly leaves mandatory Article 30(1) elements blank, such as categories of data subjects and recipients, despite the scenario clearly implying them."
106,AMR2620,chat,hallucination_inverse,3,"The document invents 'Microsoft Office 365' and 'externally stored' backups, which contradicts the scenario's strict 'no external cloud' constraint."
106,AMR2620,chat,legal_correctness,3,"GDPR terminology and roles are used correctly, but the document fails to identify any legal bases (e.g., Art. 6(1)(b) or (f)) despite the clear employment context."
106,AMR2620,chat,overall,2,"An inadequate ROPA document that leaves mandatory fields blank and introduces technical contradictions regarding cloud usage, requiring significant manual revision."
106,AMR2620,chat,scenario_faithfulness,3,"It captures the controller details, purposes, and retention period well, but fails to identify employees as data subjects and misrepresents the internal MS Office as 'Office 365'."
107,AMR2620,chat,completeness,4,"The document covers almost all Article 30 requirements, including purposes, data categories, retention, and TOMs, though it leaves recipient categories explicitly blank."
107,AMR2620,chat,hallucination_inverse,2,"Contains several invented facts that contradict the scenario, such as 'Office 365', 'externally stored backups' (violating the no-cloud rule), and added legal retention exceptions."
107,AMR2620,chat,legal_correctness,4,"Appropriately cites Art. 6(1)(b), 6(1)(c) GDPR, and § 26 BDSG for employment data, though it misses Art. 6(1)(f) which is typically used for ancillary benefits like parking."
107,AMR2620,chat,overall,3,"While structurally sound and legally plausible as a generic ROPA, the inclusion of boilerplate text leads to hallucinations that directly contradict the specific technical and retention constraints of the scenario."
107,AMR2620,chat,scenario_faithfulness,3,"It captures the core scenario well but fails to adhere to the strict constraints, such as the absolute 3-month deletion rule and the 'no external cloud' requirement."
108,AMR2620,ask,completeness,5,"The document comprehensively covers all required elements under Article 30(1) GDPR, including controller details, DPO, purposes, data categories, recipients, retention periods, and TOMs."
108,AMR2620,ask,hallucination_inverse,3,"The document invents several elements not present in the scenario, such as financial data, applicants, external recipients (tax advisors, external IT), and statutory retention periods that override the strict 3-month deletion rule."
108,AMR2620,ask,legal_correctness,5,"Legal bases are cited correctly and appropriately, including Art. 6(1)(b) and § 26 BDSG for employment data, and Art. 6(1)(f) for the parking lot management."
108,AMR2620,ask,overall,4,"Overall, this is a highly professional and legally sound ROPA document. It loses a point only because it hallucinates standard HR data categories and recipients beyond the strict confines of the provided scenario."
108,AMR2620,ask,scenario_faithfulness,4,"It accurately reflects the specific scenario details such as the internally hosted servers, the 3-month deletion rule, and the parking authorisation, but includes some unprompted additions."
109,UAB0821,ask,completeness,5,"The document comprehensively covers all required elements under Article 30(1) GDPR, including controller details, purposes, data categories, recipients, retention periods, and TOMs."
109,UAB0821,ask,hallucination_inverse,2,"The document invents numerous details not present in the scenario, such as financial data, external recipients (tax advisors, authorities), specific software ('TimeTrack'), and complex retention schedules."
109,UAB0821,ask,legal_correctness,4,"Legal bases and GDPR terminology are generally used correctly. However, classifying a tax advisor as a processor under Art. 28 GDPR is a common legal misconception, as they are typically independent controllers."
109,UAB0821,ask,overall,3,"While structurally excellent and highly detailed, the document relies too heavily on generic HR templates, leading to significant hallucinations and deviations from the specific scenario constraints."
109,UAB0821,ask,scenario_faithfulness,2,The document directly contradicts the scenario by including sick days ('Krankheitstagen') and ignoring the strict rule that all data is deleted at the latest 3 months after departure.
110,UAB0821,form,completeness,5,"The document comprehensively covers all mandatory elements required by Article 30(1) GDPR, including controller and DPO details, purposes, data categories, recipients, retention periods, and TOMs."
110,UAB0821,form,hallucination_inverse,1,"The text is heavily hallucinated, inventing external cloud providers, third-country transfers, 10-year retention periods, and medical data processing that explicitly contradict the provided facts."
110,UAB0821,form,legal_correctness,3,"Standard HR legal bases like Art. 6(1)(b) and § 26 BDSG are correctly cited. However, citing Art. 9 for explicitly excluded health data and SCCs for non-existent cloud transfers detracts from its legal accuracy."
110,UAB0821,form,overall,2,"Although structurally complete as a generic HR template, its blatant disregard for the scenario's specific facts and constraints makes it highly inaccurate and unusable for this specific processing activity."
110,UAB0821,form,scenario_faithfulness,1,"The document completely ignores the scenario's specific constraints by including cloud hosting, health data, and long retention periods, while entirely omitting the parking authorisation."
111,UAB0821,chat,completeness,5,"The document includes all mandatory elements under Article 30(1) GDPR, including controller and DPO details, purposes, data categories, recipients, retention periods, and technical/organisational measures."
111,UAB0821,chat,hallucination_inverse,4,"There are minor invented details, such as specifying 'Office 365' (which technically contradicts the internal hosting constraint) and adding specific TOMs like encryption and training not mentioned in the prompt."
111,UAB0821,chat,legal_correctness,5,"Legal bases are cited correctly and appropriately for the German employment context, including Art. 6(1)(b), (c), (f) GDPR and § 26 BDSG."
111,UAB0821,chat,overall,5,"This is an excellent, highly usable ROPA document that strictly adheres to the scenario while fulfilling all GDPR requirements in a structured manner."
111,UAB0821,chat,scenario_faithfulness,5,"It accurately reflects all scenario specifics, including the internal hosting constraint, the exact 3-month retention period, the lack of medical data, and the parking authorization via license plates."
112,DLZ2800,form,completeness,5,"The document comprehensively covers all mandatory elements under Article 30(1) GDPR, including controller and DPO details, purposes, data categories, recipients, retention periods, and TOMs."
112,DLZ2800,form,hallucination_inverse,1,"The text is heavily hallucinated, inventing health data processing, external cloud usage (e.g., SAP SuccessFactors), external recipients, and retention periods that directly contradict the provided facts."
112,DLZ2800,form,legal_correctness,4,"The legal bases cited (Art. 6(1)(b) and (c) GDPR, § 26 BDSG) are appropriate for general HR processing, though it misses a specific basis like legitimate interest (Art. 6(1)(f)) for the parking authorization."
112,DLZ2800,form,overall,2,"While structurally complete and legally plausible for a generic company, the severe hallucinations and failure to adhere to the specific scenario facts make this ROPA highly inaccurate and unusable for this specific context."
112,DLZ2800,form,scenario_faithfulness,1,"The document completely ignores key scenario constraints, falsely claiming 10-year retention instead of 3 months, including health data which was explicitly excluded, and mentioning cloud providers despite the strict no-cloud rule."
113,DLZ2800,chat,completeness,5,"The document comprehensively covers all required elements under Article 30(1) GDPR, including controller and DPO details, purposes, data categories, recipients, retention periods, and TOMs."
113,DLZ2800,chat,hallucination_inverse,3,"The document invents a zip code, HR software, additional TOMs (like encryption and firewalls), and introduces statutory retention exceptions that contradict the scenario's strict 3-month deletion rule."
113,DLZ2800,chat,legal_correctness,5,"The legal bases (Art. 6(1)(b) and (f) GDPR) are correctly applied to the respective processing activities, and GDPR terminology is used accurately throughout."
113,DLZ2800,chat,overall,4,"This is a highly structured, legally sound, and useful ROPA document that fulfills GDPR requirements, though it includes a few realistic but unprompted additions."
113,DLZ2800,chat,scenario_faithfulness,4,"It accurately reflects the company details, processing purposes, and the internal hosting requirement, but slightly deviates by mentioning 'Office 365' and adding retention exceptions."
114,DLZ2800,ask,completeness,5,"The document comprehensively covers all elements required by Article 30(1) GDPR, including controller details, purposes, data categories, recipients, retention periods, and TOMs."
114,DLZ2800,ask,hallucination_inverse,2,"The document invents several elements not in the scenario, such as external tax advisors, authorities, IT service providers, cloud HR software (Personio), and statutory retention exceptions that directly violate the scenario's absolute 3-month deletion rule."
114,DLZ2800,ask,legal_correctness,4,"Legal terminology is used correctly, and the cited legal bases (Art. 6(1)(b) GDPR, § 26 BDSG) are appropriate for employment data, though Art. 6(1)(f) would have been more accurate for the parking authorisation."
114,DLZ2800,ask,overall,3,"The document is structurally excellent and legally sound as a general template, but its inclusion of cloud services and extended retention periods directly violates the specific constraints of the provided scenario."
114,DLZ2800,ask,scenario_faithfulness,3,"While it includes the correct company details and processing purposes, it contradicts the scenario by introducing 'Office 365' and 'Personio' (cloud services) despite the 'no external cloud' rule, and adds 10-year retention periods ignoring the strict 3-month deletion rule."
116,UTP0442,ask,completeness,5,"The document successfully covers all mandatory elements required by Article 30(1) GDPR, including controller and DPO details, purposes, data categories, recipients, retention periods, and TOMs."
116,UTP0442,ask,hallucination_inverse,1,"The text invents numerous details not present in the scenario, including Microsoft 365 cloud usage, health data, external recipients like tax advisors, and extensive multi-year retention schedules."
116,UTP0442,ask,legal_correctness,3,"While it correctly cites Art. 6(1)(b) and (c) GDPR alongside § 26 BDSG, it fails to provide an Art. 9 condition for the health data it included and misses Art. 6(1)(f) for parking management."
116,UTP0442,ask,overall,2,"Although structurally complete and well-formatted, the document's severe deviations from the provided facts—especially regarding retention, cloud usage, and health data—make it highly inaccurate for this specific scenario."
116,UTP0442,ask,scenario_faithfulness,1,"The document directly contradicts the scenario's explicit constraints by including external cloud services, health/sickness data, and lengthy retention periods instead of the specified 3-month limit."
117,UTP0442,chat,completeness,2,"The document includes controller details and some TOMs, but completely omits the primary processing purposes (employee management), fails to define a legal basis, and lacks retention periods."
117,UTP0442,chat,hallucination_inverse,2,"The document invents several TOMs not mentioned in the scenario (e.g., TLS, database encryption) and falsely claims that data is not deleted after employment ends."
117,UTP0442,chat,legal_correctness,1,"The document explicitly fails to identify a legal basis and illogically claims there are no internal recipients for the data, which makes the processing legally and practically impossible."
117,UTP0442,chat,overall,1,"A highly flawed document that misses the main processing activity, contradicts provided facts, and fails basic GDPR requirements like establishing a legal basis."
117,UTP0442,chat,scenario_faithfulness,1,"It completely ignores the employee management aspect (working hours, vacation) and directly contradicts the scenario by stating no retention period is defined, despite the scenario specifying a 3-month deletion rule."
118,LOT2142,ask,completeness,2,"The document includes most required Article 30 headings, but the content is extremely vague (e.g., 'Verwaltungsdaten') and lacks specific categories of recipients."
118,LOT2142,ask,hallucination_inverse,1,"The document is entirely hallucinated, inventing a new company (TechKG GmbH), wrong addresses, wrong retention periods (6 years instead of 3 months), and fictitious data sources."
118,LOT2142,ask,legal_correctness,1,"The document fails to cite any specific GDPR articles for the legal basis, incorrectly listing 'Buchhaltungsdaten' instead."
118,LOT2142,ask,overall,1,This document is completely useless for the given scenario as it describes a fictitious company with incorrect processing details and lacks proper legal terminology.
118,LOT2142,ask,scenario_faithfulness,1,"The document completely ignores the provided scenario, missing the parking authorization, specific IT setup, and using entirely wrong company details."
